5322140,Wonder White Bread Wholemeal Plus Iron | 700g,$4.40,https://www.coles.com.au/product/wonder-white-bread-wholemeal-plus-iron-700g-5322140
1967369,Cadbury Mini Rolls Chocolate 5pack | 115g,$6.00,https://www.coles.com.au/product/cadbury-mini-rolls-chocolate-5pack-115g-1967369
8956156,Tip Top The One White Sandwich Bread | 700g,$4.40,https://www.coles.com.au/product/tip-top-the-one-white-sandwich-bread-700g-8956156
2995982,Cadbury Milk Chocolate Cake Bars | 105g,$6.00,https://www.coles.com.au/product/cadbury-milk-chocolate-cake-bars-105g-2995982
2847726,Cadbury Raspberry Mini Rolls 5 pack | 130g,$6.00,https://www.coles.com.au/product/cadbury-raspberry-mini-rolls-5-pack-130g-2847726
2995993,Cadbury Caramel Cake Bars | 105g,$6.00,https://www.coles.com.au/product/cadbury-caramel-cake-bars-105g-2995993
3237196,Abbott's Bakery Country Grains Bread | 800g,$4.90,https://www.coles.com.au/product/abbott's-bakery-country-grains-bread-800g-3237196
7226023,Abbott's Bakery Light Rye Bread | 680g,$4.90,https://www.coles.com.au/product/abbott's-bakery-light-rye-bread-680g-7226023
1139480,Tip Top The One Wholemeal Sandwich Bread | 700g,$4.40,https://www.coles.com.au/product/tip-top-the-one-wholemeal-sandwich-bread-700g-1139480
9201680,Tip Top 9 Grain Original Bread | 700g,$4.40,https://www.coles.com.au/product/tip-top-9-grain-original-bread-700g-9201680
3237185,Abbott's Bakery Rustic White Bread | 700g,$4.90,https://www.coles.com.au/product/abbott's-bakery-rustic-white-bread-700g-3237185
3259687,Coles Bakery Flatbread White | 6 pack,$4.00,https://www.coles.com.au/product/coles-bakery-flatbread-white-6-pack-3259687
332383,Golden Round Crumpets | 6 pack,$2.20,https://www.coles.com.au/product/golden-round-crumpets-6-pack-332383
7716500,Western Star Traditional Spreadable Butter Blend | 500g,$6.50,https://www.coles.com.au/product/western-star-traditional-spreadable-butter-blend-500g-7716500
3259701,Coles Bakery Flatbread Wholemeal | 6 pack,$4.00,https://www.coles.com.au/product/coles-bakery-flatbread-wholemeal-6-pack-3259701
5795130,Wonder White Bread + Vitamins & Mineral | 700g,$4.40,https://www.coles.com.au/product/wonder-white-bread-+-vitamins-and-mineral-700g-5795130
6126351,Cheer Plant Based Sliced Cheese | 200g,$7.00,https://www.coles.com.au/product/cheer-plant-based-sliced-cheese-200g-6126351
7266287,Coles Bakery Croissants 3 Pack | 189g,$2.85,https://www.coles.com.au/product/coles-bakery-croissants-3-pack-189g-7266287
4901345,Coles White Bread | 650g,$2.40,https://www.coles.com.au/product/coles-white-bread-650g-4901345
8956189,Tip Top The One White Toast Bread | 700g,$4.40,https://www.coles.com.au/product/tip-top-the-one-white-toast-bread-700g-8956189
332394,Tip Top Original English Muffins 6 Pack | 400g,$6.00,https://www.coles.com.au/product/tip-top-original-english-muffins-6-pack-400g-332394
4344715,Coles Bakery Super Soft Round Rolls | 6 pack,$2.50,https://www.coles.com.au/product/coles-bakery-super-soft-round-rolls-6-pack-4344715
4938276,Coles High Fibre Wholemeal Bread | 700g,$3.50,https://www.coles.com.au/product/coles-high-fibre-wholemeal-bread-700g-4938276
3378290,Coles Soft Wholemeal Sandwich Loaf | 650g,$2.70,https://www.coles.com.au/product/coles-soft-wholemeal-sandwich-loaf-650g-3378290
5626122,Coles Bakery Pancakes | 5 pack,$4.00,https://www.coles.com.au/product/coles-bakery-pancakes-5-pack-5626122
7266367,Coles Bakery Croissants 4 Pack | 168g,$2.85,https://www.coles.com.au/product/coles-bakery-croissants-4-pack-168g-7266367
5625017,Coles Turkish Rolls 4 pack | 400g,$2.80,https://www.coles.com.au/product/coles-turkish-rolls-4-pack-400g-5625017
5969435,Helga's Traditional Wholemeal Bread | 750g,$4.90,https://www.coles.com.au/product/helga's-traditional-wholemeal-bread-750g-5969435
3378289,Coles Soft White Toast Loaf | 650g,$2.70,https://www.coles.com.au/product/coles-soft-white-toast-loaf-650g-3378289
8162312,Coles Bakery Stone Baked By Laurent Pane Di Casa | 1 each,$5.00,https://www.coles.com.au/product/coles-bakery-stone-baked-by-laurent-pane-di-casa-1-each-8162312
8104972,Coles Bakery Super Soft White Toast Loaf | 680g,$2.70,https://www.coles.com.au/product/coles-bakery-super-soft-white-toast-loaf-680g-8104972
5827361,Wonder White Bread + Vitamins Toast | 700g,$4.40,https://www.coles.com.au/product/wonder-white-bread-+-vitamins-toast-700g-5827361
2360380,Coles Bakery Vegemite Scroll | 1 each,$2.50,https://www.coles.com.au/product/coles-bakery-vegemite-scroll-1-each-2360380
8145583,Coles Bakery Super Soft White Sandwich Loaf | 680g,$2.70,https://www.coles.com.au/product/coles-bakery-super-soft-white-sandwich-loaf-680g-8145583
5703766,Tip Top Cafe Bread Raisin Toast | 650g,$5.00,https://www.coles.com.au/product/tip-top-cafe-bread-raisin-toast-650g-5703766
4770633,Coles Iced Donuts  | 6 pack,$3.80,https://www.coles.com.au/product/coles-iced-donuts-6-pack-4770633
7885766,Coles Bakery Rustic Rolls  | 4 pack,$3.75,https://www.coles.com.au/product/coles-bakery-rustic-rolls-4-pack-7885766
6034275,Golden Crumpet Square 6 pack | 425g,$3.50,https://www.coles.com.au/product/golden-crumpet-square-6-pack-425g-6034275
7024470,Tip Top Raisin Toast Bread | 520g,$4.50,https://www.coles.com.au/product/tip-top-raisin-toast-bread-520g-7024470
3572292,Coles Brioche Hamburger Buns 4 Pack | 200g,$3.80,https://www.coles.com.au/product/coles-brioche-hamburger-buns-4-pack-200g-3572292
4344704,Coles Bakery Super Soft Hamburger Rolls | 6 pack,$2.50,https://www.coles.com.au/product/coles-bakery-super-soft-hamburger-rolls-6-pack-4344704
292223,Golden Wholemeal Crumpets 6 Pack | 300g,$2.20,https://www.coles.com.au/product/golden-wholemeal-crumpets-6-pack-300g-292223
6711227,Helga's Mixed Grain Bread | 850g,$4.90,https://www.coles.com.au/product/helga's-mixed-grain-bread-850g-6711227
2409310,Coles Mini Chocolate Chip Muffins | 9 Pack,$4.70,https://www.coles.com.au/product/coles-mini-chocolate-chip-muffins-9-pack-2409310
6242840,Coles Bakery French Stick | 1 each,$1.90,https://www.coles.com.au/product/coles-bakery-french-stick-1-each-6242840
9933713,Coles Pain Au Chocolate | 220g,$4.00,https://www.coles.com.au/product/coles-pain-au-chocolate-220g-9933713
2360890,Coles Raisin Toast | 560g,$3.00,https://www.coles.com.au/product/coles-raisin-toast-560g-2360890
8105090,Wholemeal Toast Loaf | 680g,$2.70,https://www.coles.com.au/product/wholemeal-toast-loaf-680g-8105090
5072836,Helga's Light Rye Bread | 680g,$4.90,https://www.coles.com.au/product/helga's-light-rye-bread-680g-5072836
1609325,Coles Bakery Sesame French Stick | 1 each,$1.90,https://www.coles.com.au/product/coles-bakery-sesame-french-stick-1-each-1609325
8162200,Coles Bakery Stone Baked White Sourdough Vienna | 1 each,$5.00,https://www.coles.com.au/product/coles-bakery-stone-baked-white-sourdough-vienna-1-each-8162200
6242512,Coles Bakery Vietnamese Rolls | 6 pack,$2.50,https://www.coles.com.au/product/coles-bakery-vietnamese-rolls-6-pack-6242512
8836824,Coles Cinnamon Donuts | 12 pack,$3.50,https://www.coles.com.au/product/coles-cinnamon-donuts-12-pack-8836824
6241655,Coles Bakery Tiger Rolls | 6 pack,$2.50,https://www.coles.com.au/product/coles-bakery-tiger-rolls-6-pack-6241655
4723134,Coles English Muffins 6 Pack | 400g,$2.90,https://www.coles.com.au/product/coles-english-muffins-6-pack-400g-4723134
9880311,M&M's Cookies 8 pack | 200g,$3.50,https://www.coles.com.au/product/mandm's-cookies-8-pack-200g-9880311
2409300,Coles Blueberry Mini Muffins | 9 pack,$4.70,https://www.coles.com.au/product/coles-blueberry-mini-muffins-9-pack-2409300
8145620,Wholemeal Sandwich Loaf | 680g,$2.70,https://www.coles.com.au/product/wholemeal-sandwich-loaf-680g-8145620
3731705,Coles Soft White Wraps 8 pack | 360g,$2.50,https://www.coles.com.au/product/coles-soft-white-wraps-8-pack-360g-3731705
4938312,Coles High Fibre Multigrain Bread | 700g,$3.50,https://www.coles.com.au/product/coles-high-fibre-multigrain-bread-700g-4938312
2724920,Coles Bakery Hawaiian Pizza Roll | 2 pack,$3.40,https://www.coles.com.au/product/coles-bakery-hawaiian-pizza-roll-2-pack-2724920
5126797,Coles Bakery Super Soft Hot Dog Rolls | 6 pack,$2.50,https://www.coles.com.au/product/coles-bakery-super-soft-hot-dog-rolls-6-pack-5126797
2592079,Coles Bakery Ultimate Chocolate Chip Cookie | 6 pack,$3.50,https://www.coles.com.au/product/coles-bakery-ultimate-chocolate-chip-cookie-6-pack-2592079
8119754,Coles Bakery High Fibre Low Gi 7 Seeds & Grains Toast Bread Loaf | 800g,$3.70,https://www.coles.com.au/product/coles-bakery-high-fibre-low-gi-7-seeds-and-grains-toast-bread-loaf-800g-8119754
8921210,Coles Bakery Chocolate Chip Cookies | 12 pack,$3.50,https://www.coles.com.au/product/coles-bakery-chocolate-chip-cookies-12-pack-8921210
4770699,Coles Bakery Cinnamon Donuts | 6 pack,$2.60,https://www.coles.com.au/product/coles-bakery-cinnamon-donuts-6-pack-4770699
4799340,Coles Pikelets 8 pack | 200g,$2.20,https://www.coles.com.au/product/coles-pikelets-8-pack-200g-4799340
3678657,Coles Bakery Stone Baked By Laurent Mini Olive Pane Di C ... 1 each,$2.50,https://www.coles.com.au/product/coles-bakery-stone-baked-by-laurent-mini-olive-pane-di-casa-1-each-3678657
3301681,Coles Bakery Super Soft Jumbo Round Rolls | 6 pack,$3.00,https://www.coles.com.au/product/coles-bakery-super-soft-jumbo-round-rolls-6-pack-3301681
4938243,Coles High Fibre White Sandwich Bread | 700g,$3.50,https://www.coles.com.au/product/coles-high-fibre-white-sandwich-bread-700g-4938243
2390744,Coles Bakery High Fibre Low Gi White Toast Loaf | 680g,$3.70,https://www.coles.com.au/product/coles-bakery-high-fibre-low-gi-white-toast-loaf-680g-2390744
9155538,Coles Bakery Anzac Biscuits | 12 pack,$3.50,https://www.coles.com.au/product/coles-bakery-anzac-biscuits-12-pack-9155538
2792704,Coles Bakery Hawaiian Tear & Share | 1 each,$4.50,https://www.coles.com.au/product/coles-bakery-hawaiian-tear-and-share-1-each-2792704
4723270,Coles Crumpet Rounds 6 Pack | 300g,$2.00,https://www.coles.com.au/product/coles-crumpet-rounds-6-pack-300g-4723270
6743245,Coles Cheese & Bacon Rolls | 4 pack,$4.50,https://www.coles.com.au/product/coles-cheese-and-bacon-rolls-4-pack-6743245
6201050,MEB Pita Khobz White 5 pack | 500g,$3.80,https://www.coles.com.au/product/meb-pita-khobz-white-5-pack-500g-6201050
3731716,Coles Wholemeal & Grain Soft Wraps 8 Pack | 360g,$2.50,https://www.coles.com.au/product/coles-wholemeal-and-grain-soft-wraps-8-pack-360g-3731716
8858940,Coles Bakery High Fibre Low Gi 7 Seeds & Grains Sandwich Bread ... 800g,$3.70,https://www.coles.com.au/product/coles-bakery-high-fibre-low-gi-7-seeds-and-grains-sandwich-bread-loaf-800g-8858940
3755452,Coles Chocolate Chip Brioche Rolls 8 Pack | 280g,$4.80,https://www.coles.com.au/product/coles-chocolate-chip-brioche-rolls-8-pack-280g-3755452
6240721,Coles Bakery Crusty Round Rolls | 6 pack,$2.50,https://www.coles.com.au/product/coles-bakery-crusty-round-rolls-6-pack-6240721
7171464,Coles Cinnamon Swirl | 2 pack,$3.40,https://www.coles.com.au/product/coles-cinnamon-swirl-2-pack-7171464
3467323,Coles Finest By Laurent White Sourdough Rolls | 3 pack,$4.00,https://www.coles.com.au/product/coles-finest-by-laurent-white-sourdough-rolls-3-pack-3467323
2563489,Coles Bakery Super Soft Sesame Hamburger Rolls | 6 pack,$2.50,https://www.coles.com.au/product/coles-bakery-super-soft-sesame-hamburger-rolls-6-pack-2563489
2563740,Coles Bakery Super Soft Sesame Hot Dog Rolls | 6 pack,$2.50,https://www.coles.com.au/product/coles-bakery-super-soft-sesame-hot-dog-rolls-6-pack-2563740
3755463,Coles Brioche Rolls 8 Pack | 280g,$4.80,https://www.coles.com.au/product/coles-brioche-rolls-8-pack-280g-3755463
5969945,Helga's Traditional White Bread | 750g,$4.90,https://www.coles.com.au/product/helga's-traditional-white-bread-750g-5969945
7502073,Coles Bakery Damper Inspired Rolls | 6 pack,$2.50,https://www.coles.com.au/product/coles-bakery-damper-inspired-rolls-6-pack-7502073
7889392,Coles Mini Jam Donuts  | 6 pack,$3.60,https://www.coles.com.au/product/coles-mini-jam-donuts-6-pack-7889392
3018024,Coles Finest By Laurent White Sourdough Vienna | 1 pack,$6.50,https://www.coles.com.au/product/coles-finest-by-laurent-white-sourdough-vienna-1-pack-3018024
5549145,Coles Bakery Wholemeal Rolls | 6 pack,$2.50,https://www.coles.com.au/product/coles-bakery-wholemeal-rolls-6-pack-5549145
7172172,Coles Bakery Apple Crown Danish | 2 pack,$3.40,https://www.coles.com.au/product/coles-bakery-apple-crown-danish-2-pack-7172172
2390697,Coles Bakery High Fibre Low Gi White Sandwich Loaf | 680g,$3.70,https://www.coles.com.au/product/coles-bakery-high-fibre-low-gi-white-sandwich-loaf-680g-2390697
7299810,Coles Bakery Rustic Baguette | 1 each,$2.50,https://www.coles.com.au/product/coles-bakery-rustic-baguette-1-each-7299810
6238038,Coles Bakery White Vienna | 1 each,$3.00,https://www.coles.com.au/product/coles-bakery-white-vienna-1-each-6238038
3378314,Coles Soft Multigrain Sandwich Loaf | 650g,$2.70,https://www.coles.com.au/product/coles-soft-multigrain-sandwich-loaf-650g-3378314
3624283,Coles Bakery BBQ Cheese And Bacon Pizza Roll | 2 pack,$3.40,https://www.coles.com.au/product/coles-bakery-bbq-cheese-and-bacon-pizza-roll-2-pack-3624283
3735750,Coles Bakery Mixed Biscuit Tray | 24 pack,$6.00,https://www.coles.com.au/product/coles-bakery-mixed-biscuit-tray-24-pack-3735750
8105782,Coles Bakery Multigrain Toast Loaf | 680g,$2.70,https://www.coles.com.au/product/coles-bakery-multigrain-toast-loaf-680g-8105782
3624308,Coles Bakery BBQ Cheese And Bacon Tear & Share | 1 each,$4.50,https://www.coles.com.au/product/coles-bakery-bbq-cheese-and-bacon-tear-and-share-1-each-3624308
6955662,Mission Original Wraps 8 pack | 567g,$4.50,https://www.coles.com.au/product/mission-original-wraps-8-pack-567g-6955662
3757120,Coles Brioche Hot Dog Roll 6 Pack | 270g,$3.80,https://www.coles.com.au/product/coles-brioche-hot-dog-roll-6-pack-270g-3757120
3575654,Coles Bakery Apple Crumble Log | 1 each,$3.50,https://www.coles.com.au/product/coles-bakery-apple-crumble-log-1-each-3575654
7801201,Coles Bakery Fresh Cream Chocolate Eclairs | 2 pack,$4.50,https://www.coles.com.au/product/coles-bakery-fresh-cream-chocolate-eclairs-2-pack-7801201
2108981,Coles New York Style Baked Cheesecake Slice 2 Pack | 220g,$5.50,https://www.coles.com.au/product/coles-new-york-style-baked-cheesecake-slice-2-pack-220g-2108981
3301706,Coles Bakery Super Soft Hot Dog Jumbo Rolls | 6 pack,$3.00,https://www.coles.com.au/product/coles-bakery-super-soft-hot-dog-jumbo-rolls-6-pack-3301706
4461810,Helga's White Wraps 8 pack | 508g,$5.00,https://www.coles.com.au/product/helga's-white-wraps-8-pack-508g-4461810
3301692,Coles Bakery White Crusty Jumbo Rolls | 6 pack,$3.00,https://www.coles.com.au/product/coles-bakery-white-crusty-jumbo-rolls-6-pack-3301692
3575687,Coles Bakery Custard Pull Apart | 1 each,$3.50,https://www.coles.com.au/product/coles-bakery-custard-pull-apart-1-each-3575687
9933564,Coles Mini Croissants | 160g,$4.00,https://www.coles.com.au/product/coles-mini-croissants-160g-9933564
3617142,Coles Bakery Apricot Crown | 2 pack,$3.40,https://www.coles.com.au/product/coles-bakery-apricot-crown-2-pack-3617142
3575508,Coles Bakery Boston Bun | 1 each,$2.50,https://www.coles.com.au/product/coles-bakery-boston-bun-1-each-3575508
4461785,Helga's Mixed Grain Wraps 8 pack | 508g,$5.00,https://www.coles.com.au/product/helga's-mixed-grain-wraps-8-pack-508g-4461785
4754433,Coles Bakery Spinach And Herb Flatbread | 5 pack,$4.00,https://www.coles.com.au/product/coles-bakery-spinach-and-herb-flatbread-5-pack-4754433
8104382,Coles High Fibre White Toast Bread | 700g,$3.50,https://www.coles.com.au/product/coles-high-fibre-white-toast-bread-700g-8104382
3384893,Coles Bakery Stone Baked Mini White Pane Di Casa | 1 each,$2.50,https://www.coles.com.au/product/coles-bakery-stone-baked-mini-white-pane-di-casa-1-each-3384893
1734768,Coles Vanilla Slice 2 Pack | 270g,$5.50,https://www.coles.com.au/product/coles-vanilla-slice-2-pack-270g-1734768
6009530,Helga's Pumpkin Five Seed Bread | 720g,$4.90,https://www.coles.com.au/product/helga's-pumpkin-five-seed-bread-720g-6009530
2409285,Coles Chocolate Chip Muffins | 4 pack,$4.70,https://www.coles.com.au/product/coles-chocolate-chip-muffins-4-pack-2409285
3476925,La Fournee Doree Sliced Brioche Loaf Plain | 500g,$8.90,https://www.coles.com.au/product/la-fournee-doree-sliced-brioche-loaf-plain-500g-3476925
3678668,Coles Bakery Stone Baked By Laurent Mini White Sourdough Vienna ... 1 each,$2.50,https://www.coles.com.au/product/coles-bakery-stone-baked-by-laurent-mini-white-sourdough-vienna-1-each-3678668
6514135,Coles Bakery Multigrain Rolls | 6 pack,$2.50,https://www.coles.com.au/product/coles-bakery-multigrain-rolls-6-pack-6514135
3509252,Coles Finest By Laurent Toasted Sesame Pane Di Casa Roll | 3 pack,$4.00,https://www.coles.com.au/product/coles-finest-by-laurent-toasted-sesame-pane-di-casa-roll-3-pack-3509252
2067341,Coles Croissants 12 Pack | 900g,$11.00,https://www.coles.com.au/product/coles-croissants-12-pack-900g-2067341
4147860,Bakery Du Jour Vegan Croissant 3 Pack | 168g,$2.25,https://www.coles.com.au/product/bakery-du-jour-vegan-croissant-3-pack-168g-4147860
4226606,Coles Double Chocolate Mini Muffins | 9 pack,$4.70,https://www.coles.com.au/product/coles-double-chocolate-mini-muffins-9-pack-4226606
7877087,Coles Bakery Apple Fresh Cream Turnover | 1 each,$5.00,https://www.coles.com.au/product/coles-bakery-apple-fresh-cream-turnover-1-each-7877087
3575621,Coles Bakery Cinnamon Bun | 1 each,$2.50,https://www.coles.com.au/product/coles-bakery-cinnamon-bun-1-each-3575621
1597180,Coles White Dinner Rolls | 6 pack,$2.60,https://www.coles.com.au/product/coles-white-dinner-rolls-6-pack-1597180
54000,Golden Pikelets | 8 pack,$3.20,https://www.coles.com.au/product/golden-pikelets-8-pack-54000
2151324,Coles Margherita Pizza Rolls | 2 pack,$3.40,https://www.coles.com.au/product/coles-margherita-pizza-rolls-2-pack-2151324
7278865,Coles Maple Pecan Plait | 2 pack,$3.40,https://www.coles.com.au/product/coles-maple-pecan-plait-2-pack-7278865
8914972,Coles White Chocolate & Macadamia Cookies | 6 pack,$3.50,https://www.coles.com.au/product/coles-white-chocolate-and-macadamia-cookies-6-pack-8914972
4461821,Helga's Wholemeal Wraps 8 pack | 508g,$5.00,https://www.coles.com.au/product/helga's-wholemeal-wraps-8-pack-508g-4461821
6201060,MEB Pita Khobz Wholemeal 5 pack | 500g,$3.80,https://www.coles.com.au/product/meb-pita-khobz-wholemeal-5-pack-500g-6201060
7953924,Tip Top Sunblest White Bread | 650g,$4.00,https://www.coles.com.au/product/tip-top-sunblest-white-bread-650g-7953924
7802260,Coles Bakery Fresh Cream Long John Donuts | 2 pack,$5.50,https://www.coles.com.au/product/coles-bakery-fresh-cream-long-john-donuts-2-pack-7802260
8145685,Coles Bakery Multigrain Sandwich Loaf  | 680g,$2.70,https://www.coles.com.au/product/coles-bakery-multigrain-sandwich-loaf-680g-8145685
4770531,Coles Iced Extra Chocolate Donuts | 6 pack,$3.80,https://www.coles.com.au/product/coles-iced-extra-chocolate-donuts-6-pack-4770531
3362960,Coles Bagels Plain 4 pack | 360g,$2.50,https://www.coles.com.au/product/coles-bagels-plain-4-pack-360g-3362960
7545928,Coles Bakery Lamington Fingers 18 pack | 350g,$3.40,https://www.coles.com.au/product/coles-bakery-lamington-fingers-18-pack-350g-7545928
5541530,Coles Bakery Snow Drops 8 Pack | 200g,$3.50,https://www.coles.com.au/product/coles-bakery-snow-drops-8-pack-200g-5541530
3865541,Coles Stone Baked By Laurent Turkish Rolls | 3 pack,$3.75,https://www.coles.com.au/product/coles-stone-baked-by-laurent-turkish-rolls-3-pack-3865541
3963551,Coles Bakery Light Sourdough Hamburger Rolls | 4 pack,$3.75,https://www.coles.com.au/product/coles-bakery-light-sourdough-hamburger-rolls-4-pack-3963551
3734940,Coles Brioche Loaf Sliced | 500g,$4.95,https://www.coles.com.au/product/coles-brioche-loaf-sliced-500g-3734940
5750391,Coles Bakery Mini Apple Crown | 5 pack,$3.15,https://www.coles.com.au/product/coles-bakery-mini-apple-crown-5-pack-5750391
3575643,Coles Bakery Apple Crumble Scroll | 2 pack,$3.50,https://www.coles.com.au/product/coles-bakery-apple-crumble-scroll-2-pack-3575643
7953957,Tip Top Sunblest Soft White Toast Bread | 650g,$4.00,https://www.coles.com.au/product/tip-top-sunblest-soft-white-toast-bread-650g-7953957
2409274,Coles Blueberry Muffins | 4 pack,$4.70,https://www.coles.com.au/product/coles-blueberry-muffins-4-pack-2409274
3639724,Coles Bakery Custard Tarts 6 Pack | 360g,$5.75,https://www.coles.com.au/product/coles-bakery-custard-tarts-6-pack-360g-3639724
1898903,Coles Bakery Jam Lamingtons 6 Pack | 350g,$3.40,https://www.coles.com.au/product/coles-bakery-jam-lamingtons-6-pack-350g-1898903
2762237,Mr Kipling Angel Slice 6 pack | 165g,$3.00,https://www.coles.com.au/product/mr-kipling-angel-slice-6-pack-165g-2762237
4150672,Mr Kipling Chocolate Slices 6 Pack | 155g,$3.00,https://www.coles.com.au/product/mr-kipling-chocolate-slices-6-pack-155g-4150672
3580155,Abbott's Bakery Dark Rye | 700g,$4.90,https://www.coles.com.au/product/abbott's-bakery-dark-rye-700g-3580155
2563762,Coles Bakery Vanilla Creme Crown | 2 pack,$3.40,https://www.coles.com.au/product/coles-bakery-vanilla-creme-crown-2-pack-2563762
1734666,Coles Bakery Stone Baked Pane Di Casa Rolls | 4 pack,$3.75,https://www.coles.com.au/product/coles-bakery-stone-baked-pane-di-casa-rolls-4-pack-1734666
3362970,Coles BAGEL SESAME 4 PACK | 360g,$2.50,https://www.coles.com.au/product/coles-bagel-sesame-4-pack-360g-3362970
1647164,Mr Kipling Lemon Slices 6 Pack | 165g,$3.00,https://www.coles.com.au/product/mr-kipling-lemon-slices-6-pack-165g-1647164
1334410,Coles Light Rye Sourdough Rolls | 4 pack,$3.75,https://www.coles.com.au/product/coles-light-rye-sourdough-rolls-4-pack-1334410
3883758,Coles Chocolate Chip Muffin Bars | 420g,$5.25,https://www.coles.com.au/product/coles-chocolate-chip-muffin-bars-420g-3883758
3627328,Coles Soft White Sandwich | 650g,$2.70,https://www.coles.com.au/product/coles-soft-white-sandwich-650g-3627328
3912460,Coles Bakery Margherita Tear And Share | 1 each,$4.50,https://www.coles.com.au/product/coles-bakery-margherita-tear-and-share-1-each-3912460
9795915,Tip Top Spicy Fruit English Muffins | 6 pack,$6.00,https://www.coles.com.au/product/tip-top-spicy-fruit-english-muffins-6-pack-9795915
3375826,Laurent Patisserie Lemon Meringue | 2 pack,$8.00,https://www.coles.com.au/product/laurent-patisserie-lemon-meringue-2-pack-3375826
5057311,Coles Bakery Madeira Cake | 450g,$3.30,https://www.coles.com.au/product/coles-bakery-madeira-cake-450g-5057311
2715816,Coles Cafe Style Raisin Toast | 650g,$3.70,https://www.coles.com.au/product/coles-cafe-style-raisin-toast-650g-2715816
3575665,Coles Bakery Custard Scroll | 2 pack,$3.50,https://www.coles.com.au/product/coles-bakery-custard-scroll-2-pack-3575665
2728964,Coles Banana Muffins | 9 Pack,$4.70,https://www.coles.com.au/product/coles-banana-muffins-9-pack-2728964
3597920,Coles Bakery Stone Baked By Laurent Mini Pumpkin & Soy ... 1 each,$2.50,https://www.coles.com.au/product/coles-bakery-stone-baked-by-laurent-mini-pumpkin-and-soybean-pane-di-casa-1-each-3597920
2917060,Tip Top Thins Wholemeal Sandwich | 240g,$3.00,https://www.coles.com.au/product/tip-top-thins-wholemeal-sandwich-240g-2917060
1638152,Coles  Roasted Pumpkin Seed & Purple Wheat Panini | 3 pack,$3.75,https://www.coles.com.au/product/coles-roasted-pumpkin-seed-and-purple-wheat-panini-3-pack-1638152
8162276,Coles Bakery Stone Baked Light Rye Sourdough Vie ... 1 each,$5.00,https://www.coles.com.au/product/coles-bakery-stone-baked-light-rye-sourdough-vienna-1-each-8162276
5625006,Coles Turkish Pide | 400g,$2.80,https://www.coles.com.au/product/coles-turkish-pide-400g-5625006
6051649,Golden Pancakes 6 Pack | 360g,$4.50,https://www.coles.com.au/product/golden-pancakes-6-pack-360g-6051649
6332499,Coles Bakery Vanilla Crown Mini Danish | 5 pack,$3.15,https://www.coles.com.au/product/coles-bakery-vanilla-crown-mini-danish-5-pack-6332499
8914983,Coles Oat & Raisin Cookies | 6 pack,$3.50,https://www.coles.com.au/product/coles-oat-and-raisin-cookies-6-pack-8914983
7863480,Mission Wholegrain Wraps 8 pack | 567g,$4.50,https://www.coles.com.au/product/mission-wholegrain-wraps-8-pack-567g-7863480
7534885,Abbott's Bakery Harvest Seeds And Grain Bread | 750g,$4.90,https://www.coles.com.au/product/abbott's-bakery-harvest-seeds-and-grain-bread-750g-7534885
2363300,Coles Belgian Cheesecake Slice 2 pack | 220g,$5.50,https://www.coles.com.au/product/coles-belgian-cheesecake-slice-2-pack-220g-2363300
2915724,Coles Banana Bread Slices 5 Pack | 500g,$6.50,https://www.coles.com.au/product/coles-banana-bread-slices-5-pack-500g-2915724
2872643,Coles Bakery Stone Baked Multigrain Sourdough Vie ... 1 each,$5.00,https://www.coles.com.au/product/coles-bakery-stone-baked-multigrain-sourdough-vienna-1-each-2872643
4161635,Coles Lemon & Raspberry Tarts 6 Pack | 270g,$3.75,https://www.coles.com.au/product/coles-lemon-and-raspberry-tarts-6-pack-270g-4161635
1987162,Coles Bakery Super Soft Round Rolls | 12 pack,$4.75,https://www.coles.com.au/product/coles-bakery-super-soft-round-rolls-12-pack-1987162
7120758,Toscano Classic Pizza Bases 2 pack | 300g,$6.50,https://www.coles.com.au/product/toscano-classic-pizza-bases-2-pack-300g-7120758
6202992,MEB Pita Pockets White 6 pack | 250g,$2.70,https://www.coles.com.au/product/meb-pita-pockets-white-6-pack-250g-6202992
3597930,Coles Bakery Stone Baked By Laurent Sourdough Baguette | 1 ... 1 each,$4.00,https://www.coles.com.au/product/coles-bakery-stone-baked-by-laurent-sourdough-baguette-1-each-3597930
7523211,Coles Bakery Mud Cake | 600g,$6.40,https://www.coles.com.au/product/coles-bakery-mud-cake-600g-7523211
5523582,Coles Bakery Traditional Sponge Cream Filled Iced | 450g,$6.75,https://www.coles.com.au/product/coles-bakery-traditional-sponge-cream-filled-iced-450g-5523582
3747385,Coles Bakery Stone Baked By Laurent Turkish Loaf | 1 each,$4.00,https://www.coles.com.au/product/coles-bakery-stone-baked-by-laurent-turkish-loaf-1-each-3747385
2941214,Coles Bakery High Fibre Low Gi White Toast Loaf | 330g,$2.50,https://www.coles.com.au/product/coles-bakery-high-fibre-low-gi-white-toast-loaf-330g-2941214
9155516,Coles Bakery Double Chocolate Cookies | 12 pack,$3.50,https://www.coles.com.au/product/coles-bakery-double-chocolate-cookies-12-pack-9155516
6203860,MEB Pita Souvlaki | 450g,$3.60,https://www.coles.com.au/product/meb-pita-souvlaki-450g-6203860
2678797,Coles Bakery Iced Ring Donut Mixed | 2 pack,$3.75,https://www.coles.com.au/product/coles-bakery-iced-ring-donut-mixed-2-pack-2678797
4461923,Helga's Spinach & Garden Herb Wraps 7 pack | 445g,$5.00,https://www.coles.com.au/product/helga's-spinach-and-garden-herb-wraps-7-pack-445g-4461923
3558247,Helga's Sourdough Bread | 650g,$4.90,https://www.coles.com.au/product/helga's-sourdough-bread-650g-3558247
6518362,Coles Bakery Tiger Baguette Twin Pack | 2 pack,$1.90,https://www.coles.com.au/product/coles-bakery-tiger-baguette-twin-pack-2-pack-6518362
6010561,Tip Top 9 Grain Wholemeal Bread | 750g,$4.40,https://www.coles.com.au/product/tip-top-9-grain-wholemeal-bread-750g-6010561
2591940,Coles Bakery Coconut Drops | 12 pack,$4.50,https://www.coles.com.au/product/coles-bakery-coconut-drops-12-pack-2591940
2901978,Abe's Bagels Natural Bagels 4 Pack | 360g,$4.50,https://www.coles.com.au/product/abe's-bagels-natural-bagels-4-pack-360g-2901978
3110650,Coles Bakery Mini Hawaiian Pizza Rolls | 6 pack,$4.50,https://www.coles.com.au/product/coles-bakery-mini-hawaiian-pizza-rolls-6-pack-3110650
3639837,Coles Bakery Custard Tarts 2 Pack | 260g,$5.75,https://www.coles.com.au/product/coles-bakery-custard-tarts-2-pack-260g-3639837
3900427,Coles Mini Parmesan & Onion Pane Di Casa | 1 each,$2.50,https://www.coles.com.au/product/coles-mini-parmesan-and-onion-pane-di-casa-1-each-3900427
332011,Atlantic Special Rye Bread | 900g,$7.30,https://www.coles.com.au/product/atlantic-special-rye-bread-900g-332011
4317483,Coles White Large Jumbo Wraps 8 Pack | 560g,$4.00,https://www.coles.com.au/product/coles-white-large-jumbo-wraps-8-pack-560g-4317483
8162072,Coles Bakery High Fibre Low Gi 7 Seeds & Grain Toast Loaf | 400g,$2.50,https://www.coles.com.au/product/coles-bakery-high-fibre-low-gi-7-seeds-and-grain-toast-loaf-400g-8162072
9895760,Coles Bakery By Laurent Ciabatta Loaf | 1 each,$4.00,https://www.coles.com.au/product/coles-bakery-by-laurent-ciabatta-loaf-1-each-9895760
5592075,Coles Bakery Cake Madeira Lemon | 315g,$3.30,https://www.coles.com.au/product/coles-bakery-cake-madeira-lemon-315g-5592075
2864190,Coles Bakery High Fibre Low GI 7 Seeds & Grain Rolls | 4 pack,$3.50,https://www.coles.com.au/product/coles-bakery-high-fibre-low-gi-7-seeds-and-grain-rolls-4-pack-2864190
3002170,Coles Bakery Mini Cheese And Bacon Rolls | 6 pack,$4.50,https://www.coles.com.au/product/coles-bakery-mini-cheese-and-bacon-rolls-6-pack-3002170
4147689,Coles Tiramisu | 500g,$10.60,https://www.coles.com.au/product/coles-tiramisu-500g-4147689
2796396,Coles Bakery Portuguese Tart | 2 pack,$3.50,https://www.coles.com.au/product/coles-bakery-portuguese-tart-2-pack-2796396
3018057,Coles Finest By Laurent Rye Sourdough Vienna | 1 each,$6.50,https://www.coles.com.au/product/coles-finest-by-laurent-rye-sourdough-vienna-1-each-3018057
3384930,Coles Finest By Laurent Wholemeal Sourdough Vienna | 1 each,$6.50,https://www.coles.com.au/product/coles-finest-by-laurent-wholemeal-sourdough-vienna-1-each-3384930
7057276,Tip Top White Hamburger Rolls | 6 pack,$4.50,https://www.coles.com.au/product/tip-top-white-hamburger-rolls-6-pack-7057276
3883747,Coles Banana Muffin Bars | 420g,$5.25,https://www.coles.com.au/product/coles-banana-muffin-bars-420g-3883747
3190092,Golden Light & Buttery Waffles 8 pack | 220g,$7.00,https://www.coles.com.au/product/golden-light-and-buttery-waffles-8-pack-220g-3190092
6203011,MEB Pita Pockets Wholemeal 6 pack | 250g,$2.70,https://www.coles.com.au/product/meb-pita-pockets-wholemeal-6-pack-250g-6203011
3610744,Coles Bakery White Finger Buns | 4 pack,$3.00,https://www.coles.com.au/product/coles-bakery-white-finger-buns-4-pack-3610744
3641974,Coles Bakery BBQ Cheese And Bacon Mini Pizza Rolls | 6 pack,$4.50,https://www.coles.com.au/product/coles-bakery-bbq-cheese-and-bacon-mini-pizza-rolls-6-pack-3641974
5792926,Laurent Almond Croissant | 1 each,$4.50,https://www.coles.com.au/product/laurent-almond-croissant-1-each-5792926
2409296,Coles Double Chocolate Muffins | 4 Pack,$4.70,https://www.coles.com.au/product/coles-double-chocolate-muffins-4-pack-2409296
3466047,Coles Macarons Selection 10 pack | 110g,$10.50,https://www.coles.com.au/product/coles-macarons-selection-10-pack-110g-3466047
2901989,Abe's Bagels Sesame Seed Bagels 4 Pack | 360g,$4.50,https://www.coles.com.au/product/abe's-bagels-sesame-seed-bagels-4-pack-360g-2901989
6955673,Mission Roasted Garlic Wraps 8 pack | 567g,$4.50,https://www.coles.com.au/product/mission-roasted-garlic-wraps-8-pack-567g-6955673
9600131,Coles Bakery Butter Shortbread | 12 pack,$4.50,https://www.coles.com.au/product/coles-bakery-butter-shortbread-12-pack-9600131
3498859,Coles Bakery Stone Baked By Laurent Soybean & Lins ... 1 each,$5.00,https://www.coles.com.au/product/coles-bakery-stone-baked-by-laurent-soybean-and-linseed-sourdough-vienna-1-each-3498859
6334938,Coles Cream And Jam Filled Donuts | 6 pack,$5.00,https://www.coles.com.au/product/coles-cream-and-jam-filled-donuts-6-pack-6334938
7863592,Mission Original  Mini Wraps 8 pack | 384g,$5.50,https://www.coles.com.au/product/mission-original-mini-wraps-8-pack-384g-7863592
1777410,Mr Kipling Cherry & Almond Bakewells Tarts 6 pack | 250g,$6.50,https://www.coles.com.au/product/mr-kipling-cherry-and-almond-bakewells-tarts-6-pack-250g-1777410
2759913,Coles Bakery Ultimate White Chocolate Chip Cookie | 6 pack,$3.50,https://www.coles.com.au/product/coles-bakery-ultimate-white-chocolate-chip-cookie-6-pack-2759913
4986213,Toscano Mini Waffles | 200g,$4.90,https://www.coles.com.au/product/toscano-mini-waffles-200g-4986213
6676716,Helga's Continental Bakehouse Wholemeal Grain Bread | 850g,$4.90,https://www.coles.com.au/product/helga's-continental-bakehouse-wholemeal-grain-bread-850g-6676716
9120090,Coles Banana Bread | 550g,$5.60,https://www.coles.com.au/product/coles-banana-bread-550g-9120090
8995056,Toscano Traditional Butter Waffles 4 pack | 360g,$7.50,https://www.coles.com.au/product/toscano-traditional-butter-waffles-4-pack-360g-8995056
3384907,Coles Bakery Stone Baked Mini Wholemeal Petit Pane Di C ... 1 each,$2.50,https://www.coles.com.au/product/coles-bakery-stone-baked-mini-wholemeal-petit-pane-di-casa-1-each-3384907
3295636,Coles Salted Caramel & White Chocolate Cookies | 6 Pack,$3.50,https://www.coles.com.au/product/coles-salted-caramel-and-white-chocolate-cookies-6-pack-3295636
2918868,Coles Bakery Jam Filled Berliner Donut | 2 pack,$3.75,https://www.coles.com.au/product/coles-bakery-jam-filled-berliner-donut-2-pack-2918868
9201680,Tip Top 9 Grain Original Bread | 700g,$4.40,https://www.coles.com.au/product/tip-top-9-grain-original-bread-700g-9201680
7620921,Mission Spinach & Herb Wraps 8 pack | 567g,$4.50,https://www.coles.com.au/product/mission-spinach-and-herb-wraps-8-pack-567g-7620921
3499068,Tip Top White Gourmet Pizza Base 2 pack | 440g,$6.40,https://www.coles.com.au/product/tip-top-white-gourmet-pizza-base-2-pack-440g-3499068
5016391,Mr Kipling Lemon Bakewell | 225g,$6.50,https://www.coles.com.au/product/mr-kipling-lemon-bakewell-225g-5016391
2611242,Coles Blueberry Muffin Single Serve | 1 each,$1.65,https://www.coles.com.au/product/coles-blueberry-muffin-single-serve-1-each-2611242
4327240,Mission Souvlaki Bread | 320g,$4.00,https://www.coles.com.au/product/mission-souvlaki-bread-320g-4327240
3207592,Coles Salted Caramel Profiteroles | 12 Pack,$5.75,https://www.coles.com.au/product/coles-salted-caramel-profiteroles-12-pack-3207592
1967369,Cadbury Mini Rolls Chocolate 5pack | 115g,$6.00,https://www.coles.com.au/product/cadbury-mini-rolls-chocolate-5pack-115g-1967369
3610766,Coles Bakery Fantasy Finger Buns | 4 pack,$3.00,https://www.coles.com.au/product/coles-bakery-fantasy-finger-buns-4-pack-3610766
1997177,Coles Thin & Crispy Medium Pizza Bases 2 Pack | 200g,$3.40,https://www.coles.com.au/product/coles-thin-and-crispy-medium-pizza-bases-2-pack-200g-1997177
9395101,Tip Top Sunblest Wholemeal Sandwich Bread | 650g,$4.00,https://www.coles.com.au/product/tip-top-sunblest-wholemeal-sandwich-bread-650g-9395101
3576828,Abe's Bagels 4 Pack | 360g,$4.50,https://www.coles.com.au/product/abe's-bagels-4-pack-360g-3576828
3758938,Simson's Pantry Low Carb High Protein 5 pack | 225g,$4.50,https://www.coles.com.au/product/simson's-pantry-low-carb-high-protein-5-pack-225g-3758938
3018013,Coles Finest Sourdough Pane Di Casa With Sesame | 1 pack,$6.50,https://www.coles.com.au/product/coles-finest-sourdough-pane-di-casa-with-sesame-1-pack-3018013
6519730,Coles Bakery Crusty Entertainer Rolls | 10 pack,$3.50,https://www.coles.com.au/product/coles-bakery-crusty-entertainer-rolls-10-pack-6519730
6712445,Burgen Soy & Linseed Bread | 700g,$5.90,https://www.coles.com.au/product/burgen-soy-and-linseed-bread-700g-6712445
5088122,Balconi Mix Max Cocoa Cakes 10 pack | 350g,$7.25,https://www.coles.com.au/product/balconi-mix-max-cocoa-cakes-10-pack-350g-5088122
8162061,Coles Bakery High Fibre Low Gi 7 Seeds & Grains Sandwich Bread ... 400g,$2.50,https://www.coles.com.au/product/coles-bakery-high-fibre-low-gi-7-seeds-and-grains-sandwich-bread-loaf-400g-8162061
3326161,Coles Finest By Laurent Traditional Brioche Burger Buns | 2 pack,$2.70,https://www.coles.com.au/product/coles-finest-by-laurent-traditional-brioche-burger-buns-2-pack-3326161
3572929,Coles Bakery Custard Filled Profiteroles | 8 pack,$6.75,https://www.coles.com.au/product/coles-bakery-custard-filled-profiteroles-8-pack-3572929
8951050,Coles Bakery Wholemeal Baguette | 1 each,$1.90,https://www.coles.com.au/product/coles-bakery-wholemeal-baguette-1-each-8951050
4418050,Coles Bakery Custard Bunlet | 6 pack,$3.50,https://www.coles.com.au/product/coles-bakery-custard-bunlet-6-pack-4418050
6207001,Coles Pain Raisin | 2 pack,$3.50,https://www.coles.com.au/product/coles-pain-raisin-2-pack-6207001
5321260,Coles Bakery Chocolate Chip Shortbread | 12 pack,$4.50,https://www.coles.com.au/product/coles-bakery-chocolate-chip-shortbread-12-pack-5321260
3764737,Abbott's Bakery Sourdough Rye Bread | 760g,$4.60,https://www.coles.com.au/product/abbott's-bakery-sourdough-rye-bread-760g-3764737
3216673,Coles I'M Free From White Loaf | 500g,$5.70,https://www.coles.com.au/product/coles-i'm-free-from-white-loaf-500g-3216673
4315091,Simson's Pantry Low Carb High Protein + Fibre 6 pack | 420g,$6.50,https://www.coles.com.au/product/simson's-pantry-low-carb-high-protein-+-fibre-6-pack-420g-4315091
3237957,Helga's Gluten Free Traditional Wholemeal Bread  | 500g,$7.50,https://www.coles.com.au/product/helga's-gluten-free-traditional-wholemeal-bread-500g-3237957
3377005,La Fournee Doree Hand Braided Butter Brioche | 400g,$8.90,https://www.coles.com.au/product/la-fournee-doree-hand-braided-butter-brioche-400g-3377005
2941203,Coles Bakery High Fibre Low Gi White Sandwich Loaf | 330g,$2.50,https://www.coles.com.au/product/coles-bakery-high-fibre-low-gi-white-sandwich-loaf-330g-2941203
6206993,Coles Pain Chocolate | 2 pack,$3.50,https://www.coles.com.au/product/coles-pain-chocolate-2-pack-6206993
8601853,Coles Bakery Buttermilk Scones | 6 Pack,$5.00,https://www.coles.com.au/product/coles-bakery-buttermilk-scones-6-pack-8601853
5369358,Burgen Wholemeal & Seeds Bread | 700g,$5.90,https://www.coles.com.au/product/burgen-wholemeal-and-seeds-bread-700g-5369358
2847726,Cadbury Raspberry Mini Rolls 5 pack | 130g,$6.00,https://www.coles.com.au/product/cadbury-raspberry-mini-rolls-5-pack-130g-2847726
3757039,Coles Cupcakes Red Velvet 4 Pack | 288g,$6.00,https://www.coles.com.au/product/coles-cupcakes-red-velvet-4-pack-288g-3757039
5523618,Coles Bakery Traditional Cream Filled Dusted Sponge | 380g,$6.75,https://www.coles.com.au/product/coles-bakery-traditional-cream-filled-dusted-sponge-380g-5523618
2108992,Coles New York Style Baked Cheesecake | 640g,$14.00,https://www.coles.com.au/product/coles-new-york-style-baked-cheesecake-640g-2108992
4754568,Coles Bakery Mini White Flatbread | 6 pack,$3.50,https://www.coles.com.au/product/coles-bakery-mini-white-flatbread-6-pack-4754568
3694245,Coles Stonebaked By Laurent White Sourdough Rolls Garlic ... 3 pack,$4.00,https://www.coles.com.au/product/coles-stonebaked-by-laurent-white-sourdough-rolls-garlic-bread-3-pack-3694245
3871737,Helga's Turkish Rolls | 400g,$4.00,https://www.coles.com.au/product/helga's-turkish-rolls-400g-3871737
5213790,Mountain Bread Rye Wraps 8 pack | 200g,$4.00,https://www.coles.com.au/product/mountain-bread-rye-wraps-8-pack-200g-5213790
1387165,Coles Lemon Slice | 175g,$4.30,https://www.coles.com.au/product/coles-lemon-slice-175g-1387165
4984648,Abe's Bagels Low Carb 4 pack | 360g,$4.50,https://www.coles.com.au/product/abe's-bagels-low-carb-4-pack-360g-4984648
5577016,Coles Carrot Cake | 400g,$5.50,https://www.coles.com.au/product/coles-carrot-cake-400g-5577016
4991100,Coles Lightly Fruited Sultana Cake | 800g,$5.60,https://www.coles.com.au/product/coles-lightly-fruited-sultana-cake-800g-4991100
5057683,Coles Bakery Sponge Roll Mini Choc | 6 pack,$3.50,https://www.coles.com.au/product/coles-bakery-sponge-roll-mini-choc-6-pack-5057683
3597883,Coles Bakery Soy & Linseed Panini | 3 pack,$3.75,https://www.coles.com.au/product/coles-bakery-soy-and-linseed-panini-3-pack-3597883
2649482,Coles Country Loaf Wholemeal | 750g,$3.90,https://www.coles.com.au/product/coles-country-loaf-wholemeal-750g-2649482
6743278,Coles Cheese Rolls | 4 pack,$4.50,https://www.coles.com.au/product/coles-cheese-rolls-4-pack-6743278
2877727,Coles Blueberry Cheesecake | 450g,$9.00,https://www.coles.com.au/product/coles-blueberry-cheesecake-450g-2877727
2108960,Coles Belgian Chocolate Gateau | 800g,$18.00,https://www.coles.com.au/product/coles-belgian-chocolate-gateau-800g-2108960
8951390,Coles Bakery Low Gi 7 Seeds & Grains Vienna Bread Loaf | 1 each,$3.00,https://www.coles.com.au/product/coles-bakery-low-gi-7-seeds-and-grains-vienna-bread-loaf-1-each-8951390
2862016,Coles Bakery High Fibre Low Gi Soft Round Rolls | 4 pack,$3.50,https://www.coles.com.au/product/coles-bakery-high-fibre-low-gi-soft-round-rolls-4-pack-2862016
4417692,Coles Bakery Jam Bunlet | 6 pack,$3.50,https://www.coles.com.au/product/coles-bakery-jam-bunlet-6-pack-4417692
4444582,Coles Bakery Stone Baked Mini Sub Rolls | 2 pack,$4.00,https://www.coles.com.au/product/coles-bakery-stone-baked-mini-sub-rolls-2-pack-4444582
3639597,Mission Salt Reduced Wraps 8 pack | 567g,$4.50,https://www.coles.com.au/product/mission-salt-reduced-wraps-8-pack-567g-3639597
3638700,Coles Lemon Cheesecake Slices | 2 pack,$5.50,https://www.coles.com.au/product/coles-lemon-cheesecake-slices-2-pack-3638700
3765285,Coles Flourless Orange Slice 2 Pack | 200g,$5.50,https://www.coles.com.au/product/coles-flourless-orange-slice-2-pack-200g-3765285
3237913,Helga's Gluten Free White Bread Slices | 470g,$7.50,https://www.coles.com.au/product/helga's-gluten-free-white-bread-slices-470g-3237913
1387154,Coles Hedgehog Slices | 175g,$4.30,https://www.coles.com.au/product/coles-hedgehog-slices-175g-1387154
5486293,Coles Dreams Crumb True Red Velvet Cookies | 4 pack,$4.50,https://www.coles.com.au/product/coles-dreams-crumb-true-red-velvet-cookies-4-pack-5486293
2902427,Toscano Chocolate Crepes | 192g,$6.00,https://www.coles.com.au/product/toscano-chocolate-crepes-192g-2902427
3633681,Coles Choc Chip Banana Bread Slices 5 Pack | 500g,$6.50,https://www.coles.com.au/product/coles-choc-chip-banana-bread-slices-5-pack-500g-3633681
4819380,Coles Finest By Laurent 7 Seed & Grain Vienna | 1 each,$6.50,https://www.coles.com.au/product/coles-finest-by-laurent-7-seed-and-grain-vienna-1-each-4819380
2901956,Abes Bagels Multigrain 4 Pack | 360g,$4.50,https://www.coles.com.au/product/abes-bagels-multigrain-4-pack-360g-2901956
8601820,Coles Bakery Sultana Scones | 6 pack,$5.00,https://www.coles.com.au/product/coles-bakery-sultana-scones-6-pack-8601820
4147838,Coles Bakery Fairy Cupcakes | 6 pack,$6.25,https://www.coles.com.au/product/coles-bakery-fairy-cupcakes-6-pack-4147838
3910442,Coles Reduced Sugar Banana Bread Slices | 500g,$6.50,https://www.coles.com.au/product/coles-reduced-sugar-banana-bread-slices-500g-3910442
4405660,Tip Top The One Gluten Free White | 550g,$7.00,https://www.coles.com.au/product/tip-top-the-one-gluten-free-white-550g-4405660
8836960,Coles Sugar Donuts | 12 pack,$3.50,https://www.coles.com.au/product/coles-sugar-donuts-12-pack-8836960
6201413,MEB Greek Pita | 375g,$3.60,https://www.coles.com.au/product/meb-greek-pita-375g-6201413
3694201,Coles Stonebaked By Laurent White Sourdough Garlic Bread ... 1 each,$4.00,https://www.coles.com.au/product/coles-stonebaked-by-laurent-white-sourdough-garlic-bread-1-each-3694201
2738243,Wonder White Bread Wholegrain Smooth | 700g,$4.40,https://www.coles.com.au/product/wonder-white-bread-wholegrain-smooth-700g-2738243
4261538,Coles Apple & Cinnamon Muffins | 4 pack,$4.70,https://www.coles.com.au/product/coles-apple-and-cinnamon-muffins-4-pack-4261538
2061196,Coles Bakery Stone Baked Wholemeal Pane Di Casa Loaf | 1 each,$5.00,https://www.coles.com.au/product/coles-bakery-stone-baked-wholemeal-pane-di-casa-loaf-1-each-2061196
2995982,Cadbury Milk Chocolate Cake Bars | 105g,$6.00,https://www.coles.com.au/product/cadbury-milk-chocolate-cake-bars-105g-2995982
3877595,Coles Tiramisu Pot | 2 pack,$6.00,https://www.coles.com.au/product/coles-tiramisu-pot-2-pack-3877595
4406131,Burgen Lower Carb Sunflower & Linseed Bread | 660g,$6.00,https://www.coles.com.au/product/burgen-lower-carb-sunflower-and-linseed-bread-660g-4406131
1997166,Coles Thin & Crispy Pizza Base Large 12inch | 750g,$6.70,https://www.coles.com.au/product/coles-thin-and-crispy-pizza-base-large-12inch-750g-1997166
3190117,Golden Fluffy & Delicious Waffles 5 pack | 275g,$7.00,https://www.coles.com.au/product/golden-fluffy-and-delicious-waffles-5-pack-275g-3190117
4215337,Noshu 95% Sugar Free Iced Carrot Cakes | 180g,$7.00,https://www.coles.com.au/product/noshu-95percent-sugar-free-iced-carrot-cakes-180g-4215337
3226746,Coles Mud Cake Decorated | 700g,$9.50,https://www.coles.com.au/product/coles-mud-cake-decorated-700g-3226746
3384918,Coles Bakery Stone Baked Mini Rye Pane Di Casa | 1 each,$2.50,https://www.coles.com.au/product/coles-bakery-stone-baked-mini-rye-pane-di-casa-1-each-3384918
4727962,Coles Happy Gut Wholemeal | 700g,$3.30,https://www.coles.com.au/product/coles-happy-gut-wholemeal-700g-4727962
1387132,Coles Caramel Slice | 175g,$4.30,https://www.coles.com.au/product/coles-caramel-slice-175g-1387132
5486282,Coles Dreams Crumb True New York Chocolate Chip Cookies | ... 4 pack,$4.50,https://www.coles.com.au/product/coles-dreams-crumb-true-new-york-chocolate-chip-cookies-4-pack-5486282
7057200,Tip Top White Bread Hot Dog Rolls | 6 pack,$4.50,https://www.coles.com.au/product/tip-top-white-bread-hot-dog-rolls-6-pack-7057200
4688485,Helgas 50% Lower Carb 5 Seeds Loaf | 700g,$5.50,https://www.coles.com.au/product/helgas-50percent-lower-carb-5-seeds-loaf-700g-4688485
3757072,Coles Chocolate Mini Cupcakes 9 pack | 216g,$6.00,https://www.coles.com.au/product/coles-chocolate-mini-cupcakes-9-pack-216g-3757072
3597861,Coles Bakery Soft Seed Rustic Rolls | 4 pack,$3.75,https://www.coles.com.au/product/coles-bakery-soft-seed-rustic-rolls-4-pack-3597861
2649493,Coles Country Loaf Mixed Grain | 850g,$3.90,https://www.coles.com.au/product/coles-country-loaf-mixed-grain-850g-2649493
7864722,Coles Bakery Light Fruit Cake | 800g,$6.50,https://www.coles.com.au/product/coles-bakery-light-fruit-cake-800g-7864722
3860876,Helgas Mini Loaf Mixed Grain | 415g,$3.90,https://www.coles.com.au/product/helgas-mini-loaf-mixed-grain-415g-3860876
4420008,Coles Bakery Stone Baked Mini Rustic Baguette | 2 pack,$4.00,https://www.coles.com.au/product/coles-bakery-stone-baked-mini-rustic-baguette-2-pack-4420008
3362937,Lawson's Traditional Original White Bread | 750g,$5.80,https://www.coles.com.au/product/lawson's-traditional-original-white-bread-750g-3362937
3499057,Tip Top Gourmet Wholemeal Pizza Bases 2 pack | 440g,$6.40,https://www.coles.com.au/product/tip-top-gourmet-wholemeal-pizza-bases-2-pack-440g-3499057
7570233,Coles White Mud Cake | 600g,$6.40,https://www.coles.com.au/product/coles-white-mud-cake-600g-7570233
4819379,Coles Finest By Laurent Black Olive And Chilli Vienna | 1 each,$6.50,https://www.coles.com.au/product/coles-finest-by-laurent-black-olive-and-chilli-vienna-1-each-4819379
2834225,Abbott's Bakery Gluten Free Mixed Seeds Bread | 500g,$7.00,https://www.coles.com.au/product/abbott's-bakery-gluten-free-mixed-seeds-bread-500g-2834225
5747910,Coles Happy Gut English Muffins | 6 Pack,$1.75,https://www.coles.com.au/product/coles-happy-gut-english-muffins-6-pack-5747910
1597124,Coles Multigrain Dinner Rolls 260g | 6 pack,$2.60,https://www.coles.com.au/product/coles-multigrain-dinner-rolls-260g-6-pack-1597124
6243162,Coles Bakery Tiger Vienna  | 450g,$3.00,https://www.coles.com.au/product/coles-bakery-tiger-vienna-450g-6243162
5696751,Coles Rolls Hamburger | 6 pack,$3.70,https://www.coles.com.au/product/coles-rolls-hamburger-6-pack-5696751
4402505,Coles Mini Pizza Bases | 280g,$3.90,https://www.coles.com.au/product/coles-mini-pizza-bases-280g-4402505
3694212,Coles Stonebaked By Laurent Sesame Sourdough Garlic Bread ... 1 each,$4.00,https://www.coles.com.au/product/coles-stonebaked-by-laurent-sesame-sourdough-garlic-bread-1-each-3694212
5689698,Coles Mini Pikelets 24pack | 200g,$4.00,https://www.coles.com.au/product/coles-mini-pikelets-24pack-200g-5689698
293099,Tip Top Multigrain English Muffins 6 Pack | 400g,$6.00,https://www.coles.com.au/product/tip-top-multigrain-english-muffins-6-pack-400g-293099
3217654,Mr Kipling French Fancies Selection Cakes 8 Pack | 205g,$6.50,https://www.coles.com.au/product/mr-kipling-french-fancies-selection-cakes-8-pack-205g-3217654
2611253,Coles Muffin Choc Chip | 1 each,$1.65,https://www.coles.com.au/product/coles-muffin-choc-chip-1-each-2611253
6177374,Mr Kipling Signature Salted Caramel Slice 6 Pack | 165g,$3.00,https://www.coles.com.au/product/mr-kipling-signature-salted-caramel-slice-6-pack-165g-6177374
3860887,Helgas Mini Loaf Traditional Wholemeal | 360g,$3.90,https://www.coles.com.au/product/helgas-mini-loaf-traditional-wholemeal-360g-3860887
1311414,Coles Carrot Loaf Cake | 500g,$5.60,https://www.coles.com.au/product/coles-carrot-loaf-cake-500g-1311414
3216695,Coles I'M Free From 5 Seed Loaf | 500g,$5.70,https://www.coles.com.au/product/coles-i'm-free-from-5-seed-loaf-500g-3216695
3362926,Lawson's Traditional Stone Mill Wholemeal Bread | 750g,$5.80,https://www.coles.com.au/product/lawson's-traditional-stone-mill-wholemeal-bread-750g-3362926
5249684,Burgen Traditional Rye Bread | 700g,$5.90,https://www.coles.com.au/product/burgen-traditional-rye-bread-700g-5249684
3757061,Coles Vanilla Mini Cupcakes 9 Pack | 216g,$6.00,https://www.coles.com.au/product/coles-vanilla-mini-cupcakes-9-pack-216g-3757061
3751790,Abbott's Bakery Gluten Free Farmhouse Wholemeal Bread | 500g,$7.00,https://www.coles.com.au/product/abbott's-bakery-gluten-free-farmhouse-wholemeal-bread-500g-3751790
9409884,Edwards Sourdough Rye Dark Bread | 680g,$8.50,https://www.coles.com.au/product/edwards-sourdough-rye-dark-bread-680g-9409884
3022247,Coles Toffee Pecan Roulade | 450g,$14.00,https://www.coles.com.au/product/coles-toffee-pecan-roulade-450g-3022247
4727995,Coles Happy Gut Multigrain | 700g,$3.30,https://www.coles.com.au/product/coles-happy-gut-multigrain-700g-4727995
5057708,Coles Bakery Sponge Mini Jam Rolls | 6 pack,$3.50,https://www.coles.com.au/product/coles-bakery-sponge-mini-jam-rolls-6-pack-5057708
212790,Buttercup Country Split White Bread | 450g,$4.00,https://www.coles.com.au/product/buttercup-country-split-white-bread-450g-212790
2107606,Mission Pita Pocket Original | 420g,$4.40,https://www.coles.com.au/product/mission-pita-pocket-original-420g-2107606
5245344,Helga's Prebiotic Wholemeal Barley Loaf | 700g,$4.50,https://www.coles.com.au/product/helga's-prebiotic-wholemeal-barley-loaf-700g-5245344
2995993,Cadbury Caramel Cake Bars | 105g,$6.00,https://www.coles.com.au/product/cadbury-caramel-cake-bars-105g-2995993
3003661,Coles Chocolate Mud Cake Slices 5 pack | 500g,$6.50,https://www.coles.com.au/product/coles-chocolate-mud-cake-slices-5-pack-500g-3003661
3475490,Mr Kipling Unicorn Fancies 8 Pack | 205g,$6.50,https://www.coles.com.au/product/mr-kipling-unicorn-fancies-8-pack-205g-3475490
6177385,Mr Kipling Caramel Bakewell 6 Pack | 230g,$6.50,https://www.coles.com.au/product/mr-kipling-caramel-bakewell-6-pack-230g-6177385
5184909,Edwards Sourdough 7 Grain With Barleymax | 680g,$8.50,https://www.coles.com.au/product/edwards-sourdough-7-grain-with-barleymax-680g-5184909
4405467,Coles Finest Macaron Selection | 264g,$20.00,https://www.coles.com.au/product/coles-finest-macaron-selection-264g-4405467
6530700,Coles Bakery White Cobb | 1 each,$3.00,https://www.coles.com.au/product/coles-bakery-white-cobb-1-each-6530700
3860901,Wonder Mini Loaf White Sandwich Vit Min | 320g,$3.40,https://www.coles.com.au/product/wonder-mini-loaf-white-sandwich-vit-min-320g-3860901
2649471,Coles Country Loaf White | 750g,$3.90,https://www.coles.com.au/product/coles-country-loaf-white-750g-2649471
4474845,Helgas Wholemeal Sourdough Bread | 750g,$4.90,https://www.coles.com.au/product/helgas-wholemeal-sourdough-bread-750g-4474845
9409909,Edwards Sourdough Rye Light Bread | 680g,$8.50,https://www.coles.com.au/product/edwards-sourdough-rye-light-bread-680g-9409909
5409088,Coles Bakery Super Sub Rolls  | 2 pack,$2.40,https://www.coles.com.au/product/coles-bakery-super-sub-rolls-2-pack-5409088
3871726,Helga's Turkish Loaf | 450g,$4.00,https://www.coles.com.au/product/helga's-turkish-loaf-450g-3871726
4395487,Simson's Pantry Low Carb Spinach And Herb 5 pack | 210g,$4.50,https://www.coles.com.au/product/simson's-pantry-low-carb-spinach-and-herb-5-pack-210g-4395487
5245355,Helga's Prebiotic Ancient Grains Seed Loaf | 700g,$4.50,https://www.coles.com.au/product/helga's-prebiotic-ancient-grains-seed-loaf-700g-5245355
4474878,Helgas Grains And Seeds Sourdough Bread | 750g,$4.90,https://www.coles.com.au/product/helgas-grains-and-seeds-sourdough-bread-750g-4474878
4147850,Coles Bakery Lamington Long John | 2 pack,$5.50,https://www.coles.com.au/product/coles-bakery-lamington-long-john-2-pack-4147850
7864744,Coles Bakery Dark Fruit Cake | 800g,$6.50,https://www.coles.com.au/product/coles-bakery-dark-fruit-cake-800g-7864744
6341456,Coles Mini Iced Cupcakes | 240g,$6.90,https://www.coles.com.au/product/coles-mini-iced-cupcakes-240g-6341456
3237968,Helga's Gluten Free Mixed Grain Bread | 500g,$7.50,https://www.coles.com.au/product/helga's-gluten-free-mixed-grain-bread-500g-3237968
4727816,Coles Happy Gut White | 700g,$3.30,https://www.coles.com.au/product/coles-happy-gut-white-700g-4727816
3860912,Wonder Mini Loaf Wholemeal | 320g,$3.40,https://www.coles.com.au/product/wonder-mini-loaf-wholemeal-320g-3860912
5696762,Coles Hot Dog Rolls | 6 pack,$3.70,https://www.coles.com.au/product/coles-hot-dog-rolls-6-pack-5696762
3871078,Simson's Pantry Lite Super Grains Wraps 5pack | 210g,$4.50,https://www.coles.com.au/product/simson's-pantry-lite-super-grains-wraps-5pack-210g-3871078
5486318,Coles Dreams Crumb True  Chocolate- Caramel & Fudge Cookies | 4 pack,$4.50,https://www.coles.com.au/product/coles-dreams-crumb-true-chocolate-caramel-and-fudge-cookies-4-pack-5486318
3165540,Coles  Belgian Chocolate Lava Cake | 200g,$5.50,https://www.coles.com.au/product/coles-belgian-chocolate-lava-cake-200g-3165540
5577038,Coles Banana Caramel Cake | 400g,$5.50,https://www.coles.com.au/product/coles-banana-caramel-cake-400g-5577038
3216710,Coles IM Free From Fruit Loaf | 500g,$5.95,https://www.coles.com.au/product/coles-im-free-from-fruit-loaf-500g-3216710
3757028,Coles Cupcakes Chocolate 4 Pack | 288g,$6.00,https://www.coles.com.au/product/coles-cupcakes-chocolate-4-pack-288g-3757028
3757050,Coles Fantasy Cupcakes 4 Pack | 288g,$6.00,https://www.coles.com.au/product/coles-fantasy-cupcakes-4-pack-288g-3757050
5019651,Coles Carrot Cupcakes 4 Pack | 288g,$6.00,https://www.coles.com.au/product/coles-carrot-cupcakes-4-pack-288g-5019651
6011393,Mr Brownie Chocolate Brownie | 200g,$6.00,https://www.coles.com.au/product/mr-brownie-chocolate-brownie-200g-6011393
3751724,Liberate Gluten Free Crumpet | 240g,$6.20,https://www.coles.com.au/product/liberate-gluten-free-crumpet-240g-3751724
5749712,Wonder White Bread Gluten Free | 470g,$7.00,https://www.coles.com.au/product/wonder-white-bread-gluten-free-470g-5749712
5862748,Meb Khobz Hi Protein Low Carb 4 pack | 320g,$2.40,https://www.coles.com.au/product/meb-khobz-hi-protein-low-carb-4-pack-320g-5862748
5749698,Herman Brot Complete Complete Protein Buns 2 pack | 120g,$3.25,https://www.coles.com.au/product/herman-brot-complete-complete-protein-buns-2-pack-120g-5749698
6206971,Coles Croissant | 2 pack,$3.50,https://www.coles.com.au/product/coles-croissant-2-pack-6206971
8782565,Coles Bakery Jam Sponge Roll | 400g,$3.50,https://www.coles.com.au/product/coles-bakery-jam-sponge-roll-400g-8782565
3245048,Coles I'M Free From Double Chocolate Muffins | 2 pack,$3.70,https://www.coles.com.au/product/coles-i'm-free-from-double-chocolate-muffins-2-pack-3245048
5073806,Coles Bakery Rock Cakes | 6 pack,$4.50,https://www.coles.com.au/product/coles-bakery-rock-cakes-6-pack-5073806
8636359,Mission Lite Wrap 8 pack | 567g,$4.50,https://www.coles.com.au/product/mission-lite-wrap-8-pack-567g-8636359
5862883,Helga's Sweet Potato Wrap | 445g,$5.00,https://www.coles.com.au/product/helga's-sweet-potato-wrap-445g-5862883
4654155,Coles 85% Lower Carb High Protein Loaf | 500g,$5.40,https://www.coles.com.au/product/coles-85percent-lower-carb-high-protein-loaf-500g-4654155
4688496,Helgas 50% Lower Carb Wholemeal & Seed Loaf | 700g,$5.50,https://www.coles.com.au/product/helgas-50percent-lower-carb-wholemeal-and-seed-loaf-700g-4688496
7863606,Mission Whole Wheat Mini Wraps 8 pack | 384g,$5.50,https://www.coles.com.au/product/mission-whole-wheat-mini-wraps-8-pack-384g-7863606
4315080,Simson's Pantry Low Carb Keto 5 pack | 200g,$6.00,https://www.coles.com.au/product/simson's-pantry-low-carb-keto-5-pack-200g-4315080
2298297,Toscano Gluten Free Pizza Base | 180g,$7.00,https://www.coles.com.au/product/toscano-gluten-free-pizza-base-180g-2298297
6202143,MEB Pita Family Wholemeal 5 pack | 225g,$2.00,https://www.coles.com.au/product/meb-pita-family-wholemeal-5-pack-225g-6202143
4330685,Simson's Pantry Low Carb Mini 6 pack | 156g,$5.00,https://www.coles.com.au/product/simson's-pantry-low-carb-mini-6-pack-156g-4330685
1358123,Vitality Ryegrid Sourdough | 700g,$5.50,https://www.coles.com.au/product/vitality-ryegrid-sourdough-700g-1358123
5749723,Wonder White Bread Gluten Free Wholemeal | 500g,$7.00,https://www.coles.com.au/product/wonder-white-bread-gluten-free-wholemeal-500g-5749723
3237946,Helga's Gluten Free 5 Seeds Bread | 500g,$7.50,https://www.coles.com.au/product/helga's-gluten-free-5-seeds-bread-500g-3237946
6750637,Edwards Sourdough Spelt Wholemeal Bread | 680g,$8.50,https://www.coles.com.au/product/edwards-sourdough-spelt-wholemeal-bread-680g-6750637
3659700,Coles Bakery Passionfruit Decorated Pavlova | 410g,$13.50,https://www.coles.com.au/product/coles-bakery-passionfruit-decorated-pavlova-410g-3659700
2917050,Tip Top Original Thins Sandwich | 240g,$3.00,https://www.coles.com.au/product/tip-top-original-thins-sandwich-240g-2917050
8951196,Multigrain Vienna | 1 each,$3.00,https://www.coles.com.au/product/multigrain-vienna-1-each-8951196
8951301,Wholemeal Vienna | 1 each,$3.00,https://www.coles.com.au/product/wholemeal-vienna-1-each-8951301
9280325,Mountain Bread Natural Wraps 8 Pack | 200g,$4.00,https://www.coles.com.au/product/mountain-bread-natural-wraps-8-pack-200g-9280325
3313760,Mission Wraps Low Gi Wholemeal 6 Pack | 425g,$4.50,https://www.coles.com.au/product/mission-wraps-low-gi-wholemeal-6-pack-425g-3313760
5862599,Mission Mini Sliders 5 pack | 240g,$4.50,https://www.coles.com.au/product/mission-mini-sliders-5-pack-240g-5862599
6201049,MEB Wraps Zaatar | 300g,$5.40,https://www.coles.com.au/product/meb-wraps-zaatar-300g-6201049
3362915,Lawson's Traditional Settler's Grain Bread | 750g,$5.80,https://www.coles.com.au/product/lawson's-traditional-settler's-grain-bread-750g-3362915
6011429,Mr Brownie Blondie | 200g,$6.00,https://www.coles.com.au/product/mr-brownie-blondie-200g-6011429
4876292,La Fournee Doree Split Top Brioche Hot Dog Rolls 6 Pack | 300g,$6.60,https://www.coles.com.au/product/la-fournee-doree-split-top-brioche-hot-dog-rolls-6-pack-300g-4876292
4653980,Alpine Wholemeal Lower Carb | 600g,$7.50,https://www.coles.com.au/product/alpine-wholemeal-lower-carb-600g-4653980
6282561,Coles Natures Kitchen Banana Bread Slices | 5 pack,$7.50,https://www.coles.com.au/product/coles-natures-kitchen-banana-bread-slices-5-pack-6282561
6305973,Coles Choc Duo Cupcakes 4 pack | 288g,$7.50,https://www.coles.com.au/product/coles-choc-duo-cupcakes-4-pack-288g-6305973
3245037,Coles I'm Free From Blueberry Muffins | 2 pack,$3.70,https://www.coles.com.au/product/coles-i'm-free-from-blueberry-muffins-2-pack-3245037
2361189,Simson's Pantry Garlic Naan Bread | 250g,$4.00,https://www.coles.com.au/product/simson's-pantry-garlic-naan-bread-250g-2361189
5486307,Coles Dreams Crumb True Birthday Cake Cookies | 4 pack,$4.50,https://www.coles.com.au/product/coles-dreams-crumb-true-birthday-cake-cookies-4-pack-5486307
3172830,Alpine Spelt And Sprouted Grains | 640g,$5.50,https://www.coles.com.au/product/alpine-spelt-and-sprouted-grains-640g-3172830
5441794,Mr Donut Iced Chocolate Jam Donuts | 4 pack,$6.00,https://www.coles.com.au/product/mr-donut-iced-chocolate-jam-donuts-4-pack-5441794
5142534,Coles Date & Walnut Slices 5 Pack | 500g,$6.50,https://www.coles.com.au/product/coles-date-and-walnut-slices-5-pack-500g-5142534
3172840,Alpine Spelt & Barley | 640g,$6.80,https://www.coles.com.au/product/alpine-spelt-and-barley-640g-3172840
3216913,Abbott's Bakery Gluten Free Rustic White Bread | 500g,$7.00,https://www.coles.com.au/product/abbott's-bakery-gluten-free-rustic-white-bread-500g-3216913
6310871,Coles Natures Kitchen Carrot Cake | 450g,$9.00,https://www.coles.com.au/product/coles-natures-kitchen-carrot-cake-450g-6310871
5148257,Coles Mini Tart Selection 6 Pack | 210g,$9.50,https://www.coles.com.au/product/coles-mini-tart-selection-6-pack-210g-5148257
3207581,Coles Chocolate Celebration Cake | 1.2kg,$14.50,https://www.coles.com.au/product/coles-chocolate-celebration-cake-1.2kg-3207581
4395443,Mission Garlic And Herb Naan | 210g,$3.00,https://www.coles.com.au/product/mission-garlic-and-herb-naan-210g-4395443
5120430,Noshu 95% Sugar Free Birthday Cake Donut | 45g,$3.00,https://www.coles.com.au/product/noshu-95percent-sugar-free-birthday-cake-donut-45g-5120430
5120586,Noshu 95% Sugar Free Caramel Spice Donut | 45g,$3.00,https://www.coles.com.au/product/noshu-95percent-sugar-free-caramel-spice-donut-45g-5120586
5748389,Coles Bakery Stone Baked Light Rye Sub Roll | 2 pack,$4.00,https://www.coles.com.au/product/coles-bakery-stone-baked-light-rye-sub-roll-2-pack-5748389
4232835,Coles Natures Kitchen Vegan Chocolate Chip Cookie 4 pack | 140g,$4.30,https://www.coles.com.au/product/coles-natures-kitchen-vegan-chocolate-chip-cookie-4-pack-140g-4232835
6913695,Helga's Soy Linseed Bread | 850g,$4.90,https://www.coles.com.au/product/helga's-soy-linseed-bread-850g-6913695
5930189,The Little Bakery Co. Milk Burger Bun 4pk | 300g,$5.50,https://www.coles.com.au/product/the-little-bakery-co.-milk-burger-bun-4pk-300g-5930189
3870825,Mission Crust Plain Pizza | 400g,$5.60,https://www.coles.com.au/product/mission-crust-plain-pizza-400g-3870825
2270254,Alpine Protein Bread | 680g,$5.85,https://www.coles.com.au/product/alpine-protein-bread-680g-2270254
4860930,Alpine Bread Rye Sour | 640g,$6.80,https://www.coles.com.au/product/alpine-bread-rye-sour-640g-4860930
5749734,Tip Top The One Gluten Free Smooth Wholegrain | 550g,$7.00,https://www.coles.com.au/product/tip-top-the-one-gluten-free-smooth-wholegrain-550g-5749734
3871090,Simson's Pantry High Protein Pizza Base 2pack | 500g,$7.30,https://www.coles.com.au/product/simson's-pantry-high-protein-pizza-base-2pack-500g-3871090
4740213,La Fournee Doree Pain Au Chocolat 8 Pack | 360g,$7.50,https://www.coles.com.au/product/la-fournee-doree-pain-au-chocolat-8-pack-360g-4740213
6282572,Coles Raspberry Duo Cupcakes 4 pack | 288g,$7.50,https://www.coles.com.au/product/coles-raspberry-duo-cupcakes-4-pack-288g-6282572
6395794,Coles Finest Mini Tart Selection | 6 pack,$15.00,https://www.coles.com.au/product/coles-finest-mini-tart-selection-6-pack-6395794
2739304,Coles Rainbow Cake | 970g,$19.50,https://www.coles.com.au/product/coles-rainbow-cake-970g-2739304
5151116,Breadtop Signature Burger Bun | 2 Pack,$2.65,https://www.coles.com.au/product/breadtop-signature-burger-bun-2-pack-5151116
3612706,Tip Top Burger Thins | 200g,$3.00,https://www.coles.com.au/product/tip-top-burger-thins-200g-3612706
5185479,Tip Top Gourmet Bun | 4 pack,$4.50,https://www.coles.com.au/product/tip-top-gourmet-bun-4-pack-5185479
2471234,Mission Soft & Fluffy Wrap 12 pack | 450g,$5.00,https://www.coles.com.au/product/mission-soft-and-fluffy-wrap-12-pack-450g-2471234
3824500,Coles I'M Free From Turkish Bread | 200g,$5.10,https://www.coles.com.au/product/coles-i'm-free-from-turkish-bread-200g-3824500
4230920,Coles Rocky Road | 250g,$6.40,https://www.coles.com.au/product/coles-rocky-road-250g-4230920
1358134,Vitality Spelt Wholemeal Chia | 580g,$7.00,https://www.coles.com.au/product/vitality-spelt-wholemeal-chia-580g-1358134
4406109,Abbott's Village Bakery Gluten Free Sourdough Grain And Seeds | 500g,$7.00,https://www.coles.com.au/product/abbott's-village-bakery-gluten-free-sourdough-grain-and-seeds-500g-4406109
4330710,Simson's Pantry Premium Stone Baked Garlic And Herb Pizza 2 ... 500g,$7.30,https://www.coles.com.au/product/simson's-pantry-premium-stone-baked-garlic-and-herb-pizza-2-pack-500g-4330710
5529206,Coles Passionfruit Cheesecake Bar | 520g,$12.00,https://www.coles.com.au/product/coles-passionfruit-cheesecake-bar-520g-5529206
3022236,Coles Lemon Roulade | 450g,$14.00,https://www.coles.com.au/product/coles-lemon-roulade-450g-3022236
3668960,Coles Silver Party Candles | 16 pack,$3.00,https://www.coles.com.au/product/coles-silver-party-candles-16-pack-3668960
5120575,Noshu 95% Sugar Free Dark Choc Raspberry Donut | 45g,$3.00,https://www.coles.com.au/product/noshu-95percent-sugar-free-dark-choc-raspberry-donut-45g-5120575
5777296,Coles Vegemite Twist | 2 pack,$3.00,https://www.coles.com.au/product/coles-vegemite-twist-2-pack-5777296
4307560,Coles Bakery White Loaf | 800g,$3.50,https://www.coles.com.au/product/coles-bakery-white-loaf-800g-4307560
3733948,Coles Gluten Free White Rolls 2 Pack | 140g,$3.60,https://www.coles.com.au/product/coles-gluten-free-white-rolls-2-pack-140g-3733948
5202104,Simson's Pantry Preservative Free Mixed Wholegrain Large Wraps ... 528g,$4.00,https://www.coles.com.au/product/simson's-pantry-preservative-free-mixed-wholegrain-large-wraps-8-pack-528g-5202104
4984310,Coles Low Carb High Protein Pizza Base 2 pack | 200g,$5.40,https://www.coles.com.au/product/coles-low-carb-high-protein-pizza-base-2-pack-200g-4984310
1995386,Coles IM Free From White Wraps | 200g,$5.50,https://www.coles.com.au/product/coles-im-free-from-white-wraps-200g-1995386
4466938,Coles Gluten Free Wholemeal Loaf | 500g,$5.70,https://www.coles.com.au/product/coles-gluten-free-wholemeal-loaf-500g-4466938
5109211,Coles Banana Caramel Muffins 2 Pack | 250g,$5.85,https://www.coles.com.au/product/coles-banana-caramel-muffins-2-pack-250g-5109211
6309646,Coles Raspberry And White Chocolate Muffins 2 Pack | 220g,$5.85,https://www.coles.com.au/product/coles-raspberry-and-white-chocolate-muffins-2-pack-220g-6309646
4147816,Coles Bakery Iced Cupcakes | 6 pack,$6.00,https://www.coles.com.au/product/coles-bakery-iced-cupcakes-6-pack-4147816
1595548,Coles Gluten Free Pizza Bases 2 pack | 300g,$6.40,https://www.coles.com.au/product/coles-gluten-free-pizza-bases-2-pack-300g-1595548
2834247,Abbott's Bakery Gluten Free Soy And Linseed Bread | 500g,$7.00,https://www.coles.com.au/product/abbott's-bakery-gluten-free-soy-and-linseed-bread-500g-2834247
4654133,Herman Brot Complete Protein Bread | 500g,$7.10,https://www.coles.com.au/product/herman-brot-complete-protein-bread-500g-4654133
8995067,Toscano Choco Chip Waffles 4 pack | 360g,$7.50,https://www.coles.com.au/product/toscano-choco-chip-waffles-4-pack-360g-8995067
4506839,Coles Mini Dessert Selection | 20 pack,$22.00,https://www.coles.com.au/product/coles-mini-dessert-selection-20-pack-4506839
6252425,Coles Celebration Layer Cake | 970g,$25.00,https://www.coles.com.au/product/coles-celebration-layer-cake-970g-6252425
6201876,MEB Pita Family White 5 pack | 225g,$2.00,https://www.coles.com.au/product/meb-pita-family-white-5-pack-225g-6201876
5202079,Simson's Pantry Preservative Free White Mini Wraps 6 Pack | 168g,$2.40,https://www.coles.com.au/product/simson's-pantry-preservative-free-white-mini-wraps-6-pack-168g-5202079
6405220,Breadtop Matcha Custard Bun | 1 each,$3.50,https://www.coles.com.au/product/breadtop-matcha-custard-bun-1-each-6405220
3733960,Coles Bake At Home White Dinner Rolls | 135g,$3.60,https://www.coles.com.au/product/coles-bake-at-home-white-dinner-rolls-135g-3733960
4222300,Coles Natures Kitchen Vegan Chocolate Cupcake 2 Pack | 130g,$4.00,https://www.coles.com.au/product/coles-natures-kitchen-vegan-chocolate-cupcake-2-pack-130g-4222300
5185468,Tip Top Potato Bun | 4 pack,$4.50,https://www.coles.com.au/product/tip-top-potato-bun-4-pack-5185468
4327239,Mission Low Carb Spinach And Herb Wrap | 288g,$5.50,https://www.coles.com.au/product/mission-low-carb-spinach-and-herb-wrap-288g-4327239
5109222,Coles Dream Crumb True Lemon Meringue Cupcake 2 Pack | 280g,$5.50,https://www.coles.com.au/product/coles-dream-crumb-true-lemon-meringue-cupcake-2-pack-280g-5109222
5109233,Coles Dreams Crumb True Chocolate & Caramel Cupcak ... 310g,$5.50,https://www.coles.com.au/product/coles-dreams-crumb-true-chocolate-and-caramel-cupcakes-2-pack-310g-5109233
5862588,Mission Mini Wrap Wholegrain 8 pack | 384g,$5.50,https://www.coles.com.au/product/mission-mini-wrap-wholegrain-8-pack-384g-5862588
6332207,We Love Cake Raspberry Ripple Slices 4 Pack | 118g,$5.75,https://www.coles.com.au/product/we-love-cake-raspberry-ripple-slices-4-pack-118g-6332207
3904712,Coles Caramel Mud Cake | 600g,$6.40,https://www.coles.com.au/product/coles-caramel-mud-cake-600g-3904712
4963036,Simson's Pantry Low Carb Grains & 7 Seeds + Fibre | 420g,$6.50,https://www.coles.com.au/product/simson's-pantry-low-carb-grains-and-7-seeds-+-fibre-420g-4963036
5111440,Noshu 95% Sugar Free Banana Bread Slices | 240g,$7.00,https://www.coles.com.au/product/noshu-95percent-sugar-free-banana-bread-slices-240g-5111440
3733981,Coles Gluten Free Brioche Style Rolls 2 Pack | 140g,$3.50,https://www.coles.com.au/product/coles-gluten-free-brioche-style-rolls-2-pack-140g-3733981
6405195,Breadtop Chocolate Ganache Bun | 1 each,$3.50,https://www.coles.com.au/product/breadtop-chocolate-ganache-bun-1-each-6405195
3013279,Coles Meringue Nests 8 pack | 80g,$4.85,https://www.coles.com.au/product/coles-meringue-nests-8-pack-80g-3013279
3451345,Genius Stone Baked Pita Breads | 3 pack,$5.00,https://www.coles.com.au/product/genius-stone-baked-pita-breads-3-pack-3451345
5197128,Helgas Prebiotic Wrap White | 380g,$5.50,https://www.coles.com.au/product/helgas-prebiotic-wrap-white-380g-5197128
5202137,Simson's Pantry Better For You Low Carb Super Seeds Keto 5 pack | 200g,$6.00,https://www.coles.com.au/product/simson's-pantry-better-for-you-low-carb-super-seeds-keto-5-pack-200g-5202137
4152918,Coles Rainbow Cake | 1.4kg,$31.00,https://www.coles.com.au/product/coles-rainbow-cake-1.4kg-4152918
5115134,The Little Bakery Co. Vegan Chocolate Macaroons 6 Pack | 190g,$3.00,https://www.coles.com.au/product/the-little-bakery-co.-vegan-chocolate-macaroons-6-pack-190g-5115134
5216619,Coles Bakery Wholemeal Loaf | 800g,$3.50,https://www.coles.com.au/product/coles-bakery-wholemeal-loaf-800g-5216619
5202080,Simson's Pantry Preservative Free Salt Reduced White L ... 528g,$4.00,https://www.coles.com.au/product/simson's-pantry-preservative-free-salt-reduced-white-large-wraps-8-pack-528g-5202080
6295814,Simson's Pantry Traditional Naan Bread | 250g,$4.00,https://www.coles.com.au/product/simson's-pantry-traditional-naan-bread-250g-6295814
9228493,Balconi Trancetto Cacao Cakes 10 pack | 280g,$4.35,https://www.coles.com.au/product/balconi-trancetto-cacao-cakes-10-pack-280g-9228493
4319150,Coles Gluten Free Bagels 4 Pack | 240g,$5.20,https://www.coles.com.au/product/coles-gluten-free-bagels-4-pack-240g-4319150
3313727,Mission Low Carb Wraps 6 pack | 288g,$5.50,https://www.coles.com.au/product/mission-low-carb-wraps-6-pack-288g-3313727
4654020,Old Time Bakery Gluten Free Lebanese Bread | 280g,$5.80,https://www.coles.com.au/product/old-time-bakery-gluten-free-lebanese-bread-280g-4654020
5111439,Noshu 96% Sugar Free Angel Cake Slices | 170g,$7.00,https://www.coles.com.au/product/noshu-96percent-sugar-free-angel-cake-slices-170g-5111439
5749687,Herman Brot Lower Carb Lower Carb High Protein Sourdough Loaf | 550g,$7.50,https://www.coles.com.au/product/herman-brot-lower-carb-lower-carb-high-protein-sourdough-loaf-550g-5749687
4868782,Cadbury Mixed Cupcakes 6pack | 270g,$9.00,https://www.coles.com.au/product/cadbury-mixed-cupcakes-6pack-270g-4868782
3736811,Coles Apple Pie | 550g,$9.75,https://www.coles.com.au/product/coles-apple-pie-550g-3736811
5082884,Coles Apple Berry Crumble Tart | 720g,$13.00,https://www.coles.com.au/product/coles-apple-berry-crumble-tart-720g-5082884
5559138,Bennett St Dairy Original Chocolate Cookie Dough | 500g,$13.00,https://www.coles.com.au/product/bennett-st-dairy-original-chocolate-cookie-dough-500g-5559138
6341547,Great Temptations Fairy Cupcake 2 pack | 65g,$2.50,https://www.coles.com.au/product/great-temptations-fairy-cupcake-2-pack-65g-6341547
1855456,Coles Tart Shells | 6 pack,$4.00,https://www.coles.com.au/product/coles-tart-shells-6-pack-1855456
5202090,Simson's Pantry Better For You Low Carb Keto Mini's 6 Pack | 156g,$4.50,https://www.coles.com.au/product/simson's-pantry-better-for-you-low-carb-keto-mini's-6-pack-156g-5202090
2603798,Jon-Jon Ginger Kisses Cream Filled Sponge Cake 8 pack | 200g,$4.90,https://www.coles.com.au/product/jon-jon-ginger-kisses-cream-filled-sponge-cake-8-pack-200g-2603798
4862414,Coles 70% Lower Carb Wraps White 5 Pack | 210g,$5.50,https://www.coles.com.au/product/coles-70percent-lower-carb-wraps-white-5-pack-210g-4862414
5055510,Coles Mixed Berry & Coconut Loaf | 500g,$5.60,https://www.coles.com.au/product/coles-mixed-berry-and-coconut-loaf-500g-5055510
6332193,We Love Cake Lemon Slices 4 Pack | 120g,$5.75,https://www.coles.com.au/product/we-love-cake-lemon-slices-4-pack-120g-6332193
3241160,Genius Gluten Free Crumpets | 4 pack,$6.00,https://www.coles.com.au/product/genius-gluten-free-crumpets-4-pack-3241160
4654122,Herman Brot Low Carb Bread | 600g,$6.00,https://www.coles.com.au/product/herman-brot-low-carb-bread-600g-4654122
7577731,Coles Sponge Unfilled Rectangular | 450g,$6.00,https://www.coles.com.au/product/coles-sponge-unfilled-rectangular-450g-7577731
4654097,Edwards Sourdough Organic Sourdough Bread | 680g,$8.50,https://www.coles.com.au/product/edwards-sourdough-organic-sourdough-bread-680g-4654097
3733959,Coles Gluten Free Five Seed Rolls 2 pack | 140g,$3.60,https://www.coles.com.au/product/coles-gluten-free-five-seed-rolls-2-pack-140g-3733959
3237582,Genius Gluten Free Soft Brioche Rolls | 2 pack,$4.00,https://www.coles.com.au/product/genius-gluten-free-soft-brioche-rolls-2-pack-3237582
5748505,Coles Brioche Buns | 4 pack,$4.00,https://www.coles.com.au/product/coles-brioche-buns-4-pack-5748505
3645523,Cremorne Street Bakers Cake Carrot Orange & Walnut | 1 each,$5.00,https://www.coles.com.au/product/cremorne-street-bakers-cake-carrot-orange-and-walnut-1-each-3645523
3509933,We Love Cake Chocolate Brownies 4 Pack | 150g,$5.75,https://www.coles.com.au/product/we-love-cake-chocolate-brownies-4-pack-150g-3509933
9591289,Mr Donut Assorted Donuts | 4 pack,$6.00,https://www.coles.com.au/product/mr-donut-assorted-donuts-4-pack-9591289
3293572,Genius Gluten Free Farmhouse Soft Brown Bread Loaf | 535g,$6.90,https://www.coles.com.au/product/genius-gluten-free-farmhouse-soft-brown-bread-loaf-535g-3293572
3217687,Cadbury Milk Chocolate Mini Rolls 18 Pack | 445g,$12.00,https://www.coles.com.au/product/cadbury-milk-chocolate-mini-rolls-18-pack-445g-3217687
6277903,Coles Chocolate Dipped Biscuit | 40g,$1.75,https://www.coles.com.au/product/coles-chocolate-dipped-biscuit-40g-6277903
2917071,Tip Top Sandwich Thins Lightly Seeded | 240g,$3.00,https://www.coles.com.au/product/tip-top-sandwich-thins-lightly-seeded-240g-2917071
5218046,Coles Bakery Cinnamon Scrolls | 2 pack,$3.50,https://www.coles.com.au/product/coles-bakery-cinnamon-scrolls-2-pack-5218046
5871658,Simson's Pantry Garlic & Herb Mini Naans 5 pack | 225g,$3.50,https://www.coles.com.au/product/simson's-pantry-garlic-and-herb-mini-naans-5-pack-225g-5871658
6133506,Mr Donut Chocolate Jam Ball Donuts | 2 pack,$3.70,https://www.coles.com.au/product/mr-donut-chocolate-jam-ball-donuts-2-pack-6133506
5652552,We Love Cake Salted Caramel & Chocolate Tarts | 2 pack,$3.75,https://www.coles.com.au/product/we-love-cake-salted-caramel-and-chocolate-tarts-2-pack-5652552
5863300,Simson's Pantry No Artificial Preservatives Sweet Chilli Wra ... 445g,$4.00,https://www.coles.com.au/product/simson's-pantry-no-artificial-preservatives-sweet-chilli-wraps-7-pack-445g-5863300
4654009,Old Time Bakery Gluten Free Wholesome Buckwheat Wraps | 250g,$5.80,https://www.coles.com.au/product/old-time-bakery-gluten-free-wholesome-buckwheat-wraps-250g-4654009
3673664,Coles Vol Au Vent 4 Pack | 108g,$5.85,https://www.coles.com.au/product/coles-vol-au-vent-4-pack-108g-3673664
3750426,Vitality Homestyle Low Carb Loaf | 520g,$6.35,https://www.coles.com.au/product/vitality-homestyle-low-carb-loaf-520g-3750426
6750794,Edwards Sourdough Spelt Grain With Barleymax | 680g,$8.50,https://www.coles.com.au/product/edwards-sourdough-spelt-grain-with-barleymax-680g-6750794
3733992,Coles IM Free From English Muffins | 140g,$3.50,https://www.coles.com.au/product/coles-im-free-from-english-muffins-140g-3733992
5201790,Toscano Pinsa Pizza Base | 240g,$3.60,https://www.coles.com.au/product/toscano-pinsa-pizza-base-240g-5201790
3237571,Genius Gluten Free Soft White Rolls | 2 pack,$4.00,https://www.coles.com.au/product/genius-gluten-free-soft-white-rolls-2-pack-3237571
6420585,Abbotts Bakery Sourdough White | 760g,$4.60,https://www.coles.com.au/product/abbotts-bakery-sourdough-white-760g-6420585
5862475,Mission Soft & Fluffy Butter Wrap 12 pack | 450g,$5.00,https://www.coles.com.au/product/mission-soft-and-fluffy-butter-wrap-12-pack-450g-5862475
3824497,Coles I'M Free From Focaccia | 250g,$5.20,https://www.coles.com.au/product/coles-i'm-free-from-focaccia-250g-3824497
6420621,Burgen Cholesterol Lowering Wholegrain & Oats | 700g,$6.00,https://www.coles.com.au/product/burgen-cholesterol-lowering-wholegrain-and-oats-700g-6420621
4963047,Simson's Pantry Low Carb Garlic & Herb + Protein | 420g,$6.50,https://www.coles.com.au/product/simson's-pantry-low-carb-garlic-and-herb-+-protein-420g-4963047
3745481,Alpine Low Carb | 600g,$7.50,https://www.coles.com.au/product/alpine-low-carb-600g-3745481
5652520,We Love Cake Lemon Tarts | 2 pack,$7.50,https://www.coles.com.au/product/we-love-cake-lemon-tarts-2-pack-5652520
4739382,Cremorn St Bakers Double Chocolate Cake 5'' | 1 each,$25.00,https://www.coles.com.au/product/cremorn-st-bakers-double-chocolate-cake-5''-1-each-4739382
6341649,Great Temptations Mufnutz 2 pack | 70g,$2.50,https://www.coles.com.au/product/great-temptations-mufnutz-2-pack-70g-6341649
6379437,Mini Fruit Pana Di Casa | 1 each,$2.50,https://www.coles.com.au/product/mini-fruit-pana-di-casa-1-each-6379437
3269159,Coles Vanilla Flavoured Meringue Kisses | 100g,$4.40,https://www.coles.com.au/product/coles-vanilla-flavoured-meringue-kisses-100g-3269159
6177396,Mr Kipling Signature Choc Brownie Bites 10 Pack | 120g,$6.90,https://www.coles.com.au/product/mr-kipling-signature-choc-brownie-bites-10-pack-120g-6177396
4824776,Edwards Sourdough Yeast Free Soya Linseed Bread | 680g,$8.50,https://www.coles.com.au/product/edwards-sourdough-yeast-free-soya-linseed-bread-680g-4824776
1534306,Coles Pavlova | 1 pack,$9.20,https://www.coles.com.au/product/coles-pavlova-1-pack-1534306
3672049,Coles Rich Chocolate Cake | 1600g,$41.00,https://www.coles.com.au/product/coles-rich-chocolate-cake-1600g-3672049
3668890,Coles Acrylic Plaque Gold & Silver Oh Baby | 1 each,$3.00,https://www.coles.com.au/product/coles-acrylic-plaque-gold-and-silver-oh-baby-1-each-3668890
5218068,Coles Bakery Salted Caramel Scrolls | 2 pack,$3.50,https://www.coles.com.au/product/coles-bakery-salted-caramel-scrolls-2-pack-5218068
3669044,Coles Congrats Acrylic Plaque Gold & Silver | 1 each,$4.50,https://www.coles.com.au/product/coles-congrats-acrylic-plaque-gold-and-silver-1-each-3669044
4654031,Old Time Bakery Gluten Free Lebanese Wholemeal Bread | 250g,$5.80,https://www.coles.com.au/product/old-time-bakery-gluten-free-lebanese-wholemeal-bread-250g-4654031
6177400,Mr Kipling Signature Choc Caramel Bites 10 Pack | 140g,$6.90,https://www.coles.com.au/product/mr-kipling-signature-choc-caramel-bites-10-pack-140g-6177400
4653990,Alpine Lower Carb Plain | 600g,$7.50,https://www.coles.com.au/product/alpine-lower-carb-plain-600g-4653990
3751837,Genius Gluten Free Artisan Seeded Cob | 385g,$9.20,https://www.coles.com.au/product/genius-gluten-free-artisan-seeded-cob-385g-3751837
5559149,Bennett St Dairy Salted Caramel & White Chocolate Dough | 500g,$13.00,https://www.coles.com.au/product/bennett-st-dairy-salted-caramel-and-white-chocolate-dough-500g-5559149
3783946,Coles Finest Pain Au Chocolate Single | 1 each,$3.00,https://www.coles.com.au/product/coles-finest-pain-au-chocolate-single-1-each-3783946
3237560,Genius Gluten Free Triple Seeded Soft Rolls | 2 pack,$4.00,https://www.coles.com.au/product/genius-gluten-free-triple-seeded-soft-rolls-2-pack-3237560
4654010,Old Time Bakery Gluten Free  Multigrain Wraps | 250g,$5.80,https://www.coles.com.au/product/old-time-bakery-gluten-free-multigrain-wraps-250g-4654010
6409130,Taste Dessert Chilled Lemon Slice | 350g,$6.50,https://www.coles.com.au/product/taste-dessert-chilled-lemon-slice-350g-6409130
3765161,Laucke Stoneground Rustic White | 2.4kg,$10.90,https://www.coles.com.au/product/laucke-stoneground-rustic-white-2.4kg-3765161
6395900,Dreams Crumb True Mixed Brookies | 4 pack,$13.00,https://www.coles.com.au/product/dreams-crumb-true-mixed-brookies-4-pack-6395900
3862984,Coles Bakery High Top Half Sandwich Loaf | 320g,$1.30,https://www.coles.com.au/product/coles-bakery-high-top-half-sandwich-loaf-320g-3862984
3862995,Coles Bakery High Top Half Toast Loaf | 320g,$1.30,https://www.coles.com.au/product/coles-bakery-high-top-half-toast-loaf-320g-3862995
6335169,Coles Vegan Jumbo Chocolate Chip Cookie | 1 each,$2.25,https://www.coles.com.au/product/coles-vegan-jumbo-chocolate-chip-cookie-1-each-6335169
3783935,Coles Finest Butter Croissant Single | 1 each,$3.00,https://www.coles.com.au/product/coles-finest-butter-croissant-single-1-each-3783935
3783957,Coles Finest Pain Au Raisin Single | 1 each,$3.00,https://www.coles.com.au/product/coles-finest-pain-au-raisin-single-1-each-3783957
3974616,Coles Glitter Hip Hip Hooray Acrylic Plaque Small | 1 each,$3.00,https://www.coles.com.au/product/coles-glitter-hip-hip-hooray-acrylic-plaque-small-1-each-3974616
6282539,Coles Vanilla Pride Cupcakes | 4 pack,$6.00,https://www.coles.com.au/product/coles-vanilla-pride-cupcakes-4-pack-6282539
4459240,Coles Bakery 50% Lower Carb White Toast Loaf | 680g,$3.50,https://www.coles.com.au/product/coles-bakery-50percent-lower-carb-white-toast-loaf-680g-4459240
4459251,Coles Bakery 50% Lower Carb White Sandwhich | 680g,$3.50,https://www.coles.com.au/product/coles-bakery-50percent-lower-carb-white-sandwhich-680g-4459251
4459262,Coles Bakery 50% Lower Carb Rolls | 4 pack,$3.50,https://www.coles.com.au/product/coles-bakery-50percent-lower-carb-rolls-4-pack-4459262
3841678,Coles Bakery Rustic Veggie Scone | 6 pack,$5.00,https://www.coles.com.au/product/coles-bakery-rustic-veggie-scone-6-pack-3841678
5152786,Coles Bakery Banoffee Turnover | 1 each,$5.00,https://www.coles.com.au/product/coles-bakery-banoffee-turnover-1-each-5152786
5862850,Helga's Corn Tortilla Wrap | 508g,$5.00,https://www.coles.com.au/product/helga's-corn-tortilla-wrap-508g-5862850
3307633,Coles Bakery Chocolate Cream Filled Profiteroles | 12 pack,$5.75,https://www.coles.com.au/product/coles-bakery-chocolate-cream-filled-profiteroles-12-pack-3307633
5862908,Helga's 60% Lower Carb Wrap White | 225g,$6.00,https://www.coles.com.au/product/helga's-60percent-lower-carb-wrap-white-225g-5862908
6363528,Coles 70% Lower Carb English Muffins 4 Pack | 200g,$6.50,https://www.coles.com.au/product/coles-70percent-lower-carb-english-muffins-4-pack-200g-6363528
6530572,Coles Finest White Sourdough Cob | 1 each,$6.50,https://www.coles.com.au/product/coles-finest-white-sourdough-cob-1-each-6530572
3377027,La Fournee Doree Brioche Swirls With Choc Chips | 300g,$6.60,https://www.coles.com.au/product/la-fournee-doree-brioche-swirls-with-choc-chips-300g-3377027
4876281,La Fournee Doree Brioche Burger Buns | 250g,$6.60,https://www.coles.com.au/product/la-fournee-doree-brioche-burger-buns-250g-4876281
4876420,La Fournee Doree Brioche Sliders 10 Pack | 200g,$6.60,https://www.coles.com.au/product/la-fournee-doree-brioche-sliders-10-pack-200g-4876420
3627306,Genius Gluten Free Wraps | 4 pack,$6.90,https://www.coles.com.au/product/genius-gluten-free-wraps-4-pack-3627306
6404997,Anytime Donuts Caramel Custard With Biscuits & Whit ... 2 pack,$7.00,https://www.coles.com.au/product/anytime-donuts-caramel-custard-with-biscuits-and-white-chocolate-with-caramel-190g-2-pack-6404997
6405016,Anytime Donuts Cookies & Cream Strawberry Iced 180g | 2 pack,$7.00,https://www.coles.com.au/product/anytime-donuts-cookies-and-cream-strawberry-iced-180g-2-pack-6405016
4824765,Edwards Sourdough Yeast Free Organic Rye Bread | 680g,$8.50,https://www.coles.com.au/product/edwards-sourdough-yeast-free-organic-rye-bread-680g-4824765
5576068,Cadbury Dairy Milk Freddo Cupcakes 6 Pack | 270g,$9.60,https://www.coles.com.au/product/cadbury-dairy-milk-freddo-cupcakes-6-pack-270g-5576068
6405027,Anytime Donuts Lemon Coconut Strawberry Iced White Choc Car ... 4 pack,$13.00,https://www.coles.com.au/product/anytime-donuts-lemon-coconut-strawberry-iced-white-choc-caramel-cookies-and-cream-360g-4-pack-6405027
3770740,Coles Bakery Berry Choc Decorated Pavlova | 410g,$13.50,https://www.coles.com.au/product/coles-bakery-berry-choc-decorated-pavlova-410g-3770740
