409499,Fresh Bananas | approx 220g,$0.72,https://www.coles.com.au/product/fresh-bananas-approx.-220g-409499
4841775,Coles Family Broccolini | 1 each,$4.90,https://www.coles.com.au/product/coles-family-broccolini-1-each-4841775
5900530,Coles Hass Avocados | 1 each,$1.80,https://www.coles.com.au/product/coles-hass-avocados-1-each-5900530
5293041,Old El Paso Hard N Soft Taco Kit Mexican Style | 350g,$9.50,https://www.coles.com.au/product/old-el-paso-hard-n-soft-taco-kit-mexican-style-350g-5293041
407755,Coles Broccoli | approx 340g,$0.99,https://www.coles.com.au/product/coles-broccoli-approx.-340g-each-407755
9006560,Coles Carrots Prepacked 1Kg | 1 each,$1.40,https://www.coles.com.au/product/coles-carrots-prepacked-1kg-1-each-9006560
409750,Coles Imperial Mandarins Medium | approx 80g,$0.23,https://www.coles.com.au/product/coles-imperial-mandarins-medium-approx.-80g-409750
4910506,Coles Green Zucchini | approx 300g,$1.01,https://www.coles.com.au/product/coles-green-zucchini-approx.-300g-4910506
134029,Coles Raspberries | 125g,$5.00,https://www.coles.com.au/product/coles-raspberries-125g-134029
4575605,Coles Continental Cucumbers Loose | 1 each,$2.00,https://www.coles.com.au/product/coles-continental-cucumbers-loose-1-each-4575605
6706191,Coles Red Seedless Grapes | approx 900g,$2.80,https://www.coles.com.au/product/coles-red-seedless-grapes-approx.-900g-6706191
4580208,Coles Red Capsicum | approx 250g,$1.38,https://www.coles.com.au/product/coles-red-capsicum-approx.-250g-4580208
5191256,Fresh Strawberries Prepacked | 250g,$5.50,https://www.coles.com.au/product/fresh-strawberries-prepacked-250g-5191256
4597109,Coles Field Tomatoes Loose | approx 140g,$0.76,https://www.coles.com.au/product/coles-field-tomatoes-loose-approx.-140g-4597109
4601603,Coles Cauliflower Medium | 1 each,$2.50,https://www.coles.com.au/product/coles-cauliflower-medium-1-each-4601603
6706395,Coles White Seedless Grapes Loose | approx 900g,$4.00,https://www.coles.com.au/product/coles-white-seedless-grapes-loose-approx.-900g-6706395
4239517,Fresh Brown Onions Loose | approx 180g,$0.67,https://www.coles.com.au/product/fresh-brown-onions-loose-approx.-180g-each-4239517
4628676,Coles Greenhouse Truss Tomatoes | approx 140g,$1.39,https://www.coles.com.au/product/coles-greenhouse-truss-tomatoes-approx.-140g-each-4628676
7508229,Coles Seedless Watermelon Cut | approx 2kg,$5.77,https://www.coles.com.au/product/coles-seedless-watermelon-cut-approx.-2kg-7508229
4834736,Coles Cherry Tomatoes Prepacked | 250g,$2.50,https://www.coles.com.au/product/coles-cherry-tomatoes-prepacked-250g-4834736
4255717,Coles Medium Navel Oranges | approx 180g,$0.45,https://www.coles.com.au/product/coles-medium-navel-oranges-approx.-180g-each-4255717
4199503,Coles Sweet Gold Potatoes Loose | approx 450g,$1.57,https://www.coles.com.au/product/coles-sweet-gold-potatoes-loose-approx.-450g-4199503
4594010,Coles Fresh Loose Cup Mushrooms | approx 200g,$2.50,https://www.coles.com.au/product/coles-fresh-loose-cup-mushrooms-approx.-200g-4594010
156258,Coles Packham Pears | approx 240g,$0.94,https://www.coles.com.au/product/coles-packham-pears-approx.-240g-156258
7265535,Coles Grape Perino Tomatoes Prepacked | 200g,$3.50,https://www.coles.com.au/product/coles-grape-perino-tomatoes-prepacked-200g-7265535
4803991,Coles Brown Onions | 1kg,$3.50,https://www.coles.com.au/product/coles-brown-onions-1kg-4803991
4575208,Coles Lebanese Cucumbers | approx 210g,$1.24,https://www.coles.com.au/product/coles-lebanese-cucumbers-approx.-210g-4575208
8467604,Coles Red Onion 1 Kg | 1kg,$3.00,https://www.coles.com.au/product/coles-red-onion-1-kg-1kg-8467604
5111654,Coles Pink Lady Apples | approx 200g,$0.98,https://www.coles.com.au/product/coles-pink-lady-apples-approx.-200g-each-5111654
6979376,Coles Gold Kiwifruit | 1 each,$1.50,https://www.coles.com.au/product/coles-gold-kiwifruit-1-each-6979376
408419,Coles Spring Onions | 1 bunch,$2.80,https://www.coles.com.au/product/coles-spring-onions-1-bunch-408419
6706282,Coles Black Grapes | approx 700g,$3.25,https://www.coles.com.au/product/coles-black-grapes-approx.-700g-6706282
7174994,Coles Afourer Mandarins | approx 130g,$0.38,https://www.coles.com.au/product/coles-afourer-mandarins-approx.-130g-each-7174994
1182162,Coles Creme Gold Washed Potatoes Loose | approx140g,$0.63,https://www.coles.com.au/product/coles-creme-gold-washed-potatoes-loose-approx-140g-each-1182162
5211604,Coles Mini Pack Mandarins | 850g,$2.50,https://www.coles.com.au/product/coles-mini-pack-mandarins-850g-5211604
134040,Coles Blackberries Prepacked | 125g,$5.00,https://www.coles.com.au/product/coles-blackberries-prepacked-125g-134040
407675,Coles Green Beans loose | approx 250g,$1.18,https://www.coles.com.au/product/coles-green-beans-loose-approx.-250g-407675
7214862,Coles Green Capsicum Loose | approx 250g,$1.73,https://www.coles.com.au/product/coles-green-capsicum-loose-approx.-250g-each-7214862
4584071,Coles Iceberg Lettuce | 1 each,$3.90,https://www.coles.com.au/product/coles-iceberg-lettuce-1-each-4584071
5543535,Coles Blueberries Prepacked | 125g,$5.90,https://www.coles.com.au/product/coles-blueberries-prepacked-125g-5543535
4223335,Coles Carrots Loose | approx 170g,$0.42,https://www.coles.com.au/product/coles-carrots-loose-approx.-170g-each-4223335
5318302,Coles Medium Lemons | 1 each,$1.20,https://www.coles.com.au/product/coles-medium-lemons-1-each-5318302
4578148,Coles Baby Cucumbers | 250g,$4.50,https://www.coles.com.au/product/coles-baby-cucumbers-250g-4578148
4218459,Coles Red Onions Loose | approx 200g,$0.88,https://www.coles.com.au/product/coles-red-onions-loose-approx.-200g-each-4218459
1499340,Coles Lettuce Spinach | 120g,$3.00,https://www.coles.com.au/product/coles-lettuce-spinach-120g-1499340
1206748,Coles Washed Potatoes | 2kg,$7.50,https://www.coles.com.au/product/coles-washed-potatoes-2kg-1206748
5221380,McCormick Produce Partner Italia Roast Potatoes | 40g,$1.80,https://www.coles.com.au/product/mccormick-produce-partner-italia-roast-potatoes-40g-5221380
5982477,Coles Baby Broccoli | 1 each,$3.50,https://www.coles.com.au/product/coles-baby-broccoli-1-each-5982477
4190600,Coles Wrapped Butternut Pumpkin | approx 700g,$2.45,https://www.coles.com.au/product/coles-wrapped-butternut-pumpkin-approx.-700g-each-4190600
4202540,Coles Kent Pumpkin Cut | approx 900g,$1.35,https://www.coles.com.au/product/coles-kent-pumpkin-cut-approx.-900g-each-4202540
2584547,Coles Baby Gem Lettuce | 3 pack,$4.20,https://www.coles.com.au/product/coles-baby-gem-lettuce-3-pack-2584547
1499486,Coles Baby Spinach | 60g,$2.00,https://www.coles.com.au/product/coles-baby-spinach-60g-1499486
4425883,Coles Green Kiwifruit | 1 each,$0.80,https://www.coles.com.au/product/coles-green-kiwifruit-1-each-4425883
5226000,Coles Royal Gala Apples Loose | approx 160g,$0.94,https://www.coles.com.au/product/coles-royal-gala-apples-loose-approx.-160g-each-5226000
408554,Fresh Granny Smith Medium Apples | approx 170g,$0.83,https://www.coles.com.au/product/fresh-granny-smith-medium-apples-approx.-170g-each-408554
4646485,Coles Baby Cos Lettuce | 2 pack,$3.50,https://www.coles.com.au/product/coles-baby-cos-lettuce-2-pack-4646485
4845732,Coles Celery | 1 bunch,$3.00,https://www.coles.com.au/product/coles-celery-1-bunch-4845732
4838737,Coles Green Asparagus | 1 each,$3.00,https://www.coles.com.au/product/coles-green-asparagus-1-each-4838737
1022610,Coles Creme Royale Brushed Potatoes loose | approx 200g,$0.70,https://www.coles.com.au/product/coles-creme-royale-brushed-potatoes-loose-approx.-200g-each-1022610
2511791,Coles Kids Pack Bananas | 750g,$4.00,https://www.coles.com.au/product/coles-kids-pack-bananas-750g-2511791
6105715,Coles Garlic loose | approx 60g,$1.74,https://www.coles.com.au/product/coles-garlic-loose-approx.-60g-each-6105715
5707745,Coles Strawberries Premium | 350g,$8.90,https://www.coles.com.au/product/coles-strawberries-premium-350g-5707745
4562603,Coles Sweet Corn | 1 each,$1.50,https://www.coles.com.au/product/coles-sweet-corn-1-each-4562603
4595930,Coles Leeks | 1 each,$2.50,https://www.coles.com.au/product/coles-leeks-1-each-4595930
4236122,Coles Baby Carrots Prepacked | 500g,$1.20,https://www.coles.com.au/product/coles-baby-carrots-prepacked-500g-4236122
8209722,Coles 4 Leaf Salad Mix | 200g,$3.00,https://www.coles.com.au/product/coles-4-leaf-salad-mix-200g-8209722
3395313,Coles Half Cauliflower Precut | 1 each,$1.70,https://www.coles.com.au/product/coles-half-cauliflower-precut-1-each-3395313
4575321,Coles Sleeved Herbs Coriander | 1 each,$3.20,https://www.coles.com.au/product/coles-sleeved-herbs-coriander-1-each-4575321
2511678,Coles Apples Mini 1kg | 1 each,$3.00,https://www.coles.com.au/product/coles-apples-mini-1kg-1-each-2511678
4829838,Coles Cup Mushrooms | 500g,$6.50,https://www.coles.com.au/product/coles-cup-mushrooms-500g-4829838
1181308,Coles Red Royale Potatoes Loose | approx 170g,$0.77,https://www.coles.com.au/product/coles-red-royale-potatoes-loose-approx.-170g-each-1181308
4438477,Coles Pink Lady Apples 1kg | 1 each,$5.90,https://www.coles.com.au/product/coles-pink-lady-apples-1kg-1-each-4438477
5034484,Coles Ginger loose | approx 120g,$3.24,https://www.coles.com.au/product/coles-ginger-loose-approx.-120g-5034484
4433462,Coles Royal Gala Apples 1Kg | 1 each,$5.50,https://www.coles.com.au/product/coles-royal-gala-apples-1kg-1-each-4433462
5750960,Coles Sliced Mushrooms | 200g,$3.90,https://www.coles.com.au/product/coles-sliced-mushrooms-200g-5750960
4583206,Fresh Purple Eggplant | approx 500g,$3.95,https://www.coles.com.au/product/fresh-purple-eggplant-approx.-500g-4583206
1325452,Coles Red Cherries Prepacked | 300g,$7.50,https://www.coles.com.au/product/coles-red-cherries-prepacked-300g-1325452
4567039,Coles Asian Choy Pak | 1 each,$2.50,https://www.coles.com.au/product/coles-asian-choy-pak-1-each-4567039
409874,Coles Navel Oranges | 3kg,$6.90,https://www.coles.com.au/product/coles-navel-oranges-3kg-409874
5899410,Coles Bravo Apples | approx 170g,$1.17,https://www.coles.com.au/product/coles-bravo-apples-approx.-170g-5899410
3866840,Coles Garlic Bulb Prepack | 4 pack,$3.50,https://www.coles.com.au/product/coles-garlic-bulb-prepack-4-pack-3866840
4835171,Coles Vine Ripened Tomatoes Prepacked | 500g,$6.90,https://www.coles.com.au/product/coles-vine-ripened-tomatoes-prepacked-500g-4835171
6885716,Coles 4 Leaf Salad Mix | 120g,$2.00,https://www.coles.com.au/product/coles-4-leaf-salad-mix-120g-6885716
409728,Coles Medium Lemons 5 Pack | 1 each,$4.90,https://www.coles.com.au/product/coles-medium-lemons-5-pack-1-each-409728
4829860,Coles Cup Mushrooms Prepacked | 200g,$3.90,https://www.coles.com.au/product/coles-cup-mushrooms-prepacked-200g-4829860
2386281,Coles Trimmed Celery Prepacked | 1 each,$4.50,https://www.coles.com.au/product/coles-trimmed-celery-prepacked-1-each-2386281
8559542,Coles Kanzi Red Apples | approx 180g,$1.24,https://www.coles.com.au/product/coles-kanzi-red-apples-approx.-180g-each-8559542
8658588,Coles Salad Family Baby Spinach | 280g,$5.00,https://www.coles.com.au/product/coles-salad-family-baby-spinach-280g-8658588
3627805,Coles I'm Perfect Avocados | 1kg,$6.00,https://www.coles.com.au/product/coles-i'm-perfect-avocados-1kg-3627805
1499759,Coles Baby Rocket | 60g,$2.00,https://www.coles.com.au/product/coles-baby-rocket-60g-1499759
3609392,Coles I'M Perfect Carrots Prepacked | 1.5kg,$1.50,https://www.coles.com.au/product/coles-i'm-perfect-carrots-prepacked-1.5kg-3609392
4575161,Coles Sleeved Herbs Parsley Continental | 1 each,$3.20,https://www.coles.com.au/product/coles-sleeved-herbs-parsley-continental-1-each-4575161
2470526,Coles Shredded Iceberg Lettuce | 200g,$2.00,https://www.coles.com.au/product/coles-shredded-iceberg-lettuce-200g-2470526
4293374,Little Tractor Potatoes | 2kg,$5.00,https://www.coles.com.au/product/little-tractor-potatoes-2kg-4293374
428915,Coles Rockmelon Whole | 1 each,$5.90,https://www.coles.com.au/product/coles-rockmelon-whole-1-each-428915
3666396,Coles Half Drumhead Cabbage | 1 each,$2.90,https://www.coles.com.au/product/coles-half-drumhead-cabbage-1-each-3666396
1069160,Coles Celery Sticks Prepacked | 300g,$5.00,https://www.coles.com.au/product/coles-celery-sticks-prepacked-300g-1069160
3497947,Coles Specialty White Seedless Grapes Prepacked | 500g,$6.50,https://www.coles.com.au/product/coles-specialty-white-seedless-grapes-prepacked-500g-3497947
4498173,Coles Glasshouse Grape Tomatoes | 200g,$3.50,https://www.coles.com.au/product/coles-glasshouse-grape-tomatoes-200g-4498173
5212276,Coles Amour Mandarins | 850g,$3.90,https://www.coles.com.au/product/coles-amour-mandarins-850g-5212276
5040396,Coles Jumbo Value Pack Baby Spinach | 400g,$5.80,https://www.coles.com.au/product/coles-jumbo-value-pack-baby-spinach-400g-5040396
4628326,Coles Snow Peas Medium | 150g,$3.30,https://www.coles.com.au/product/coles-snow-peas-medium-150g-4628326
2511656,Coles Pears Mini 1kg | 1 each,$3.00,https://www.coles.com.au/product/coles-pears-mini-1kg-1-each-2511656
4841775,Coles Family Broccolini | 1 each,$4.90,https://www.coles.com.au/product/coles-family-broccolini-1-each-4841775
6427471,Coles Jazz Apples | approx 160g,$1.10,https://www.coles.com.au/product/coles-jazz-apples-approx.-160g-each-6427471
4498311,Coles Gold Kiwifruit Prepacked | 6 pack,$7.90,https://www.coles.com.au/product/coles-gold-kiwifruit-prepacked-6-pack-4498311
1499475,Coles Lettuce Baby Rocket | 120g,$3.00,https://www.coles.com.au/product/coles-lettuce-baby-rocket-120g-1499475
4438740,Coles Granny Smith Apples 1kg | 1 each,$4.00,https://www.coles.com.au/product/coles-granny-smith-apples-1kg-1-each-4438740
2488485,Coles Baby White Potatoes Prepacked | 1kg,$3.80,https://www.coles.com.au/product/coles-baby-white-potatoes-prepacked-1kg-2488485
2728862,Coles Mushrooms Sliced | 500g,$6.50,https://www.coles.com.au/product/coles-mushrooms-sliced-500g-2728862
2123330,Coles Natural Californian Walnut | 400g,$8.00,https://www.coles.com.au/product/coles-natural-californian-walnut-400g-2123330
2488496,Coles Baby Carisma Potatoes | 1kg,$3.80,https://www.coles.com.au/product/coles-baby-carisma-potatoes-1kg-2488496
3479162,Fresh Garlic Cloves Prepacked | 70g,$2.50,https://www.coles.com.au/product/fresh-garlic-cloves-prepacked-70g-3479162
5945620,Coles Honeydew Melon Whole | 1 each,$5.90,https://www.coles.com.au/product/coles-honeydew-melon-whole-1-each-5945620
5536970,Coles Rockmelon Half | 1 each,$2.90,https://www.coles.com.au/product/coles-rockmelon-half-1-each-5536970
3667945,Coles Half Savoy Cabbage | 1 each,$2.90,https://www.coles.com.au/product/coles-half-savoy-cabbage-1-each-3667945
3666385,Coles Cabbage Wombok Precut Half | 1 each,$2.90,https://www.coles.com.au/product/coles-cabbage-wombok-precut-half-1-each-3666385
3609257,Coles I'm Perfect Onions Prepacked | 1.5kg,$3.50,https://www.coles.com.au/product/coles-i'm-perfect-onions-prepacked-1.5kg-3609257
2123500,Coles Dry Roasted Cashews | 400g,$9.00,https://www.coles.com.au/product/coles-dry-roasted-cashews-400g-2123500
6950578,Coles Papaya Loose | 1 each,$4.50,https://www.coles.com.au/product/coles-papaya-loose-1-each-6950578
3026441,Spud Lite Potatoes Prepacked | 1.5kg,$6.00,https://www.coles.com.au/product/spud-lite-potatoes-prepacked-1.5kg-3026441
3958573,Coles Brushed Potatoes | 2kg,$5.50,https://www.coles.com.au/product/coles-brushed-potatoes-2kg-3958573
5288711,Coles Beetroot Loose | approx 170g,$1.10,https://www.coles.com.au/product/coles-beetroot-loose-approx.-170g-each-5288711
4574920,Coles Sleeved Herbs Basil | 1 each,$3.20,https://www.coles.com.au/product/coles-sleeved-herbs-basil-1-each-4574920
4183423,Coles Butternut Pumpkin Whole | approx 2Kg,$7.00,https://www.coles.com.au/product/coles-butternut-pumpkin-whole-approx.-2kg-each-4183423
7963859,Coles Red Royale Washed Potatoes Prepacked | 2kg,$7.50,https://www.coles.com.au/product/coles-red-royale-washed-potatoes-prepacked-2kg-7963859
5298748,Coles Parsnips Loose | approx 140g,$1.68,https://www.coles.com.au/product/coles-parsnips-loose-approx.-140g-each-5298748
5081338,Fresh Medley Perino Tomatoes | 200g,$3.50,https://www.coles.com.au/product/fresh-medley-perino-tomatoes-200g-5081338
8412588,Coles Roasted Salted Pistachios | approx 100g,$2.80,https://www.coles.com.au/product/coles-roasted-salted-pistachios-approx.-100g-8412588
3066275,Coles Australian Baby Capsicums | 350g,$5.50,https://www.coles.com.au/product/coles-australian-baby-capsicums-350g-3066275
3586446,Coles I'M Perfect Apples Prepacked | 2kg,$5.90,https://www.coles.com.au/product/coles-i'm-perfect-apples-prepacked-2kg-3586446
4829420,Coles Button Mushrooms | 200g,$4.50,https://www.coles.com.au/product/coles-button-mushrooms-200g-4829420
4594031,Coles Flat Mushrooms loose | approx 350g,$4.38,https://www.coles.com.au/product/coles-flat-mushrooms-loose-approx.-350g-4594031
4488464,Coles Mini Tomatoes | 125g,$4.90,https://www.coles.com.au/product/coles-mini-tomatoes-125g-4488464
4879042,Coles Wombok Chinese Cabbage Whole | 1 each,$4.50,https://www.coles.com.au/product/coles-wombok-chinese-cabbage-whole-1-each-4879042
4640831,Coles Tomatoes Gourmet 1Kg | 1 each,$7.90,https://www.coles.com.au/product/coles-tomatoes-gourmet-1kg-1-each-4640831
3088176,Coles Cocktail Truss Tomatoes | 250g,$3.90,https://www.coles.com.au/product/coles-cocktail-truss-tomatoes-250g-3088176
5134809,Coles Brown Onion Shallots Loose | approx 35g,$0.46,https://www.coles.com.au/product/coles-brown-onion-shallots-loose-approx.-35g-each-5134809
409987,Coles Beurre Bosc Pears | approx 230g,$0.81,https://www.coles.com.au/product/coles-beurre-bosc-pears-approx.-230g-409987
4590573,Coles Portobello Mushrooms | approx 200g,$3.38,https://www.coles.com.au/product/coles-portobello-mushrooms-approx.-200g-4590573
4567323,Coles Asian Choy Sum | 1 each,$2.50,https://www.coles.com.au/product/coles-asian-choy-sum-1-each-4567323
3026260,Coles Coles Spudlite Baby Potato | 750g,$3.00,https://www.coles.com.au/product/coles-coles-spudlite-baby-potato-750g-3026260
407766,Coles Brussels Sprouts loose | approx 400g,$4.36,https://www.coles.com.au/product/coles-brussels-sprouts-loose-approx.-400g-407766
3214612,Coles Herb Punnets Coriander | 15g,$3.20,https://www.coles.com.au/product/coles-herb-punnets-coriander-15g-3214612
2791406,Coles Kitchen Coleslaw | 200g,$2.00,https://www.coles.com.au/product/coles-kitchen-coleslaw-200g-2791406
8412227,Coles Roasted Salted Cashews | approx 100g,$2.40,https://www.coles.com.au/product/coles-roasted-salted-cashews-approx.-100g-8412227
4594712,Coles Roma Tomatoes Loose | approx 100g,$1.09,https://www.coles.com.au/product/coles-roma-tomatoes-loose-approx.-100g-each-4594712
5210598,Coles Dry Roasted Almonds | 750g,$13.00,https://www.coles.com.au/product/coles-dry-roasted-almonds-750g-5210598
123328,Coles Snow Peas loose | approx 100g,$1.80,https://www.coles.com.au/product/coles-snow-peas-loose-approx.-100g-123328
7215355,Coles Yellow Capsicum | approx 320g,$2.21,https://www.coles.com.au/product/coles-yellow-capsicum-approx.-320g-each-7215355
1883000,Coles Perino Gold Tomatoes Prepacked | 200g,$3.50,https://www.coles.com.au/product/coles-perino-gold-tomatoes-prepacked-200g-1883000
9006662,Coles Packham Pears 1Kg | 1 each,$3.90,https://www.coles.com.au/product/coles-packham-pears-1kg-1-each-9006662
5205328,Coles I'mperfect Mandarins Prepacked | 1kg,$2.90,https://www.coles.com.au/product/coles-i'mperfect-mandarins-prepacked-1kg-5205328
2488500,Coles Baby Red Royale Potatoes Prepacked | 1kg,$3.80,https://www.coles.com.au/product/coles-baby-red-royale-potatoes-prepacked-1kg-2488500
3997189,Coles Roma Tomatoes | 480g,$6.90,https://www.coles.com.au/product/coles-roma-tomatoes-480g-3997189
4830826,Coles Vine Ripened Cherry Tomatoes | 250g,$4.00,https://www.coles.com.au/product/coles-vine-ripened-cherry-tomatoes-250g-4830826
7712327,Coles Carisma Washed Potatoes | 2kg,$7.50,https://www.coles.com.au/product/coles-carisma-washed-potatoes-2kg-7712327
8412668,Coles Natural Walnuts | approx 100g,$2.50,https://www.coles.com.au/product/coles-natural-walnuts-approx.-100g-8412668
5629266,Coles I'M Perfect Pears Prepacked | 1.5kg,$2.90,https://www.coles.com.au/product/coles-i'm-perfect-pears-prepacked-1.5kg-5629266
4566761,Coles Asian Baby Buk Choy | 1 each,$2.50,https://www.coles.com.au/product/coles-asian-baby-buk-choy-1-each-4566761
4575514,Coles Sleeved Herbs Mint | 1 each,$3.20,https://www.coles.com.au/product/coles-sleeved-herbs-mint-1-each-4575514
2123646,Coles Roasted & Salted Cashews | 400g,$9.00,https://www.coles.com.au/product/coles-roasted-and-salted-cashews-400g-2123646
1778560,Coles Green Kiwifruit Prepacked | 8 pack,$5.90,https://www.coles.com.au/product/coles-green-kiwifruit-prepacked-8-pack-1778560
5606330,Coles Topless Pineapple | 1 each,$4.90,https://www.coles.com.au/product/coles-topless-pineapple-1-each-5606330
2787974,Coles Kitchen Asian Style Salad Kit | 350g,$5.50,https://www.coles.com.au/product/coles-kitchen-asian-style-salad-kit-350g-2787974
5450831,Coles Iceberg Salad Blend | 300g,$3.00,https://www.coles.com.au/product/coles-iceberg-salad-blend-300g-5450831
408383,Coles Silverbeet Medium | 1 each,$4.50,https://www.coles.com.au/product/coles-silverbeet-medium-1-each-408383
8761306,Coles Birdseye Chillies | approx 50g,$1.70,https://www.coles.com.au/product/coles-birdseye-chillies-approx.-50g-8761306
4544770,Bean Shoots Prepacked | 250g,$2.40,https://www.coles.com.au/product/bean-shoots-prepacked-250g-4544770
3498768,Coles Specialty Red Seedless Grapes Prepacked | 500g,$5.00,https://www.coles.com.au/product/coles-specialty-red-seedless-grapes-prepacked-500g-3498768
9989810,Coles Baby Brussel Sprouts | 200g,$3.90,https://www.coles.com.au/product/coles-baby-brussel-sprouts-200g-9989810
3616751,Coles I'm Perfect Sweet Potato | 1.5kg,$4.50,https://www.coles.com.au/product/coles-i'm-perfect-sweet-potato-1.5kg-3616751
6839480,Coles Royal Honey Mandarins | approx 180g,$0.81,https://www.coles.com.au/product/coles-royal-honey-mandarins-approx.-180g-6839480
5039590,Coles Kitchen Fine Cut Coleslaw | 300g,$3.00,https://www.coles.com.au/product/coles-kitchen-fine-cut-coleslaw-300g-5039590
5207232,Coles Natural Almonds | 750g,$13.00,https://www.coles.com.au/product/coles-natural-almonds-750g-5207232
4293487,Coles Onions Little Tractor | 2kg,$3.90,https://www.coles.com.au/product/coles-onions-little-tractor-2kg-4293487
3214780,Coles Herb Punnets Rosemary | 10g,$3.20,https://www.coles.com.au/product/coles-herb-punnets-rosemary-10g-3214780
4565907,Coles Asian Choy Buk | 1 each,$2.50,https://www.coles.com.au/product/coles-asian-choy-buk-1-each-4565907
3308716,Coles Butter Leaf Blend | 120g,$3.50,https://www.coles.com.au/product/coles-butter-leaf-blend-120g-3308716
3993064,Coles White Seedless Grapes | 400g,$4.50,https://www.coles.com.au/product/coles-white-seedless-grapes-400g-3993064
6536535,Coles Ambrosia Apples | approx 170g,$1.10,https://www.coles.com.au/product/coles-ambrosia-apples-approx.-170g-6536535
5323153,Coles Large Grapefruit Ruby Red | approx 375g,$1.46,https://www.coles.com.au/product/coles-large-grapefruit-ruby-red-approx.-375g-each-5323153
2552868,Coles Baby Brown Onions | 500g,$2.00,https://www.coles.com.au/product/coles-baby-brown-onions-500g-2552868
3892103,Coles Wombok Chinese Cabbage Wombok Petite | 2 pack,$3.50,https://www.coles.com.au/product/coles-wombok-chinese-cabbage-wombok-petite-2-pack-3892103
2743866,Coles Kestrel Potatoes Prepacked | 2kg,$6.00,https://www.coles.com.au/product/coles-kestrel-potatoes-prepacked-2kg-2743866
3479297,Coles Avocados Prepacked 5 Pack | 1 each,$6.50,https://www.coles.com.au/product/coles-avocados-prepacked-5-pack-1-each-3479297
3613141,Coles Spinach & Rocket | 60g,$2.00,https://www.coles.com.au/product/coles-spinach-and-rocket-60g-3613141
3668020,Coles Half Red Cabbage | 1 each,$2.50,https://www.coles.com.au/product/coles-half-red-cabbage-1-each-3668020
3634833,Coles I'M Perfect Capsicums | 800g,$4.90,https://www.coles.com.au/product/coles-i'm-perfect-capsicums-800g-3634833
5464290,Coles Salad Baby Leaf Spinach & Rocket | 120g,$3.00,https://www.coles.com.au/product/coles-salad-baby-leaf-spinach-and-rocket-120g-5464290
8696598,Coles Green Kale | 1 each,$4.90,https://www.coles.com.au/product/coles-green-kale-1-each-8696598
3119043,Coles Organic Kent Pumpkin | approx 800g,$3.84,https://www.coles.com.au/product/coles-organic-kent-pumpkin-approx.-800g-3119043
3214769,Coles Herb Punnets Dill | 10g,$3.20,https://www.coles.com.au/product/coles-herb-punnets-dill-10g-3214769
3215171,Coles Herb Punnets Thyme | 10g,$3.20,https://www.coles.com.au/product/coles-herb-punnets-thyme-10g-3215171
5212505,Coles Navel Oranges Prepacked | 4 pack,$2.50,https://www.coles.com.au/product/coles-navel-oranges-prepacked-4-pack-5212505
2483914,Coles Rosalee Pink Onions Prepacked | 1kg,$2.90,https://www.coles.com.au/product/coles-rosalee-pink-onions-prepacked-1kg-2483914
5899409,Coles Modi Apples | approx 180g,$0.81,https://www.coles.com.au/product/coles-modi-apples-approx.-180g-5899409
4569216,Coles Asian Choy Chinese Broccoli | 1 each,$2.50,https://www.coles.com.au/product/coles-asian-choy-chinese-broccoli-1-each-4569216
2790390,Coles Kitchen Kaleslaw Salad Kit | 350g,$5.50,https://www.coles.com.au/product/coles-kitchen-kaleslaw-salad-kit-350g-2790390
5536981,Fresh Half Honeydew Melon | 1 each,$3.50,https://www.coles.com.au/product/fresh-half-honeydew-melon-1-each-5536981
489691,Coles Orange Candy Melon | 1 each,$4.90,https://www.coles.com.au/product/coles-orange-candy-melon-1-each-489691
132056,Coles Lady Finger Bananas | approx 160g,$1.26,https://www.coles.com.au/product/coles-lady-finger-bananas-approx.-160g-each-132056
4966737,Coles Fresh Turnips | approx 180g,$1.26,https://www.coles.com.au/product/coles-fresh-turnips-approx.-180g-each-4966737
8413300,Coles Roasted Unsalted Almonds | approx 100g,$2.20,https://www.coles.com.au/product/coles-roasted-unsalted-almonds-approx.-100g-8413300
8760846,Fresh Green Cayenne Chillies | approx 22g,$0.66,https://www.coles.com.au/product/fresh-green-cayenne-chillies-approx.-22g-8760846
4596649,Coles Lettuce Decorative Green Oak | 1 each,$3.20,https://www.coles.com.au/product/coles-lettuce-decorative-green-oak-1-each-4596649
2150365,Coles Fruit & Nut Mix | 400g,$4.00,https://www.coles.com.au/product/coles-fruit-and-nut-mix-400g-2150365
2470424,Coles Kitchen Shredded Carrot | 200g,$2.00,https://www.coles.com.au/product/coles-kitchen-shredded-carrot-200g-2470424
2222229,Coles Natural Cashews | 400g,$9.00,https://www.coles.com.au/product/coles-natural-cashews-400g-2222229
2786778,Coles Kitchen Beetroot Slaw | 200g,$2.00,https://www.coles.com.au/product/coles-kitchen-beetroot-slaw-200g-2786778
8412293,Coles Roasted Unsalted Cashews | approx 100g,$2.40,https://www.coles.com.au/product/coles-roasted-unsalted-cashews-approx.-100g-8412293
5259350,Coles Roasted & Salted Cashews | 750g,$12.00,https://www.coles.com.au/product/coles-roasted-and-salted-cashews-750g-5259350
1948626,Coles BBQ Rice Crackers | approx 100g,$1.80,https://www.coles.com.au/product/coles-bbq-rice-crackers-approx.-100g-1948626
3214747,Coles Herb Punnets Chives | 10g,$3.20,https://www.coles.com.au/product/coles-herb-punnets-chives-10g-3214747
134255,Coles Medjool Dates loose | approx 200g,$3.60,https://www.coles.com.au/product/coles-medjool-dates-loose-approx.-200g-134255
4981027,Coles Spinach Bunch | 1 each,$4.90,https://www.coles.com.au/product/coles-spinach-bunch-1-each-4981027
8647548,Coles Australian Salad Family Baby Leaf Blend | 300g,$5.00,https://www.coles.com.au/product/coles-australian-salad-family-baby-leaf-blend-300g-8647548
2132126,Coles Pistachio Roasted & Salted | 800g,$18.00,https://www.coles.com.au/product/coles-pistachio-roasted-and-salted-800g-2132126
8760314,Fresh Red Cayenne Chillies | approx 20g,$0.60,https://www.coles.com.au/product/fresh-red-cayenne-chillies-approx.-20g-8760314
5476234,Coles Fruit & Nut Trail Mix | 400g,$4.00,https://www.coles.com.au/product/coles-fruit-and-nut-trail-mix-400g-5476234
1116601,Coles Herb Punnets Curry Leaves | 10g,$3.20,https://www.coles.com.au/product/coles-herb-punnets-curry-leaves-10g-1116601
3214521,Coles Herb Punnets Basil | 15g,$3.20,https://www.coles.com.au/product/coles-herb-punnets-basil-15g-3214521
3214576,Coles Herb Punnets Parsley Continental | 15g,$3.20,https://www.coles.com.au/product/coles-herb-punnets-parsley-continental-15g-3214576
6309511,Coles Snacking Carrots | 250g,$3.50,https://www.coles.com.au/product/coles-snacking-carrots-250g-6309511
8417184,Coles Natural Almonds | approx 100g,$2.20,https://www.coles.com.au/product/coles-natural-almonds-approx.-100g-8417184
4291131,Coles Gold Sweet Potatoes | 1kg,$4.50,https://www.coles.com.au/product/coles-gold-sweet-potatoes-1kg-4291131
8791125,Coles Cos Lettuce Head | 1 each,$3.20,https://www.coles.com.au/product/coles-cos-lettuce-head-1-each-8791125
3016120,Coles Kitchen Superfood Slaw Mix | 350g,$4.00,https://www.coles.com.au/product/coles-kitchen-superfood-slaw-mix-350g-3016120
409896,Coles Passionfruit | 1 each,$1.50,https://www.coles.com.au/product/coles-passionfruit-1-each-409896
4619289,Coles Sugar Snap Peas Medium | 150g,$3.30,https://www.coles.com.au/product/coles-sugar-snap-peas-medium-150g-4619289
8174708,Coles Kitchen Caesar Salad Bowl | 200g,$5.50,https://www.coles.com.au/product/coles-kitchen-caesar-salad-bowl-200g-8174708
2149231,Coles Dried Apricots | 400g,$6.00,https://www.coles.com.au/product/coles-dried-apricots-400g-2149231
3294724,Coles Kitchen Chicken Caesar Salad Bowl | 180g,$6.50,https://www.coles.com.au/product/coles-kitchen-chicken-caesar-salad-bowl-180g-3294724
8417220,Coles Dried Apricots | approx 100g,$1.80,https://www.coles.com.au/product/coles-dried-apricots-approx.-100g-8417220
3018545,Coles Pepitas | 250g,$3.00,https://www.coles.com.au/product/coles-pepitas-250g-3018545
2725922,Coles Organic Baby Spinach | 100g,$4.50,https://www.coles.com.au/product/coles-organic-baby-spinach-100g-2725922
5515278,Coles Kitchen Caesar Salad Kit | 290g,$5.50,https://www.coles.com.au/product/coles-kitchen-caesar-salad-kit-290g-5515278
4829703,Coles Brown Mushrooms Prepacked | 200g,$5.50,https://www.coles.com.au/product/coles-brown-mushrooms-prepacked-200g-4829703
5208450,Coles I'M Perfect Limes Prepacked | 500g,$5.50,https://www.coles.com.au/product/coles-i'm-perfect-limes-prepacked-500g-5208450
8725007,Coles Chilli Fried Rice Crackers | approx 100g,$1.80,https://www.coles.com.au/product/coles-chilli-fried-rice-crackers-approx.-100g-8725007
5016904,Coles Organic Carrots Prepacked | 1kg,$5.90,https://www.coles.com.au/product/coles-organic-carrots-prepacked-1kg-5016904
3256849,Coles Baby Beetroot Prepacked | 250g,$3.00,https://www.coles.com.au/product/coles-baby-beetroot-prepacked-250g-3256849
8413219,Coles Roasted Salted Almonds | approx 100g,$2.20,https://www.coles.com.au/product/coles-roasted-salted-almonds-approx.-100g-8413219
3214725,Coles Herb Punnets Mint | 15g,$3.20,https://www.coles.com.au/product/coles-herb-punnets-mint-15g-3214725
3615657,Coles Kitchen Family Coleslaw Kit | 520g,$4.50,https://www.coles.com.au/product/coles-kitchen-family-coleslaw-kit-520g-3615657
5470227,Coles Red Globe Seeded Grapes | approx 800g,$4.00,https://www.coles.com.au/product/coles-red-globe-seeded-grapes-approx.-800g-5470227
4590551,Coles Brown Mushrooms Loose | approx 200g,$3.38,https://www.coles.com.au/product/coles-brown-mushrooms-loose-approx.-200g-4590551
4910980,Coles Fennel | 1 bunch,$3.50,https://www.coles.com.au/product/coles-fennel-1-bunch-4910980
4911870,Coles Radish Bunch | 1 each,$3.50,https://www.coles.com.au/product/coles-radish-bunch-1-each-4911870
2131611,Coles Roasted & Salted Pistachios | 400g,$11.00,https://www.coles.com.au/product/coles-roasted-and-salted-pistachios-400g-2131611
8416829,Coles Soy Crisps | approx 100g,$1.80,https://www.coles.com.au/product/coles-soy-crisps-approx.-100g-8416829
4462380,Coles Kitchen 8 Leaf Blend | 170g,$4.00,https://www.coles.com.au/product/coles-kitchen-8-leaf-blend-170g-4462380
1475874,Coles Drumhead Cabbage Mini | 1 each,$4.50,https://www.coles.com.au/product/coles-drumhead-cabbage-mini-1-each-1475874
3015977,Coles Kitchen American BBQ Slaw Kit | 400g,$5.50,https://www.coles.com.au/product/coles-kitchen-american-bbq-slaw-kit-400g-3015977
1944206,Coles Dried Mango Slices | approx 100g,$2.50,https://www.coles.com.au/product/coles-dried-mango-slices-approx.-100g-1944206
6803198,Coles Tangelo Minneola | approx 150g,$0.89,https://www.coles.com.au/product/coles-tangelo-minneola-approx.-150g-6803198
6920012,Coles Baby Sweet Corn Prepacked | 125g,$5.90,https://www.coles.com.au/product/coles-baby-sweet-corn-prepacked-125g-6920012
2751988,Coles Roasted Peanuts In Shell | 500g,$6.00,https://www.coles.com.au/product/coles-roasted-peanuts-in-shell-500g-2751988
4966930,Coles Swedes Loose | approx 230g,$1.61,https://www.coles.com.au/product/coles-swedes-loose-approx.-230g-each-4966930
2310111,Coles Kitchen Broccoli & Cauliflower Florets | 150g,$2.00,https://www.coles.com.au/product/coles-kitchen-broccoli-and-cauliflower-florets-150g-2310111
3505444,Coles Sweet Chilli & Lime Soy Crisps | 400g,$6.00,https://www.coles.com.au/product/coles-sweet-chilli-and-lime-soy-crisps-400g-3505444
4519320,Coles Pomegranate | 1 each,$3.90,https://www.coles.com.au/product/coles-pomegranate-1-each-4519320
3835890,Coles Mix-A-Mato Grape Tomatoes | 300g,$4.50,https://www.coles.com.au/product/coles-mix-a-mato-grape-tomatoes-300g-3835890
4559314,Coles Green Cucumber | 1 each,$2.90,https://www.coles.com.au/product/coles-green-cucumber-1-each-4559314
4924034,Coles Dutch Carrots | 1 each,$3.00,https://www.coles.com.au/product/coles-dutch-carrots-1-each-4924034
4575569,Coles Sleeved Herbs Parsley | 1 each,$3.20,https://www.coles.com.au/product/coles-sleeved-herbs-parsley-1-each-4575569
3016299,Coles Kitchen Pasta Salad | 250g,$3.50,https://www.coles.com.au/product/coles-kitchen-pasta-salad-250g-3016299
2674606,Coles Chopped Kale | 140g,$3.00,https://www.coles.com.au/product/coles-chopped-kale-140g-2674606
2786585,Coles Kitchen Asian Style Salad Bowl | 230g,$5.50,https://www.coles.com.au/product/coles-kitchen-asian-style-salad-bowl-230g-2786585
3119190,Coles Organic Butternut Pumpkin | approx 500g,$2.75,https://www.coles.com.au/product/coles-organic-butternut-pumpkin-approx.-500g-each-3119190
8922802,Natural Delights Medjool Dates Prepacked | 454g,$9.00,https://www.coles.com.au/product/natural-delights-medjool-dates-prepacked-454g-8922802
8704110,Coles Chilli & Lime Soy Crisps | approx 100g,$1.80,https://www.coles.com.au/product/coles-chilli-and-lime-soy-crisps-approx.-100g-8704110
3537859,Coles Australian Caulini Prepacked | 180g,$3.50,https://www.coles.com.au/product/coles-australian-caulini-prepacked-180g-3537859
3525816,Coles Piqa Boo Pears | 750g,$4.50,https://www.coles.com.au/product/coles-piqa-boo-pears-750g-3525816
8417060,Coles Prunes | approx 100g,$1.70,https://www.coles.com.au/product/coles-prunes-approx.-100g-8417060
1501351,Coles Green Chillies | 50g,$3.80,https://www.coles.com.au/product/coles-green-chillies-50g-1501351
3993097,Coles Red Seedless Grapes | 400g,$4.00,https://www.coles.com.au/product/coles-red-seedless-grapes-400g-3993097
5952272,Coles Royal Blue Potatoes | 2kg,$7.50,https://www.coles.com.au/product/coles-royal-blue-potatoes-2kg-5952272
5427352,Coles Baby Oak Lettuce | 150g,$4.00,https://www.coles.com.au/product/coles-baby-oak-lettuce-150g-5427352
6584243,Coles Tuscan Kale | 1 each,$4.50,https://www.coles.com.au/product/coles-tuscan-kale-1-each-6584243
2859066,Coles Kitchen Australian Diced Butternut Pumpkin | 500g,$5.00,https://www.coles.com.au/product/coles-kitchen-australian-diced-butternut-pumpkin-500g-2859066
4714825,Coles Roasted & Salted Peanuts | 800g,$7.00,https://www.coles.com.au/product/coles-roasted-and-salted-peanuts-800g-4714825
5299478,Coles Dry Roasted Mixed Nuts | 400g,$12.00,https://www.coles.com.au/product/coles-dry-roasted-mixed-nuts-400g-5299478
5040192,Coles Baby Leaf Salad & Beetroot | 150g,$3.00,https://www.coles.com.au/product/coles-baby-leaf-salad-and-beetroot-150g-5040192
1473970,Coles Mini Red Cabbage | 1 each,$3.90,https://www.coles.com.au/product/coles-mini-red-cabbage-1-each-1473970
3613120,Coles Spinach And Kale | 300g,$5.00,https://www.coles.com.au/product/coles-spinach-and-kale-300g-3613120
5519519,Coles Salad Blend Iceberg & Cos | 500g,$5.00,https://www.coles.com.au/product/coles-salad-blend-iceberg-and-cos-500g-5519519
6467068,Coles Sliced Brown Mushrooms Prepacked | 200g,$5.90,https://www.coles.com.au/product/coles-sliced-brown-mushrooms-prepacked-200g-6467068
6934764,Coles Jazz Apples Prepacked | 1kg,$6.90,https://www.coles.com.au/product/coles-jazz-apples-prepacked-1kg-6934764
8726360,Coles Pretzels | approx 100g,$1.80,https://www.coles.com.au/product/coles-pretzels-approx.-100g-8726360
8412431,Coles Natural Cashews | approx 100g,$2.40,https://www.coles.com.au/product/coles-natural-cashews-approx.-100g-8412431
410035,Coles Persimmons Medium | 1 each,$2.90,https://www.coles.com.au/product/coles-persimmons-medium-1-each-410035
7296299,Coles Mini Vine Capsicums | 175g,$5.50,https://www.coles.com.au/product/coles-mini-vine-capsicums-175g-7296299
3958530,Coles Brushed Potatoes | 4kg,$7.00,https://www.coles.com.au/product/coles-brushed-potatoes-4kg-3958530
5431305,Coles Exotic Shiitake Mushrooms Prepacked | 100g,$7.00,https://www.coles.com.au/product/coles-exotic-shiitake-mushrooms-prepacked-100g-5431305
3087366,Coles Half Papaya | 1 each,$2.90,https://www.coles.com.au/product/coles-half-papaya-1-each-3087366
1252053,Coles Piel De Sapo Melon Medium | 1 each,$3.90,https://www.coles.com.au/product/coles-piel-de-sapo-melon-medium-1-each-1252053
2724760,Coles Organic Baby Salad Leaves Lettuce Mix | 100g,$4.90,https://www.coles.com.au/product/coles-organic-baby-salad-leaves-lettuce-mix-100g-2724760
2123395,Coles Dry Roasted Almonds | 400g,$7.00,https://www.coles.com.au/product/coles-dry-roasted-almonds-400g-2123395
4841072,Coles Tri Colour Capsicum | 500g,$7.50,https://www.coles.com.au/product/coles-tri-colour-capsicum-500g-4841072
3116147,Coles Pitted Medjool Date | 340g,$9.00,https://www.coles.com.au/product/coles-pitted-medjool-date-340g-3116147
5108751,Coles Vegetable Starter Pack | 1kg,$5.00,https://www.coles.com.au/product/coles-vegetable-starter-pack-1kg-5108751
5272391,Coles Natural Macadamias | 400g,$18.00,https://www.coles.com.au/product/coles-natural-macadamias-400g-5272391
8412635,Coles Ginger | approx 100g,$2.00,https://www.coles.com.au/product/coles-ginger-approx.-100g-8412635
8412067,Coles Cranberries | approx 100g,$2.20,https://www.coles.com.au/product/coles-cranberries-approx.-100g-8412067
2679519,Coles Kitchen Creme Royale Potato Mash | 350g,$4.75,https://www.coles.com.au/product/coles-kitchen-creme-royale-potato-mash-350g-2679519
4365351,Coles Mini Q's Cucumber | 125g,$4.90,https://www.coles.com.au/product/coles-mini-q's-cucumber-125g-4365351
3938860,Coles Birdseye Chillies | 40g,$3.80,https://www.coles.com.au/product/coles-birdseye-chillies-40g-3938860
3308498,Gourmet Garden Garlic Cold Blende Paste Value Pack | 120g,$5.00,https://www.coles.com.au/product/gourmet-garden-garlic-cold-blende-paste-value-pack-120g-3308498
2517630,Coles Brushed Baby Potato | 1kg,$3.00,https://www.coles.com.au/product/coles-brushed-baby-potato-1kg-2517630
5582887,Coles Drinking Coconut | 1 each,$3.50,https://www.coles.com.au/product/coles-drinking-coconut-1-each-5582887
1501635,Coles Red Chillies | 50g,$3.80,https://www.coles.com.au/product/coles-red-chillies-50g-1501635
7141758,Coles Dutch Cream Brushed Potatoes Loose | approx 200g,$0.98,https://www.coles.com.au/product/coles-dutch-cream-brushed-potatoes-loose-approx.-200g-each-7141758
3015966,Coles Kitchen Mexican Style Salad Kit | 400g,$5.50,https://www.coles.com.au/product/coles-kitchen-mexican-style-salad-kit-400g-3015966
6614720,Coles White Radish | 1 each,$4.80,https://www.coles.com.au/product/coles-white-radish-1-each-6614720
3586912,Coles I'M Perfect Lemons Prepacked | 1kg,$7.90,https://www.coles.com.au/product/coles-i'm-perfect-lemons-prepacked-1kg-3586912
398010,Coles Green Nashi Pears Loose | approx 240g,$2.38,https://www.coles.com.au/product/coles-green-nashi-pears-loose-approx.-240g-each-398010
8164806,Coles Kitchen Vegetables Baby Potatoes Herb B ... 400g,$4.50,https://www.coles.com.au/product/coles-kitchen-vegetables-baby-potatoes-herb-butter-400g-8164806
2408646,Coles Sliced Vitamin D Mushrooms | 300g,$6.50,https://www.coles.com.au/product/coles-sliced-vitamin-d-mushrooms-300g-2408646
2123599,Coles Natural Almonds | 400g,$7.00,https://www.coles.com.au/product/coles-natural-almonds-400g-2123599
2829509,Coles Portobello Brown Mushrooms | 375g,$9.50,https://www.coles.com.au/product/coles-portobello-brown-mushrooms-375g-2829509
2674650,Coles Kitchen Carrot & Broccoli Florets | 150g,$2.00,https://www.coles.com.au/product/coles-kitchen-carrot-and-broccoli-florets-150g-2674650
1988904,Coles Kitchen Potato Salad | 800g,$6.50,https://www.coles.com.au/product/coles-kitchen-potato-salad-800g-1988904
2603095,Coles Cashew Mac Peanut Mix Rosted & Salted | 400g,$9.00,https://www.coles.com.au/product/coles-cashew-mac-peanut-mix-rosted-and-salted-400g-2603095
3769876,Coles Giant Sour Cola Bottles | approx 100g,$2.50,https://www.coles.com.au/product/coles-giant-sour-cola-bottles-approx.-100g-3769876
4759404,Coles Chef Blend Tender Leaf Blend | 150g,$4.00,https://www.coles.com.au/product/coles-chef-blend-tender-leaf-blend-150g-4759404
3878736,Coles Kitchen Family Vegetable Medley | 750g,$6.75,https://www.coles.com.au/product/coles-kitchen-family-vegetable-medley-750g-3878736
1991647,Coles Kitchen Pasta Salad | 800g,$6.50,https://www.coles.com.au/product/coles-kitchen-pasta-salad-800g-1991647
4913129,Coles Okra loose | approx 200g,$3.40,https://www.coles.com.au/product/coles-okra-loose-approx.-200g-4913129
6866880,Coles Dragonfruit Fresh | 1 each,$4.90,https://www.coles.com.au/product/coles-dragonfruit-fresh-1-each-6866880
2985377,Coles Organic Sweet Corn | 3 pack,$7.80,https://www.coles.com.au/product/coles-organic-sweet-corn-3-pack-2985377
3016288,Coles Kitchen Potato Salad | 250g,$3.50,https://www.coles.com.au/product/coles-kitchen-potato-salad-250g-3016288
5504613,Coles Kitchen Classic Coleslaw Salad | 400g,$5.00,https://www.coles.com.au/product/coles-kitchen-classic-coleslaw-salad-400g-5504613
8412726,Coles Organic Snacking Tomatoes | 200g,$5.20,https://www.coles.com.au/product/coles-organic-snacking-tomatoes-200g-8412726
1039770,Coles Organic Bananas | approx180g,$1.17,https://www.coles.com.au/product/coles-organic-bananas-approx-180g-each-1039770
2313448,Coles Kitchen Carrot Sticks | 150g,$2.00,https://www.coles.com.au/product/coles-kitchen-carrot-sticks-150g-2313448
8685660,Coles Beetroot Bunch | 1 each,$5.90,https://www.coles.com.au/product/coles-beetroot-bunch-1-each-8685660
4462223,Coles Kitchen Classic Vegetable Stir Fry | 750g,$6.50,https://www.coles.com.au/product/coles-kitchen-classic-vegetable-stir-fry-750g-4462223
4989110,Coles Kitchen Asian Salad Kit | 550g,$7.00,https://www.coles.com.au/product/coles-kitchen-asian-salad-kit-550g-4989110
4835466,Coles White Flat Mushrooms | 375g,$7.50,https://www.coles.com.au/product/coles-white-flat-mushrooms-375g-4835466
2310971,Coles Kitchen Broccoli Florets | 150g,$2.00,https://www.coles.com.au/product/coles-kitchen-broccoli-florets-150g-2310971
4544805,Alfalfa Sprouts Prepacked | 125g,$2.40,https://www.coles.com.au/product/alfalfa-sprouts-prepacked-125g-4544805
4544849,Crunchy Combo Sprouts | 200g,$2.40,https://www.coles.com.au/product/crunchy-combo-sprouts-200g-4544849
3016302,Coles Kitchen Coleslaw Salad | 250g,$3.50,https://www.coles.com.au/product/coles-kitchen-coleslaw-salad-250g-3016302
410443,Coles White Onions Loose | approx 160g,$0.80,https://www.coles.com.au/product/coles-white-onions-loose-approx.-160g-each-410443
3858896,Coles Kitchen Green Goddess Salad Kit | 350g,$5.50,https://www.coles.com.au/product/coles-kitchen-green-goddess-salad-kit-350g-3858896
3858943,Coles Kitchen Family Ranch Salad Kit | 400g,$5.50,https://www.coles.com.au/product/coles-kitchen-family-ranch-salad-kit-400g-3858943
4976130,Coles Organic Royal Gala Apples | 1kg,$7.50,https://www.coles.com.au/product/coles-organic-royal-gala-apples-1kg-4976130
8933048,Coles Tomatoes Kumato | 500g,$7.90,https://www.coles.com.au/product/coles-tomatoes-kumato-500g-8933048
5724278,Market Lane Honey Macadamias | 350g,$14.00,https://www.coles.com.au/product/market-lane-honey-macadamias-350g-5724278
3324767,Coles Chilli & Maple Cashews | approx 100g,$3.50,https://www.coles.com.au/product/coles-chilli-and-maple-cashews-approx.-100g-3324767
8412250,Coles Supreme Roasted Salted Mixed Nuts | approx 100g,$3.10,https://www.coles.com.au/product/coles-supreme-roasted-salted-mixed-nuts-approx.-100g-8412250
4596456,Coles Lettuce Decorative Oak Red | 1 each,$3.20,https://www.coles.com.au/product/coles-lettuce-decorative-oak-red-1-each-4596456
8704696,Coles Honey & Dijon Soy Crisps | approx 100g,$1.80,https://www.coles.com.au/product/coles-honey-and-dijon-soy-crisps-approx.-100g-8704696
3884820,Coles Fresh Chillies Mixed | 200g,$3.00,https://www.coles.com.au/product/coles-fresh-chillies-mixed-200g-3884820
5747863,Coles Herb Punnets Lemongrass | 30g,$3.20,https://www.coles.com.au/product/coles-herb-punnets-lemongrass-30g-5747863
5476697,Coles Kitchen Classic Slaw Salad Family Kit | 300g,$4.50,https://www.coles.com.au/product/coles-kitchen-classic-slaw-salad-family-kit-300g-5476697
9572863,Coles Organic Coriander Bunch | 1 bunch,$4.50,https://www.coles.com.au/product/coles-organic-coriander-bunch-1-bunch-9572863
4502430,Coles Roast Salted Macadamias | 400g,$18.00,https://www.coles.com.au/product/coles-roast-salted-macadamias-400g-4502430
111227,Coles Durian Loose | 1 each,$37.76,https://www.coles.com.au/product/coles-durian-loose-1-each-111227
8412566,Coles Dried Figs | approx 100g,$2.00,https://www.coles.com.au/product/coles-dried-figs-approx.-100g-8412566
5415852,Coles Panama Passionfruit | 1 each,$1.50,https://www.coles.com.au/product/coles-panama-passionfruit-1-each-5415852
5485993,Coles Kitchen Salad Extra Creamy Coleslaw Kit | 500g,$4.50,https://www.coles.com.au/product/coles-kitchen-salad-extra-creamy-coleslaw-kit-500g-5485993
5221812,Coles Dried Banana Chips | 400g,$5.50,https://www.coles.com.au/product/coles-dried-banana-chips-400g-5221812
9174565,Coles Bananas Red Tipped | approx 180g,$0.99,https://www.coles.com.au/product/coles-bananas-red-tipped-approx.-180g-each-9174565
4205264,Coles Watermelon Seedless Whole | approx 8kg,$23.20,https://www.coles.com.au/product/coles-watermelon-seedless-whole-approx.-8kg-4205264
3019989,Coles Chocolate Pretzels | approx 100g,$3.00,https://www.coles.com.au/product/coles-chocolate-pretzels-approx.-100g-3019989
8412136,Coles Supreme Roasted Unsalted Mixed Nuts | approx 100g,$3.10,https://www.coles.com.au/product/coles-supreme-roasted-unsalted-mixed-nuts-approx.-100g-8412136
9135406,Coles Symphony Lettuce Decorative | 1 each,$3.20,https://www.coles.com.au/product/coles-symphony-lettuce-decorative-1-each-9135406
2997944,Gourmet Garden Lightly Dried Basil | 10g,$4.00,https://www.coles.com.au/product/gourmet-garden-lightly-dried-basil-10g-2997944
3022167,Gourmet Garden Garlic Cold Blended Paste | 80g,$4.00,https://www.coles.com.au/product/gourmet-garden-garlic-cold-blended-paste-80g-3022167
5654650,Coles Butter Salad Leaf | 200g,$4.50,https://www.coles.com.au/product/coles-butter-salad-leaf-200g-5654650
4876554,Coles Kitchen Classics Mixed Leaf Garden Salad | 180g,$5.50,https://www.coles.com.au/product/coles-kitchen-classics-mixed-leaf-garden-salad-180g-4876554
3048820,Coles Organic Broccoli | 500g,$6.00,https://www.coles.com.au/product/coles-organic-broccoli-500g-3048820
3917055,Coles Black Sesame Crackers | approx 100g,$2.50,https://www.coles.com.au/product/coles-black-sesame-crackers-approx.-100g-3917055
8761656,Fresh Jalapeno Chillies | approx 34g,$1.02,https://www.coles.com.au/product/fresh-jalapeno-chillies-approx.-34g-8761656
5563689,Scoop And Weigh Thai Curry Rice Crackers | approx 100g,$2.10,https://www.coles.com.au/product/scoop-and-weigh-thai-curry-rice-crackers-approx.-100g-5563689
5040126,Coles Kitchen Chicken Style Soup Mix Kit | 450g,$5.00,https://www.coles.com.au/product/coles-kitchen-chicken-style-soup-mix-kit-450g-5040126
3869699,Coles Kitchen Beetslaw Salad Kit | 320g,$5.50,https://www.coles.com.au/product/coles-kitchen-beetslaw-salad-kit-320g-3869699
1991851,Coles Kitchen Coleslaw Salad | 800g,$6.50,https://www.coles.com.au/product/coles-kitchen-coleslaw-salad-800g-1991851
6136151,Coles Kitchen Caesar Pasta Salad | 245g,$9.60,https://www.coles.com.au/product/coles-kitchen-caesar-pasta-salad-245g-6136151
2349660,Coles Nougat Cranberry & Nut | approx 100g,$2.20,https://www.coles.com.au/product/coles-nougat-cranberry-and-nut-approx.-100g-2349660
9918356,Coles Superboost | approx 100g,$2.80,https://www.coles.com.au/product/coles-superboost-approx.-100g-9918356
3215138,Coles Herb Punnets Sage | 10g,$3.20,https://www.coles.com.au/product/coles-herb-punnets-sage-10g-3215138
4995826,Coles Organic Carrots Prepacked | 2kg,$6.00,https://www.coles.com.au/product/coles-organic-carrots-prepacked-2kg-4995826
5832204,Coles Washed Chipping Potatoes | 2kg,$7.00,https://www.coles.com.au/product/coles-washed-chipping-potatoes-2kg-5832204
4678233,Coles Organic Pink Lady Apple | 1kg,$7.80,https://www.coles.com.au/product/coles-organic-pink-lady-apple-1kg-4678233
2742513,Coles Roasted And Salted Peanuts And Cashews | 800g,$8.00,https://www.coles.com.au/product/coles-roasted-and-salted-peanuts-and-cashews-800g-2742513
3505240,Coles Honey Cashews | 350g,$8.00,https://www.coles.com.au/product/coles-honey-cashews-350g-3505240
1960701,Coles BBQ Crunch | approx 100g,$2.00,https://www.coles.com.au/product/coles-bbq-crunch-approx.-100g-1960701
8412599,Coles Pumpkin Seeds | approx 100g,$2.00,https://www.coles.com.au/product/coles-pumpkin-seeds-approx.-100g-8412599
3198458,Coles Peanut Butter Pretzels | approx 100g,$2.50,https://www.coles.com.au/product/coles-peanut-butter-pretzels-approx.-100g-3198458
5541562,Coles Kitchen Stir Fry Superfood | 250g,$3.50,https://www.coles.com.au/product/coles-kitchen-stir-fry-superfood-250g-5541562
5011831,Coles Organic Spring Onions | 1 each,$5.50,https://www.coles.com.au/product/coles-organic-spring-onions-1-each-5011831
5108183,Coles Parsnips Prepacked | 350g,$7.00,https://www.coles.com.au/product/coles-parsnips-prepacked-350g-5108183
6054534,Market Lane Smoked Almonds | 500g,$8.00,https://www.coles.com.au/product/market-lane-smoked-almonds-500g-6054534
438409,Coles Sugar Snap Peas Loose | approx 200g,$4.60,https://www.coles.com.au/product/coles-sugar-snap-peas-loose-approx.-200g-438409
2860269,Coles Kitchen Cauliflower Rice | 300g,$3.00,https://www.coles.com.au/product/coles-kitchen-cauliflower-rice-300g-2860269
1501453,Coles Jalapeno Chilli | 80g,$3.80,https://www.coles.com.au/product/coles-jalapeno-chilli-80g-1501453
1170276,Coles Black Seedless Grapes Prepacked | 500g,$5.00,https://www.coles.com.au/product/coles-black-seedless-grapes-prepacked-500g-1170276
4153546,Coles Mushrooms Mince | 300g,$5.50,https://www.coles.com.au/product/coles-mushrooms-mince-300g-4153546
5528586,Coles Kitchen Thai Style Salad Kit | 315g,$5.50,https://www.coles.com.au/product/coles-kitchen-thai-style-salad-kit-315g-5528586
3294768,Coles Mediterranean Style Salad Bowl | 185g,$6.50,https://www.coles.com.au/product/coles-mediterranean-style-salad-bowl-185g-3294768
5973283,Coles Brazil Nuts Natural | 400g,$12.00,https://www.coles.com.au/product/coles-brazil-nuts-natural-400g-5973283
8412307,Coles Dried Dates | approx 100g,$2.50,https://www.coles.com.au/product/coles-dried-dates-approx.-100g-8412307
3164263,Coles Kitchen Zucchini Noodles | 250g,$3.00,https://www.coles.com.au/product/coles-kitchen-zucchini-noodles-250g-3164263
6133889,Coles Kitchen Family Stir Fry Mix | 400g,$3.50,https://www.coles.com.au/product/coles-kitchen-family-stir-fry-mix-400g-6133889
4229772,Coles Kitchen Mixed Asian Vegetables Stir Fry | 300g,$4.50,https://www.coles.com.au/product/coles-kitchen-mixed-asian-vegetables-stir-fry-300g-4229772
5017430,Coles Organic Pak Choy Bunch | 1 each,$5.50,https://www.coles.com.au/product/coles-organic-pak-choy-bunch-1-each-5017430
3448293,Coles Organic White Mushroom | 180g,$6.30,https://www.coles.com.au/product/coles-organic-white-mushroom-180g-3448293
3189774,Coles Sliced Mushrooms Medley | 250g,$7.90,https://www.coles.com.au/product/coles-sliced-mushrooms-medley-250g-3189774
4982960,Coles Organic Ginger | 150g,$8.50,https://www.coles.com.au/product/coles-organic-ginger-150g-4982960
1958018,Coles Cashew & Soy Crisps Mix | approx 100g,$2.50,https://www.coles.com.au/product/coles-cashew-and-soy-crisps-mix-approx.-100g-1958018
3452949,Coles Half Orange Candy Melon | 1 each,$2.50,https://www.coles.com.au/product/coles-half-orange-candy-melon-1-each-3452949
4894352,Coles Fresh Celeriac Bunch | 1 bunch,$4.50,https://www.coles.com.au/product/coles-fresh-celeriac-bunch-1-bunch-4894352
9210035,Coles Organic Baby Cos Lettuce | 2 pack,$5.00,https://www.coles.com.au/product/coles-organic-baby-cos-lettuce-2-pack-9210035
4462562,Coles Kitchen Green Goddess Veggie Pot | 200g,$5.50,https://www.coles.com.au/product/coles-kitchen-green-goddess-veggie-pot-200g-4462562
9861850,Coles Organic Green Beans Prepacked | 250g,$5.50,https://www.coles.com.au/product/coles-organic-green-beans-prepacked-250g-9861850
409568,Coles Custard Apple Loose | approx 420g,$4.41,https://www.coles.com.au/product/coles-custard-apple-loose-approx.-420g-409568
3324712,Coles Salted Caramel Trio | approx 100g,$3.50,https://www.coles.com.au/product/coles-salted-caramel-trio-approx.-100g-3324712
1116703,Coles Herb Punnets Lime Leaves | 10g,$3.20,https://www.coles.com.au/product/coles-herb-punnets-lime-leaves-10g-1116703
3023206,Gourmet Garden Ginger Cold Blended Paste | 80g,$4.00,https://www.coles.com.au/product/gourmet-garden-ginger-cold-blended-paste-80g-3023206
3329079,Coles Garlic Paste | 140g,$4.50,https://www.coles.com.au/product/coles-garlic-paste-140g-3329079
8686801,Coles Organic Baby Broccoli | 1 each,$4.50,https://www.coles.com.au/product/coles-organic-baby-broccoli-1-each-8686801
6062805,Coles Kitchen Diced Vegetable Medley | 450g,$5.00,https://www.coles.com.au/product/coles-kitchen-diced-vegetable-medley-450g-6062805
4878120,Coles Kitchen Creamy Ranch Salad Bowl | 220g,$5.50,https://www.coles.com.au/product/coles-kitchen-creamy-ranch-salad-bowl-220g-4878120
5040240,Coles Kitchen Honey Mustard & Crouton Salad Kit | 350g,$5.50,https://www.coles.com.au/product/coles-kitchen-honey-mustard-and-crouton-salad-kit-350g-5040240
408372,Coles Rhubarb Bunch | 1 each,$6.50,https://www.coles.com.au/product/coles-rhubarb-bunch-1-each-408372
4957419,Coles Kitchen Kaleslaw Kit | 550g,$7.00,https://www.coles.com.au/product/coles-kitchen-kaleslaw-kit-550g-4957419
6136333,Coles Perform Build Chicken Burrito Salad | 320g,$10.00,https://www.coles.com.au/product/coles-perform-build-chicken-burrito-salad-320g-6136333
2147087,Coles Australian Pecans Nut | 400g,$12.00,https://www.coles.com.au/product/coles-australian-pecans-nut-400g-2147087
8411075,Coles Cranberry Trio | approx 100g,$2.80,https://www.coles.com.au/product/coles-cranberry-trio-approx.-100g-8411075
2848398,Coles Passionfruit And Chia Bites | approx 100g,$3.00,https://www.coles.com.au/product/coles-passionfruit-and-chia-bites-approx.-100g-2848398
5528622,Coles Spinach And Butter Leaf | 120g,$3.00,https://www.coles.com.au/product/coles-spinach-and-butter-leaf-120g-5528622
6134000,Coles Kitchen Superfood Leaf Mix | 150g,$3.00,https://www.coles.com.au/product/coles-kitchen-superfood-leaf-mix-150g-6134000
4442984,Coles Grapefruits Prepack | 3 pack,$3.50,https://www.coles.com.au/product/coles-grapefruits-prepack-3-pack-4442984
4908912,Coles Radicchio Lettuce | 1 each,$3.50,https://www.coles.com.au/product/coles-radicchio-lettuce-1-each-4908912
3023272,Gourmet Garden Lemongrass Cold Blended Paste | 80g,$4.00,https://www.coles.com.au/product/gourmet-garden-lemongrass-cold-blended-paste-80g-3023272
3613119,Coles Chef Blend Italian Style Leaf Blend | 150g,$4.00,https://www.coles.com.au/product/coles-chef-blend-italian-style-leaf-blend-150g-3613119
5055611,Coles Organic Avocados | 1 each,$4.00,https://www.coles.com.au/product/coles-organic-avocados-1-each-5055611
6028636,Coles Kitchen Super Green Slaw | 300g,$4.00,https://www.coles.com.au/product/coles-kitchen-super-green-slaw-300g-6028636
3505819,Coles Kitchen Roasting Vegetables With Garlic And Rosemary | 500g,$5.50,https://www.coles.com.au/product/coles-kitchen-roasting-vegetables-with-garlic-and-rosemary-500g-3505819
3019912,Coles Chocolate Coconut Rough | approx 100g,$3.00,https://www.coles.com.au/product/coles-chocolate-coconut-rough-approx.-100g-3019912
8412170,Coles Deluxe Natural Mixed Nuts | approx 100g,$3.10,https://www.coles.com.au/product/coles-deluxe-natural-mixed-nuts-approx.-100g-8412170
2999327,Gourmet Garden Lightly Dried Parsley Prepacked | 8g,$4.00,https://www.coles.com.au/product/gourmet-garden-lightly-dried-parsley-prepacked-8g-2999327
3626915,Gourmet Garden Ginger Cold Blended Paste | 115g,$5.00,https://www.coles.com.au/product/gourmet-garden-ginger-cold-blended-paste-115g-3626915
7233448,Coles Organic Cabbage Whole | 1 each,$5.00,https://www.coles.com.au/product/coles-organic-cabbage-whole-1-each-7233448
6062940,Coles Kitchen Bacon Cobb Salad Bowl | 200g,$5.50,https://www.coles.com.au/product/coles-kitchen-bacon-cobb-salad-bowl-200g-6062940
2823342,Coles Organic Medjool Dates | 227g,$6.50,https://www.coles.com.au/product/coles-organic-medjool-dates-227g-2823342
4878163,Coles Kitchen Asian Chicken Salad Bowl | 200g,$6.50,https://www.coles.com.au/product/coles-kitchen-asian-chicken-salad-bowl-200g-4878163
3137293,Coles Superfood Mix | 400g,$8.00,https://www.coles.com.au/product/coles-superfood-mix-400g-3137293
3324814,Scoop & Weigh Tropical Fruit Mix | approx 100g,$3.00,https://www.coles.com.au/product/scoop-and-weigh-tropical-fruit-mix-approx.-100g-3324814
3019876,Coles Vegetable Chips | approx 100g,$4.50,https://www.coles.com.au/product/coles-vegetable-chips-approx.-100g-3019876
4575810,Coles Herbs Watercress Sleeved | 1 each,$3.20,https://www.coles.com.au/product/coles-herbs-watercress-sleeved-1-each-4575810
3021889,Gourmet Garden Basil Cold Blended Paste | 80g,$4.00,https://www.coles.com.au/product/gourmet-garden-basil-cold-blended-paste-80g-3021889
5861348,Coles Kitchen Broccoslaw | 300g,$4.00,https://www.coles.com.au/product/coles-kitchen-broccoslaw-300g-5861348
5861122,Coles Kitchen Sour Cream Sweet Chilli Salad Kit | 350g,$4.50,https://www.coles.com.au/product/coles-kitchen-sour-cream-sweet-chilli-salad-kit-350g-5861122
2724828,Coles Organic Rocket | 100g,$4.90,https://www.coles.com.au/product/coles-organic-rocket-100g-2724828
5503494,Coles Kitchen Classic Pasta Salad | 400g,$5.00,https://www.coles.com.au/product/coles-kitchen-classic-pasta-salad-400g-5503494
4183558,Coles Kent Pumpkin Whole | approx 4Kg,$6.00,https://www.coles.com.au/product/coles-kent-pumpkin-whole-approx.-4kg-each-4183558
3324803,Coles Coconut Chunks | approx 100g,$2.00,https://www.coles.com.au/product/coles-coconut-chunks-approx.-100g-3324803
2621789,Coles Blackcurrant And Chia Bites | approx 100g,$3.00,https://www.coles.com.au/product/coles-blackcurrant-and-chia-bites-approx.-100g-2621789
8725969,Coles Honey Cashews | approx 100g,$3.10,https://www.coles.com.au/product/coles-honey-cashews-approx.-100g-8725969
5516907,Coles Kitchen Veggie Pasta Salad | 220g,$3.50,https://www.coles.com.au/product/coles-kitchen-veggie-pasta-salad-220g-5516907
3938452,Coles Habanero Chillies | 40g,$3.80,https://www.coles.com.au/product/coles-habanero-chillies-40g-3938452
1476083,Coles Mini Savoy Cabbage | 1 each,$4.50,https://www.coles.com.au/product/coles-mini-savoy-cabbage-1-each-1476083
409557,Coles Coconut Whole | 1 each,$4.90,https://www.coles.com.au/product/coles-coconut-whole-1-each-409557
5508024,Coles Kitchen Classic Potato Salad | 400g,$5.00,https://www.coles.com.au/product/coles-kitchen-classic-potato-salad-400g-5508024
5162214,Coles Organic Pears | 1kg,$5.50,https://www.coles.com.au/product/coles-organic-pears-1kg-5162214
6133460,Coles Kitchen Sweet Potato Superfood Salad Bowl | 180g,$6.50,https://www.coles.com.au/product/coles-kitchen-sweet-potato-superfood-salad-bowl-180g-6133460
6136854,Coles Perform Balanced Chicken Soba Noodle Salad | 320g,$10.00,https://www.coles.com.au/product/coles-perform-balanced-chicken-soba-noodle-salad-320g-6136854
8411348,Coles Summer Delight | approx 100g,$2.20,https://www.coles.com.au/product/coles-summer-delight-approx.-100g-8411348
2349650,Coles Nougat Supreme | approx 100g,$2.50,https://www.coles.com.au/product/coles-nougat-supreme-approx.-100g-2349650
3770026,Coles Jersey Caramels | approx 100g,$2.50,https://www.coles.com.au/product/coles-jersey-caramels-approx.-100g-3770026
8411315,Coles Natural Brazil Nuts | approx 100g,$5.50,https://www.coles.com.au/product/coles-natural-brazil-nuts-approx.-100g-8411315
410319,Coles Chestnuts Large | approx 200g,$1.98,https://www.coles.com.au/product/coles-chestnuts-large-approx.-200g-410319
5513443,Coles Chef Blend Premium Baby Leaf | 150g,$4.00,https://www.coles.com.au/product/coles-chef-blend-premium-baby-leaf-150g-5513443
6256619,Coles Celery Sticks Organic | 250g,$5.00,https://www.coles.com.au/product/coles-celery-sticks-organic-250g-6256619
3014475,Coles Organic Chopped Kale | 140g,$5.50,https://www.coles.com.au/product/coles-organic-chopped-kale-140g-3014475
4982948,Coles Organic Cauliflower | 1 each,$7.00,https://www.coles.com.au/product/coles-organic-cauliflower-1-each-4982948
9177982,Coles Brown Nashi Pears | approx 150g,$1.49,https://www.coles.com.au/product/coles-brown-nashi-pears-approx.-150g-9177982
8411097,Coles Trail Mix | approx 100g,$2.00,https://www.coles.com.au/product/coles-trail-mix-approx.-100g-8411097
3812319,Coles Pottle Roasted Salted Macadamias | approx 100g,$5.70,https://www.coles.com.au/product/coles-pottle-roasted-salted-macadamias-approx.-100g-3812319
5546679,Aussie Sprouts Pea Shoots | 100g,$3.50,https://www.coles.com.au/product/aussie-sprouts-pea-shoots-100g-5546679
3014453,Coles Organic Kale With Vegetables | 200g,$5.50,https://www.coles.com.au/product/coles-organic-kale-with-vegetables-200g-3014453
9573356,Coles Organic Stir Fry | 300g,$6.00,https://www.coles.com.au/product/coles-organic-stir-fry-300g-9573356
5045470,Coles Organic Sweet Potatoes Prepacked | 500g,$6.90,https://www.coles.com.au/product/coles-organic-sweet-potatoes-prepacked-500g-5045470
6577770,Coles Snake Beans Bunch | 1 each,$8.00,https://www.coles.com.au/product/coles-snake-beans-bunch-1-each-6577770
1110999,Coles Habanero Chillies | approx 24g,$0.72,https://www.coles.com.au/product/coles-habanero-chillies-approx.-24g-1110999
3324789,Coles Coconut & Maple Flavoured Almonds | approx 100g,$3.50,https://www.coles.com.au/product/coles-coconut-and-maple-flavoured-almonds-approx.-100g-3324789
1277000,Coles Piel De Sapo Melons Half | 1 each,$2.50,https://www.coles.com.au/product/coles-piel-de-sapo-melons-half-1-each-1277000
3593430,Coles Herb Thai Basil Punnet | 15g,$3.00,https://www.coles.com.au/product/coles-herb-thai-basil-punnet-15g-3593430
3091556,Coles Organic Continental Parsley | 1 each,$4.50,https://www.coles.com.au/product/coles-organic-continental-parsley-1-each-3091556
3615602,Coles Kitchen Burger Slaw Salad Kit | 350g,$5.50,https://www.coles.com.au/product/coles-kitchen-burger-slaw-salad-kit-350g-3615602
5548346,Coles Melon Honeydew Gold Medium | 1 each,$5.90,https://www.coles.com.au/product/coles-melon-honeydew-gold-medium-1-each-5548346
5432024,Coles Kitchen Salad Bowl Hawaiian Style | 190g,$6.50,https://www.coles.com.au/product/coles-kitchen-salad-bowl-hawaiian-style-190g-5432024
4463995,Coles Kitchen Cheesy Tomato Pasta Salad | 800g,$7.00,https://www.coles.com.au/product/coles-kitchen-cheesy-tomato-pasta-salad-800g-4463995
5486169,Coles Kitchen Made For Sharing Salad Kit Greek Style | 300g,$8.00,https://www.coles.com.au/product/coles-kitchen-made-for-sharing-salad-kit-greek-style-300g-5486169
3769821,Coles Sugared Giant Strawberries | approx 100g,$2.50,https://www.coles.com.au/product/coles-sugared-giant-strawberries-approx.-100g-3769821
9918174,Coles Vitality | approx 100g,$2.80,https://www.coles.com.au/product/coles-vitality-approx.-100g-9918174
3574356,Coles Microwave Chestnuts | 200g,$3.50,https://www.coles.com.au/product/coles-microwave-chestnuts-200g-3574356
6062995,Coles Kitchen Corn Slaw | 350g,$3.50,https://www.coles.com.au/product/coles-kitchen-corn-slaw-350g-6062995
3939058,Coles Carolina Reaper Chillies | 20g,$3.80,https://www.coles.com.au/product/coles-carolina-reaper-chillies-20g-3939058
9096097,Coles Deli Salads Tub Small Classic Coleslaw | 1 each,$4.00,https://www.coles.com.au/product/coles-deli-salads-tub-small-classic-coleslaw-1-each-9096097
4975782,Coles Organic Beetroot | 500g,$5.00,https://www.coles.com.au/product/coles-organic-beetroot-500g-4975782
5432228,Coles Kitchen Beetslaw With Fetta Salad Bowl | 180g,$5.50,https://www.coles.com.au/product/coles-kitchen-beetslaw-with-fetta-salad-bowl-180g-5432228
3770059,Coles Speckles | approx 100g,$2.50,https://www.coles.com.au/product/coles-speckles-approx.-100g-3770059
9880810,Coles Antioxidant Blend | approx 100g,$3.00,https://www.coles.com.au/product/coles-antioxidant-blend-approx.-100g-9880810
8411869,Coles Natural Hazelnuts | approx 100g,$4.00,https://www.coles.com.au/product/coles-natural-hazelnuts-approx.-100g-8411869
3812374,Coles Pottle Natural Macadamias | approx 100g,$5.70,https://www.coles.com.au/product/coles-pottle-natural-macadamias-approx.-100g-3812374
3215091,Coles Herb Punnets Oregano | 10g,$3.20,https://www.coles.com.au/product/coles-herb-punnets-oregano-10g-3215091
1597850,Coles Dried Porcini Mushrooms | 20g,$5.00,https://www.coles.com.au/product/coles-dried-porcini-mushrooms-20g-1597850
5076305,Coles Organic Brown Onions | 1kg,$5.50,https://www.coles.com.au/product/coles-organic-brown-onions-1kg-5076305
3520845,Organic Organic Brown Mushrooms | 180g,$6.60,https://www.coles.com.au/product/organic-organic-brown-mushrooms-180g-3520845
5024866,Coles Organic Brushed Potatoes Prepacked | 2kg,$11.00,https://www.coles.com.au/product/coles-organic-brushed-potatoes-prepacked-2kg-5024866
3020026,Coles Yoghurt Cranberry | approx 100g,$2.50,https://www.coles.com.au/product/coles-yoghurt-cranberry-approx.-100g-3020026
3770219,Coles Sherbert Fizzies | approx 100g,$2.50,https://www.coles.com.au/product/coles-sherbert-fizzies-approx.-100g-3770219
3592959,Coles Pottel Cashews Roast & Salted | approx 100g,$2.90,https://www.coles.com.au/product/coles-pottel-cashews-roast-and-salted-approx.-100g-3592959
3324836,Coles Chocolate Turkish Delight | approx 100g,$3.00,https://www.coles.com.au/product/coles-chocolate-turkish-delight-approx.-100g-3324836
3592992,Coles Pottle Roasted Salted Pistachio | approx 100g,$3.00,https://www.coles.com.au/product/coles-pottle-roasted-salted-pistachio-approx.-100g-3592992
3305955,Coles Dark Chocolate Blueberry | approx 100g,$4.00,https://www.coles.com.au/product/coles-dark-chocolate-blueberry-approx.-100g-3305955
8412464,Coles Natural Pecans | approx 100g,$4.50,https://www.coles.com.au/product/coles-natural-pecans-approx.-100g-8412464
3219376,Coles Mayan Gold Brushed Potatoes | 1kg,$4.50,https://www.coles.com.au/product/coles-mayan-gold-brushed-potatoes-1kg-3219376
6036838,Coles Kitchen Creamy Hoisin Slaw Kit | 350g,$5.00,https://www.coles.com.au/product/coles-kitchen-creamy-hoisin-slaw-kit-350g-6036838
1418484,Coles Organic Brushed Potatoes Prepacked | 1kg,$6.00,https://www.coles.com.au/product/coles-organic-brushed-potatoes-prepacked-1kg-1418484
5071833,Coles Organic Red Onions Prepacked | 1kg,$10.00,https://www.coles.com.au/product/coles-organic-red-onions-prepacked-1kg-5071833
3644032,Coles Peanut Butter Jar | approx 100g,$1.40,https://www.coles.com.au/product/coles-peanut-butter-jar-approx.-100g-3644032
2848387,Coles Chai Chocolate Almonds | approx 100g,$3.00,https://www.coles.com.au/product/coles-chai-chocolate-almonds-approx.-100g-2848387
3574538,Coles Pottle Chocolate Almonds | approx 100g,$3.00,https://www.coles.com.au/product/coles-pottle-chocolate-almonds-approx.-100g-3574538
3812330,Coles Pottle Honey Coated Macadamias | approx 100g,$5.70,https://www.coles.com.au/product/coles-pottle-honey-coated-macadamias-approx.-100g-3812330
3123186,Coles Herb Lemon Thyme Punnet | 10g,$3.20,https://www.coles.com.au/product/coles-herb-lemon-thyme-punnet-10g-3123186
2028500,Coles Salad Small Tubs Potato Egg & Bacon | 1 each,$5.00,https://www.coles.com.au/product/coles-salad-small-tubs-potato-egg-and-bacon-1-each-2028500
5477452,Coles Kitchen Asian Teriyaki Stir Fry | 400g,$5.00,https://www.coles.com.au/product/coles-kitchen-asian-teriyaki-stir-fry-400g-5477452
6051547,Coles Kitchen Chilli Lime Crunchy Noodle Salad Kit | 350g,$5.00,https://www.coles.com.au/product/coles-kitchen-chilli-lime-crunchy-noodle-salad-kit-350g-6051547
1058491,Coles Organic Green Kale | 1 each,$5.50,https://www.coles.com.au/product/coles-organic-green-kale-1-each-1058491
6139160,Salad Fresh Mexican Street Corn | 250g,$5.50,https://www.coles.com.au/product/salad-fresh-mexican-street-corn-250g-6139160
5477420,Coles Kitchen Classic Salad Veggie Pasta | 700g,$6.50,https://www.coles.com.au/product/coles-kitchen-classic-salad-veggie-pasta-700g-5477420
410115,Coles Quinces Medium | approx 200g,$1.38,https://www.coles.com.au/product/coles-quinces-medium-approx.-200g-each-410115
3769901,Coles Strawberry Dream | approx 100g,$2.50,https://www.coles.com.au/product/coles-strawberry-dream-approx.-100g-3769901
2834735,Coles Pottle Natural Almonds | approx 100g,$2.60,https://www.coles.com.au/product/coles-pottle-natural-almonds-approx.-100g-2834735
2834779,Coles Superboost Pottle | approx 100g,$2.80,https://www.coles.com.au/product/coles-superboost-pottle-approx.-100g-2834779
3593190,Coles Vietnamese Mint Punnet | 15g,$3.00,https://www.coles.com.au/product/coles-vietnamese-mint-punnet-15g-3593190
3215218,Coles Herb Tarragon Punnet | 10g,$3.20,https://www.coles.com.au/product/coles-herb-tarragon-punnet-10g-3215218
2999258,Gourmet Garden Lightly Dried Coriander | 8g,$4.00,https://www.coles.com.au/product/gourmet-garden-lightly-dried-coriander-8g-2999258
3023308,Gourmet Garden Mild Chilli Stir In Paste | 80g,$4.00,https://www.coles.com.au/product/gourmet-garden-mild-chilli-stir-in-paste-80g-3023308
1489562,Coles Deli Salad Tubs Small Quinoa Tabouleh | 1 each,$5.00,https://www.coles.com.au/product/coles-deli-salad-tubs-small-quinoa-tabouleh-1-each-1489562
9096439,Coles Deli Salads Tub Medium Classic Pasta | Medium,$5.00,https://www.coles.com.au/product/coles-deli-salads-tub-medium-classic-pasta-medium-9096439
5518899,Coles Fresh Quinoa Tabouleh Salad | 200g,$5.50,https://www.coles.com.au/product/coles-fresh-quinoa-tabouleh-salad-200g-5518899
3519744,Coles Organic Oyster Mushrooms | 100g,$6.50,https://www.coles.com.au/product/coles-organic-oyster-mushrooms-100g-3519744
8411235,Coles Lunchbox Fruits | approx 100g,$2.20,https://www.coles.com.au/product/coles-lunchbox-fruits-approx.-100g-8411235
3324858,Coles Dark Choc Apricot Nougat | approx 100g,$2.80,https://www.coles.com.au/product/coles-dark-choc-apricot-nougat-approx.-100g-3324858
2997999,Gourmet Garden Lightly Dried Mixed Herbs Prepacked | 8g,$4.00,https://www.coles.com.au/product/gourmet-garden-lightly-dried-mixed-herbs-prepacked-8g-2997999
3023625,Gourmet Garden Coriander Cold Blended Paste | 80g,$4.00,https://www.coles.com.au/product/gourmet-garden-coriander-cold-blended-paste-80g-3023625
6062419,Coles Kitchen French Style Dressing Salad Kit | 300g,$4.50,https://www.coles.com.au/product/coles-kitchen-french-style-dressing-salad-kit-300g-6062419
3578845,Coles Organic Beetroot | 250g,$5.00,https://www.coles.com.au/product/coles-organic-beetroot-250g-3578845
5517025,Coles Fresh Potato Egg & Bacon Salad | 250g,$5.50,https://www.coles.com.au/product/coles-fresh-potato-egg-and-bacon-salad-250g-5517025
6140385,Coles Kitchen Veggie Mash | 320g,$5.50,https://www.coles.com.au/product/coles-kitchen-veggie-mash-320g-6140385
3062285,Coles Deli Medium Greek Salad | 1 each,$6.00,https://www.coles.com.au/product/coles-deli-medium-greek-salad-1-each-3062285
6368690,Market Lane Salt And Vinegar Chomp | 400g,$6.00,https://www.coles.com.au/product/market-lane-salt-and-vinegar-chomp-400g-6368690
6630216,Coles Asian Long Melon | approx 1kg,$9.00,https://www.coles.com.au/product/coles-asian-long-melon-approx.-1kg-6630216
3018523,Coles Pine Nuts Prepacked | 200g,$12.00,https://www.coles.com.au/product/coles-pine-nuts-prepacked-200g-3018523
8417355,Coles Cranberry Sprinkle | approx 100g,$2.20,https://www.coles.com.au/product/coles-cranberry-sprinkle-approx.-100g-8417355
3023705,Gourmet Garden Italian Herbs Cold Blended Paste | 80g,$4.00,https://www.coles.com.au/product/gourmet-garden-italian-herbs-cold-blended-paste-80g-3023705
4491980,Organic Organic Snacking Carrots | 250g,$4.00,https://www.coles.com.au/product/organic-organic-snacking-carrots-250g-4491980
6979911,Gourmet Garden Thai Seasoning Cold Blended Paste | 80g,$4.00,https://www.coles.com.au/product/gourmet-garden-thai-seasoning-cold-blended-paste-80g-6979911
3014293,Coles Organic Coleslaw | 200g,$4.50,https://www.coles.com.au/product/coles-organic-coleslaw-200g-3014293
1483191,Coles Deli Salad Tubs Medium Quinoa Tabouleh | 1 each,$6.00,https://www.coles.com.au/product/coles-deli-salad-tubs-medium-quinoa-tabouleh-1-each-1483191
2028485,Coles Salad Medium Tubs Potato Egg & Bacon Salad Salad | 1 each,$6.00,https://www.coles.com.au/product/coles-salad-medium-tubs-potato-egg-and-bacon-salad-salad-1-each-2028485
1483680,Coles Deli Salad Tubs Large Quinoa Tabouleh | 1 each,$7.00,https://www.coles.com.au/product/coles-deli-salad-tubs-large-quinoa-tabouleh-1-each-1483680
5032219,Coles Organic Zucchini | 500g,$7.50,https://www.coles.com.au/product/coles-organic-zucchini-500g-5032219
5615590,Market Lane Honey Nut Medley | 1150g,$18.00,https://www.coles.com.au/product/market-lane-honey-nut-medley-1150g-5615590
3768647,Coles BBQ Kri Kri Peanut | approx 100g,$2.00,https://www.coles.com.au/product/coles-bbq-kri-kri-peanut-approx.-100g-3768647
5615556,Market Lane Natural Nut Mix | 1100g,$20.00,https://www.coles.com.au/product/market-lane-natural-nut-mix-1100g-5615556
3850577,Coles Mushroom Dry Shiitake | 20g,$3.50,https://www.coles.com.au/product/coles-mushroom-dry-shiitake-20g-3850577
3856530,Coles Kitchen Caesar Dressing | 250mL,$4.50,https://www.coles.com.au/product/coles-kitchen-caesar-dressing-250ml-3856530
9104708,Coles Deli Medium Classic Coleslaw Salad Tub | 1 each,$5.00,https://www.coles.com.au/product/coles-deli-medium-classic-coleslaw-salad-tub-1-each-9104708
5519359,Salad Fresh Pumpkin & Herb Cous Cous Salad | 200g,$5.50,https://www.coles.com.au/product/salad-fresh-pumpkin-and-herb-cous-cous-salad-200g-5519359
5519392,Salad Fresh Sundried Tomato Fetta Salad | 210g,$5.50,https://www.coles.com.au/product/salad-fresh-sundried-tomato-fetta-salad-210g-5519392
5613620,Market Lane Pretzel Peanut Butter Nugget | 730g,$15.00,https://www.coles.com.au/product/market-lane-pretzel-peanut-butter-nugget-730g-5613620
3574287,Coles Pottle Natural Walnuts | approx 100g,$2.80,https://www.coles.com.au/product/coles-pottle-natural-walnuts-approx.-100g-3574287
3019898,Coles Chocolate Almonds | approx 100g,$3.00,https://www.coles.com.au/product/coles-chocolate-almonds-approx.-100g-3019898
4201773,Coles Almonds Slivered | approx 100g,$3.00,https://www.coles.com.au/product/coles-almonds-slivered-approx.-100g-4201773
6967016,Coles Yellow Honeydew Melon Half | 1 each,$2.50,https://www.coles.com.au/product/coles-yellow-honeydew-melon-half-1-each-6967016
3677359,Coles Roast Herb Select Punnet | 20g,$3.90,https://www.coles.com.au/product/coles-roast-herb-select-punnet-20g-3677359
2999214,Gourmet Garden Lightly Dried Chilli | 10g,$4.00,https://www.coles.com.au/product/gourmet-garden-lightly-dried-chilli-10g-2999214
2999316,Gourmet Garden Lightly Dried Chives | 4g,$4.00,https://www.coles.com.au/product/gourmet-garden-lightly-dried-chives-4g-2999316
9096010,Coles Deli Salads Tub Small Classic Pasta | 1 each,$4.00,https://www.coles.com.au/product/coles-deli-salads-tub-small-classic-pasta-1-each-9096010
3062263,Coles Deli Small Greek Salad | 1 each,$5.00,https://www.coles.com.au/product/coles-deli-small-greek-salad-1-each-3062263
4350944,Coles Organic Silverbeet | 1 each,$6.00,https://www.coles.com.au/product/coles-organic-silverbeet-1-each-4350944
9105529,Coles Deli Salads Tub Large Classic Coleslaw | 1 each,$6.00,https://www.coles.com.au/product/coles-deli-salads-tub-large-classic-coleslaw-1-each-9105529
1416172,Coles Buddha's Hand | 1 each,$2.40,https://www.coles.com.au/product/coles-buddha's-hand-1-each-1416172
6269461,Natural Delights Mini Medjools Cacao Pecan | 227g,$8.00,https://www.coles.com.au/product/natural-delights-mini-medjools-cacao-pecan-227g-6269461
8413004,Coles Berry Zest | approx 100g,$2.50,https://www.coles.com.au/product/coles-berry-zest-approx.-100g-8413004
8410119,Coles Almond Meal | approx 100g,$3.00,https://www.coles.com.au/product/coles-almond-meal-approx.-100g-8410119
3644600,Coles Almond Butter | approx 100g,$3.50,https://www.coles.com.au/product/coles-almond-butter-approx.-100g-3644600
3768523,Coles Hemp Seeds | approx 100g,$4.50,https://www.coles.com.au/product/coles-hemp-seeds-approx.-100g-3768523
3856733,Coles Kitchen Green Goddess Dressing | 250mL,$4.50,https://www.coles.com.au/product/coles-kitchen-green-goddess-dressing-250ml-3856733
5907370,Coles Pomelo | approx 1kg,$8.90,https://www.coles.com.au/product/coles-pomelo-approx.-1kg-5907370
3172658,Coles Deli Jumbo Greek Salad Tub | 1 each,$11.00,https://www.coles.com.au/product/coles-deli-jumbo-greek-salad-tub-1-each-3172658
2349638,Coles Raw Power | approx 100g,$2.20,https://www.coles.com.au/product/coles-raw-power-approx.-100g-2349638
1335241,Coles Poblano Green Chillies loose | approx 50g,$1.50,https://www.coles.com.au/product/coles-poblano-green-chillies-loose-approx.-50g-1335241
3019945,Coles Dark Chocolate Ginger | approx 100g,$3.00,https://www.coles.com.au/product/coles-dark-chocolate-ginger-approx.-100g-3019945
9095946,Coles Deli Salads Tub Small Classic Potato | 1 each,$4.00,https://www.coles.com.au/product/coles-deli-salads-tub-small-classic-potato-1-each-9095946
3771517,Coles Pomlife Fresh Pomegranate Arils | 75g,$6.50,https://www.coles.com.au/product/coles-pomlife-fresh-pomegranate-arils-75g-3771517
6269381,Natural Delights Mini Medjools Coconut | 227g,$8.00,https://www.coles.com.au/product/natural-delights-mini-medjools-coconut-227g-6269381
5056953,Coles Organic Garlic Prepacked | 150g,$11.50,https://www.coles.com.au/product/coles-organic-garlic-prepacked-150g-5056953
4333990,Coles Organic Red Capsicum | approx 200g,$4.20,https://www.coles.com.au/product/coles-organic-red-capsicum-approx.-200g-4333990
5564273,Scoop And Weigh Protein Mix | approx 100g,$3.00,https://www.coles.com.au/product/scoop-and-weigh-protein-mix-approx.-100g-5564273
4201820,Coles Superfood Mix | approx 100g,$3.70,https://www.coles.com.au/product/coles-superfood-mix-approx.-100g-4201820
3812294,Coles Pottle Milk Chocolate Macadamias | approx 100g,$5.70,https://www.coles.com.au/product/coles-pottle-milk-chocolate-macadamias-approx.-100g-3812294
9094535,Coles Deli Snack Classic Coleslaw Salad Tub | 1 each,$2.00,https://www.coles.com.au/product/coles-deli-snack-classic-coleslaw-salad-tub-1-each-9094535
3538590,Gourmet Garden Lightly Dried Mint | 5g,$4.00,https://www.coles.com.au/product/gourmet-garden-lightly-dried-mint-5g-3538590
1598310,Coles Mushrooms Dried Mixed Forest | 20g,$5.00,https://www.coles.com.au/product/coles-mushrooms-dried-mixed-forest-20g-1598310
9096360,Coles Deli Salads Tub Medium Classic Potato | 1 each,$5.00,https://www.coles.com.au/product/coles-deli-salads-tub-medium-classic-potato-1-each-9096360
9105234,Coles Deli Salads Tub Large Classic Potato | 1 each,$6.00,https://www.coles.com.au/product/coles-deli-salads-tub-large-classic-potato-1-each-9105234
3062296,Coles Deli Large Greek Salad | 1 each,$7.00,https://www.coles.com.au/product/coles-deli-large-greek-salad-1-each-3062296
5615567,Market Lane Club Mix | 750g,$12.00,https://www.coles.com.au/product/market-lane-club-mix-750g-5615567
5615589,Market Lane Choice Fruit & Nut Mix | 1100g,$18.00,https://www.coles.com.au/product/market-lane-choice-fruit-and-nut-mix-1100g-5615589
8412238,Coles Roasted Salted Mixed Nuts | approx 100g,$2.80,https://www.coles.com.au/product/coles-roasted-salted-mixed-nuts-approx.-100g-8412238
3785410,Coles White Chocolate Candy Speckle Ball | approx. 100g,$3.00,https://www.coles.com.au/product/coles-white-chocolate-candy-speckle-ball-approx-.-100g-3785410
2028430,Coles Deli Salad Large Tubs Potato Egg & Bacon | 1 each,$7.00,https://www.coles.com.au/product/coles-deli-salad-large-tubs-potato-egg-and-bacon-1-each-2028430
9107499,Coles Deli Salads Tub Jumbo Classic Potato | 1 each,$10.00,https://www.coles.com.au/product/coles-deli-salads-tub-jumbo-classic-potato-1-each-9107499
9107546,Coles Deli Salads Tub Jumbo Classic Pasta | 1 each,$10.00,https://www.coles.com.au/product/coles-deli-salads-tub-jumbo-classic-pasta-1-each-9107546
9107568,Coles Deli Salads Tub Jumbo Classic Coleslaw | 1 each,$10.00,https://www.coles.com.au/product/coles-deli-salads-tub-jumbo-classic-coleslaw-1-each-9107568
5615716,Market Lane Topper Savoury | 810g,$15.00,https://www.coles.com.au/product/market-lane-topper-savoury-810g-5615716
3785373,Coles Choc Caramel Fudge Balls | approx 100g,$3.00,https://www.coles.com.au/product/coles-choc-caramel-fudge-balls-approx.-100g-3785373
4885635,Coles Red Cabbage Quarter | 1 each,$1.42,https://www.coles.com.au/product/coles-red-cabbage-quarter-1-each-4885635
9094499,Coles Deli Salads Tub Snack Classic Potato | 1 each,$2.00,https://www.coles.com.au/product/coles-deli-salads-tub-snack-classic-potato-1-each-9094499
9094524,Coles Deli Salads Tub Snack Classic Pasta | 1 each,$2.00,https://www.coles.com.au/product/coles-deli-salads-tub-snack-classic-pasta-1-each-9094524
1501250,Coles Bean Shoots Prepacked | 350g,$2.70,https://www.coles.com.au/product/coles-bean-shoots-prepacked-350g-1501250
1482406,Coles Deli Salad Tubs Snack Quinoa Tabouleah Salad | 1 each,$3.00,https://www.coles.com.au/product/coles-deli-salad-tubs-snack-quinoa-tabouleah-salad-1-each-1482406
2028554,Coles Salad Snack Tubs Potato Egg & Bacon | 1 each,$3.00,https://www.coles.com.au/product/coles-salad-snack-tubs-potato-egg-and-bacon-1-each-2028554
3292773,Coles Deli Snack Greek Salad | 1 each,$3.00,https://www.coles.com.au/product/coles-deli-snack-greek-salad-1-each-3292773
4631036,Fresh Living Herbs Chives | 1 each,$3.98,https://www.coles.com.au/product/fresh-living-herbs-chives-1-each-4631036
8002214,Perfection Fresh Rockmelon Pieces | 500g,$3.98,https://www.coles.com.au/product/perfection-fresh-rockmelon-pieces-500g-8002214
5474046,Coles Baby Rocket Salad Leaf Prepacked | 120g,$3.99,https://www.coles.com.au/product/coles-baby-rocket-salad-leaf-prepacked-120g-5474046
1149123,Avo Fresh Plain Avocado | 160g,$4.00,https://www.coles.com.au/product/avo-fresh-plain-avocado-160g-1149123
3011557,Gourmet Garden Lightly Dried Herb Oregano | 5g,$4.00,https://www.coles.com.au/product/gourmet-garden-lightly-dried-herb-oregano-5g-3011557
5031781,Coles Organic Grey Pumpkin | approx 1kg,$4.00,https://www.coles.com.au/product/coles-organic-grey-pumpkin-approx.-1kg-5031781
9105507,Coles Deli Salads Tub Large Classic Pasta | 1 each,$6.00,https://www.coles.com.au/product/coles-deli-salads-tub-large-classic-pasta-1-each-9105507
4970268,Coles Gourmandine Potatoes | 1.5kg,$6.50,https://www.coles.com.au/product/coles-gourmandine-potatoes-1.5kg-4970268
9186699,Coles Organic Red Globe Grapes | approx 800g,$5.58,https://www.coles.com.au/product/coles-organic-red-globe-grapes-approx.-800g-9186699
7340969,Organic Nectarines Medium | approx 1kg,$6.99,https://www.coles.com.au/product/organic-nectarines-medium-approx.-1kg-7340969
9208882,Coles Organic Nectarines Medium | approx 150g,$1.05,https://www.coles.com.au/product/coles-organic-nectarines-medium-approx.-150g-9208882
5526682,Market Lane Crunchy Party Mix | 400g,$7.00,https://www.coles.com.au/product/market-lane-crunchy-party-mix-400g-5526682
8729540,Coles Yellow Peppers | approx 50g,$0.40,https://www.coles.com.au/product/coles-yellow-peppers-approx.-50g-8729540
4414640,Coles Walnuts In Shell | 665g,$8.00,https://www.coles.com.au/product/coles-walnuts-in-shell-665g-4414640
3856132,Coles Smokey BBQ Peanut & Cashews | 800g,$9.00,https://www.coles.com.au/product/coles-smokey-bbq-peanut-and-cashews-800g-3856132
6744135,Market Lane Australian Beer Nuts | 900g,$10.00,https://www.coles.com.au/product/market-lane-australian-beer-nuts-900g-6744135
1485448,Coles Deli Salad Tubs Jumbo Quinoa Tabouleh Salad | 1 each,$11.00,https://www.coles.com.au/product/coles-deli-salad-tubs-jumbo-quinoa-tabouleh-salad-1-each-1485448
2028394,Coles Deli Salad Jumbo Tubs Potato Egg & Bacon | 1 each,$11.00,https://www.coles.com.au/product/coles-deli-salad-jumbo-tubs-potato-egg-and-bacon-1-each-2028394
2538302,Coles Jumbo Salad Tub Curried Pumpkin Cous Cous Salad | 1 each,$11.00,https://www.coles.com.au/product/coles-jumbo-salad-tub-curried-pumpkin-cous-cous-salad-1-each-2538302
6332535,Coles Entertainer Mix | approx 100g,$2.00,https://www.coles.com.au/product/coles-entertainer-mix-approx.-100g-6332535
3305820,Scoop & Weigh Milk Choc Honeycomb Balls | approx 100g,$3.00,https://www.coles.com.au/product/scoop-and-weigh-milk-choc-honeycomb-balls-approx.-100g-3305820
3785395,Coles Chocolate Honeycomb Speckle Ball | approx 100g,$3.00,https://www.coles.com.au/product/coles-chocolate-honeycomb-speckle-ball-approx.-100g-3785395
3956862,Coles Fruit Nut And Seed Toasted Muesli | approx 100g,$3.00,https://www.coles.com.au/product/coles-fruit-nut-and-seed-toasted-muesli-approx.-100g-3956862
3956895,Coles Maple Pecan Toasted Muesli | approx 100g,$3.00,https://www.coles.com.au/product/coles-maple-pecan-toasted-muesli-approx.-100g-3956895
3956964,Coles Vegan Fruity Almond Coconut Granola | approx 100g,$3.50,https://www.coles.com.au/product/coles-vegan-fruity-almond-coconut-granola-approx.-100g-3956964
3956975,Coles Hazelnut And Cranberry Coco Granola | approx 100g,$3.50,https://www.coles.com.au/product/coles-hazelnut-and-cranberry-coco-granola-approx.-100g-3956975
3957005,Coles Super Nutty Low Sugar Granola | approx 100g,$3.50,https://www.coles.com.au/product/coles-super-nutty-low-sugar-granola-approx.-100g-3957005
4201831,Coles High Fibre Blend | approx 100g,$3.70,https://www.coles.com.au/product/coles-high-fibre-blend-approx.-100g-4201831
6332455,Coles Peanut Butter Protein Bites | approx 100g,$5.00,https://www.coles.com.au/product/coles-peanut-butter-protein-bites-approx.-100g-6332455
6332488,Coles Brownie Protein Bites | approx 100g,$5.00,https://www.coles.com.au/product/coles-brownie-protein-bites-approx.-100g-6332488
7273420,Medjool Dates Medjol Date 5kg Gift Box | 1 each,$70.00,https://www.coles.com.au/product/medjool-dates-medjol-date-5kg-gift-box-1-each-7273420
4245859,Scoop & Weigh Superfood Dragon Fruit Smoothi ... approx 100g,$7.99,https://www.coles.com.au/product/scoop-and-weigh-superfood-dragon-fruit-smoothie-powder-approx.-100g-4245859
4245881,Scoop & Weigh Superfood Berry Smoothi ... approx 100g,$7.99,https://www.coles.com.au/product/scoop-and-weigh-superfood-berry-smoothie-powder-approx.-100g-4245881
