2271188,Coles RSPCA Approved Whole Chicken Roast | 1 each,$12.00,https://www.coles.com.au/product/coles-rspca-approved-whole-chicken-roast-1-each-2271188
6303050,Primo Manuka Honey Bacon | 175g,$6.15,https://www.coles.com.au/product/primo-manuka-honey-bacon-175g-6303050
6303027,Primo Australian Made Middle Bacon | 200g,$7.00,https://www.coles.com.au/product/primo-australian-made-middle-bacon-200g-6303027
6286992,Primo Australian Short Cut Bacon | 200g,$7.00,https://www.coles.com.au/product/primo-australian-short-cut-bacon-200g-6286992
2271199,Coles Deli RSPCA Approved Chicken Breast Fil ... approx 300g,$3.30,https://www.coles.com.au/product/coles-deli-rspca-approved-chicken-breast-fillets-approx.-300g-each-2271199
4222321,Primo Champagne Ham From the Deli | approx 100g,$2.20,https://www.coles.com.au/product/primo-champagne-ham-from-the-deli-approx.-100g-4222321
8106800,Coles Deli Fresh Tasmanian Salmon Portions ... approx 200g,$5.80,https://www.coles.com.au/product/coles-deli-fresh-tasmanian-salmon-portions-skin-on-approx.-200g-8106800
4304255,Primo Middle Bacon Rind On | approx 100g,$1.28,https://www.coles.com.au/product/primo-middle-bacon-rind-on-approx.-100g-4304255
9358230,Don Deli Melosi Leg Ham | approx 100g,$3.10,https://www.coles.com.au/product/don-deli-melosi-leg-ham-approx.-100g-9358230
5185446,Don White Hungarian Salami | approx 100g,$2.95,https://www.coles.com.au/product/don-white-hungarian-salami-approx.-100g-5185446
4304277,Primo Short Cut Bacon | approx 250g,$4.50,https://www.coles.com.au/product/primo-short-cut-bacon-approx.-250g-4304277
3954674,Coles Deli Thawed Raw Black Tiger Prawns | approx 250g,$7.25,https://www.coles.com.au/product/coles-deli-thawed-raw-black-tiger-prawns-approx.-250g-3954674
3052929,Don Virginian Leg Ham Sliced | approx 100g,$2.10,https://www.coles.com.au/product/don-virginian-leg-ham-sliced-approx.-100g-3052929
2076604,Coles Deli Don Kabana | 1 each,$3.30,https://www.coles.com.au/product/coles-deli-don-kabana-1-each-2076604
2272657,Coles Deli RSPCA Approved Chicken Thigh Fillets | approx 150g,$2.02,https://www.coles.com.au/product/coles-deli-rspca-approved-chicken-thigh-fillets-approx.-150g-each-2272657
7103680,Bertocchi Natural Hickory Smoked Leg Ham | approx 100g,$2.50,https://www.coles.com.au/product/bertocchi-natural-hickory-smoked-leg-ham-approx.-100g-7103680
3944524,Coles Deli Thawed Raw Peeled Prawn Meat | approx 250g,$7.00,https://www.coles.com.au/product/coles-deli-thawed-raw-peeled-prawn-meat-approx.-250g-3944524
5342715,Lilydale Chicken Sage & Onion Roast | 1 each,$13.00,https://www.coles.com.au/product/lilydale-chicken-sage-and-onion-roast-1-each-5342715
2157397,Coles Deli Thawed Arrow Squid Rings | approx 250g,$1.75,https://www.coles.com.au/product/coles-deli-thawed-arrow-squid-rings-approx.-250g-2157397
3052601,Primo Deli Express Chicken Frankfurt | 750g,$7.40,https://www.coles.com.au/product/primo-deli-express-chicken-frankfurt-750g-3052601
1890118,Bertocchi Triple Smoked Leg Ham | approx 100g,$2.95,https://www.coles.com.au/product/bertocchi-triple-smoked-leg-ham-approx.-100g-1890118
1015411,Coles Bacon Shortcut Rindless | 200g,$5.00,https://www.coles.com.au/product/coles-bacon-shortcut-rindless-200g-1015411
5505376,Coles Deli Hot Hungarian Don Salami | approx 100g,$2.95,https://www.coles.com.au/product/coles-deli-hot-hungarian-don-salami-approx.-100g-5505376
1015863,Coles Rindless Pan Sized Bacon | 200g,$5.00,https://www.coles.com.au/product/coles-rindless-pan-sized-bacon-200g-1015863
4377340,Coles Thawed Seafood Marinara Mix | approx 250g,$3.75,https://www.coles.com.au/product/coles-thawed-seafood-marinara-mix-approx.-250g-4377340
1202102,Steggles Roasted Turkey Breast From The Deli | approx 100g,$2.60,https://www.coles.com.au/product/steggles-roasted-turkey-breast-from-the-deli-approx.-100g-1202102
1976461,Coles Deli RSPCA Approved Chicken Breast Chunks | approx ... approx 250g,$2.50,https://www.coles.com.au/product/coles-deli-rspca-approved-chicken-breast-chunks-approx.-250g-1976461
1015615,Coles Bacon Streaky | 200g,$5.00,https://www.coles.com.au/product/coles-bacon-streaky-200g-1015615
9398755,Coles Deli Thawed Basa Fillets | approx 200g,$2.20,https://www.coles.com.au/product/coles-deli-thawed-basa-fillets-approx.-200g-each-9398755
8104860,Coles Deli Fresh Tasmanian Salmon Portions ... approx 250g,$9.00,https://www.coles.com.au/product/coles-deli-fresh-tasmanian-salmon-portions-skin-off-approx.-250g-8104860
8145856,Primo English Sliced Ham | 100g,$3.70,https://www.coles.com.au/product/primo-english-sliced-ham-100g-8145856
9586449,Coles Deli Thawed Barramundi Fillets | approx 350g,$6.65,https://www.coles.com.au/product/coles-deli-thawed-barramundi-fillets-approx.-350g-9586449
2260476,Thomson'S Deli English Style Ham Quad Pack | 400g,$5.50,https://www.coles.com.au/product/thomson's-deli-english-style-ham-quad-pack-400g-2260476
1472253,Coles Silverside | approx 100g,$2.50,https://www.coles.com.au/product/coles-silverside-approx.-100g-1472253
8836813,Coles Deli Thawed Australian MSC Raw Banana Prawns | approx ... approx 250g,$6.50,https://www.coles.com.au/product/coles-deli-thawed-australian-msc-raw-banana-prawns-approx.-250g-8836813
2271643,Coles Deli RSPCA Approved Chicken Drumstic ... approx 160g,$0.64,https://www.coles.com.au/product/coles-deli-rspca-approved-chicken-drumsticks-approx.-160g-2271643
2260465,Thomson's Deli Honey Ham Sliced Quad Pack | 400g,$5.50,https://www.coles.com.au/product/thomson's-deli-honey-ham-sliced-quad-pack-400g-2260465
328739,Don Skinless Thin Frankfurt's | approx 100g,$1.37,https://www.coles.com.au/product/don-skinless-thin-frankfurt's-approx.-100g-each-328739
4658349,Thomson's Deli Supreme Chicken Breast | approx 100g,$1.65,https://www.coles.com.au/product/thomson's-deli-supreme-chicken-breast-approx.-100g-4658349
6284567,Don Leg Shaved Ham | 200g,$6.40,https://www.coles.com.au/product/don-leg-shaved-ham-200g-6284567
3053353,Coles English Sliced Ham | 100g,$2.30,https://www.coles.com.au/product/coles-english-sliced-ham-100g-3053353
1067914,Coles Deli Fresh West Australian Barramundi Portions ... approx 200g,$6.50,https://www.coles.com.au/product/coles-deli-fresh-west-australian-barramundi-portions-skin-on-approx.-200g-1067914
2090081,Primo Spanish Style Chorizos | 1 each,$3.20,https://www.coles.com.au/product/primo-spanish-style-chorizos-1-each-2090081
6834125,Jarlsberg Regular Cheese Sliced/Shaved | approx 100g,$3.40,https://www.coles.com.au/product/jarlsberg-regular-cheese-slicedshaved-approx.-100g-each-6834125
4273050,Coles Deli Thawed Cooked Vannamei Prawns | approx 250g,$5.00,https://www.coles.com.au/product/coles-deli-thawed-cooked-vannamei-prawns-approx.-250g-4273050
5766450,Coles Deli Thawed Raw Whole Gulf Squid | approx 250g,$5.25,https://www.coles.com.au/product/coles-deli-thawed-raw-whole-gulf-squid-approx.-250g-5766450
5051494,Coles Australian Made Champagne Ham | approx 125g,$2.88,https://www.coles.com.au/product/coles-australian-made-champagne-ham-approx.-125g-5051494
9065548,Primo Manuka Honey Leg Ham | 100g,$3.70,https://www.coles.com.au/product/primo-manuka-honey-leg-ham-100g-9065548
3055086,Primo Gluten Free Thinly Sliced Champagne Leg ... 100g,$3.70,https://www.coles.com.au/product/primo-gluten-free-thinly-sliced-champagne-leg-ham-100g-3055086
4222343,Primo Red Gum Honey Leg Ham | approx 100g,$2.60,https://www.coles.com.au/product/primo-red-gum-honey-leg-ham-approx.-100g-4222343
2814057,Primo Chicken Breast Thinly Sliced | 80g,$3.70,https://www.coles.com.au/product/primo-chicken-breast-thinly-sliced-80g-2814057
5495432,Coles Ham Off The Bone | approx 100g,$2.90,https://www.coles.com.au/product/coles-ham-off-the-bone-approx.-100g-5495432
9672959,Coles Deli Thawed Australian Cooked Black Tiger Pra ... approx 250g,$8.00,https://www.coles.com.au/product/coles-deli-thawed-australian-cooked-black-tiger-prawns-large-approx.-250g-9672959
3055519,Primo Short Cut Bacon | 1 kg,$12.00,https://www.coles.com.au/product/primo-short-cut-bacon-1-kg-3055519
6284590,Don English Style Sliced Ham | 200g,$6.40,https://www.coles.com.au/product/don-english-style-sliced-ham-200g-6284590
1471636,Coles Deli Roast Beef | approx 100g,$2.95,https://www.coles.com.au/product/coles-deli-roast-beef-approx.-100g-1471636
4304302,Primo Streaky Bacon | approx 100g,$1.70,https://www.coles.com.au/product/primo-streaky-bacon-approx.-100g-4304302
2814013,Primo Mild Hungarian Salami | 80g,$3.70,https://www.coles.com.au/product/primo-mild-hungarian-salami-80g-2814013
6284545,Don Double Smoked Leg Ham | 200g,$6.40,https://www.coles.com.au/product/don-double-smoked-leg-ham-200g-6284545
2517845,Hans Mild Twiggy Sticks | 500g,$14.50,https://www.coles.com.au/product/hans-mild-twiggy-sticks-500g-2517845
3098748,Riverview Farms Hot Roast Pork | 1 each,$20.00,https://www.coles.com.au/product/riverview-farms-hot-roast-pork-1-each-3098748
6677184,Bertocchi Hot Soppressa Salami | approx 125g,$4.50,https://www.coles.com.au/product/bertocchi-hot-soppressa-salami-approx.-125g-6677184
3606022,Barkly Grandmother Full Leg Ham | approx 100g,$3.90,https://www.coles.com.au/product/barkly-grandmother-full-leg-ham-approx.-100g-3606022
2819436,Primo Gluten Free Thinly Sliced Double Smoked Leg Ham | 100g,$3.70,https://www.coles.com.au/product/primo-gluten-free-thinly-sliced-double-smoked-leg-ham-100g-2819436
5795130,Wonder White Bread + Vitamins & Mineral | 700g,$4.40,https://www.coles.com.au/product/wonder-white-bread-+-vitamins-and-mineral-700g-5795130
248797,Don Deli Strasburg | approx 100g,$1.90,https://www.coles.com.au/product/don-deli-strasburg-approx.-100g-248797
6284603,Don Honey Leg Ham | 200g,$6.40,https://www.coles.com.au/product/don-honey-leg-ham-200g-6284603
2076615,Hans Mild Twiggy Sticks | approx 100g,$3.35,https://www.coles.com.au/product/hans-mild-twiggy-sticks-approx.-100g-2076615
4712863,Primo Traditional Bacon Pieces | approx 100g,$1.60,https://www.coles.com.au/product/primo-traditional-bacon-pieces-approx.-100g-4712863
3066934,Coles Deli Express Mediterranean Olives | 130g,$3.50,https://www.coles.com.au/product/coles-deli-express-mediterranean-olives-130g-3066934
3950913,Thomson's Deli Chicken Loaf | approx 100g,$1.50,https://www.coles.com.au/product/thomson's-deli-chicken-loaf-approx.-100g-3950913
6120548,Coles RSPCA Approved Southern Hot Roast Chicken | 1 each,$13.00,https://www.coles.com.au/product/coles-rspca-approved-southern-hot-roast-chicken-1-each-6120548
4260568,Primo Short Cut Bacon | 200g,$6.20,https://www.coles.com.au/product/primo-short-cut-bacon-200g-4260568
3359400,Coles RSPCA Approved BBQ Roasted Chicken Breast | approx 100g,$2.20,https://www.coles.com.au/product/coles-rspca-approved-bbq-roasted-chicken-breast-approx.-100g-3359400
3066945,Coles Deli Express Split Green Olives | 110g,$3.50,https://www.coles.com.au/product/coles-deli-express-split-green-olives-110g-3066945
3930440,Thomson's Deli Short Cut Bacon | 200g,$3.80,https://www.coles.com.au/product/thomson's-deli-short-cut-bacon-200g-3930440
6671315,Coles Deli Fromager D'Affinois | approx200g,$16.80,https://www.coles.com.au/product/coles-deli-fromager-d'affinois-approx.200g-6671315
6487531,Coles Deli Thawed Cooked Prawn Plate Small | 200g,$8.00,https://www.coles.com.au/product/coles-deli-thawed-cooked-prawn-plate-small-200g-6487531
6284589,Don Mild Hungarian Salami | 160g,$6.40,https://www.coles.com.au/product/don-mild-hungarian-salami-160g-6284589
4238285,Primo Dairy Short Cut Rindless Bacon | 750g,$15.50,https://www.coles.com.au/product/primo-dairy-short-cut-rindless-bacon-750g-4238285
1472617,Coles Deli Pastrami | approx 100g,$3.10,https://www.coles.com.au/product/coles-deli-pastrami-approx.-100g-1472617
4379855,Thomson's Deli Thin Franks | 500g,$2.50,https://www.coles.com.au/product/thomson's-deli-thin-franks-500g-4379855
5554156,Coles Giant Pitted Kalamata Olives | approx 100g,$2.00,https://www.coles.com.au/product/coles-giant-pitted-kalamata-olives-approx.-100g-5554156
4379731,Thomson's Deli Cocktail Franks | 500g,$2.50,https://www.coles.com.au/product/thomson's-deli-cocktail-franks-500g-4379731
2517856,Hans Hot Twiggy Sticks | 500g,$14.50,https://www.coles.com.au/product/hans-hot-twiggy-sticks-500g-2517856
3053513,Coles Honey Sliced Ham Sow Stall Free | 100g,$2.30,https://www.coles.com.au/product/coles-honey-sliced-ham-sow-stall-free-100g-3053513
5644237,Primo 25% Salt Reduced Leg Ham | 100g,$3.70,https://www.coles.com.au/product/primo-25percent-salt-reduced-leg-ham-100g-5644237
3575927,Tibaldi Ham Off The Bone | 120g,$5.00,https://www.coles.com.au/product/tibaldi-ham-off-the-bone-120g-3575927
6677242,Bertocchi Mild Soppressa Salami | approx 125g,$4.50,https://www.coles.com.au/product/bertocchi-mild-soppressa-salami-approx.-125g-6677242
6481444,Coles Semi Dried Tomatoe Fresh Basil | 135g,$3.50,https://www.coles.com.au/product/coles-semi-dried-tomatoe-fresh-basil-135g-6481444
6284614,Don Chicken Breast | 160g,$6.40,https://www.coles.com.au/product/don-chicken-breast-160g-6284614
2848547,Bertocchi Soppressa Extra Hot Chilli | approx100g,$3.60,https://www.coles.com.au/product/bertocchi-soppressa-extra-hot-chilli-approx.100g-2848547
6298641,Petite Cuisine Hash Brown | 1 each,$1.00,https://www.coles.com.au/product/petite-cuisine-hash-brown-1-each-6298641
3209714,Coles Deli Express Green Olives & Danish Fetta | 120g,$3.50,https://www.coles.com.au/product/coles-deli-express-green-olives-and-danish-fetta-120g-3209714
6483585,Coles Giant Pitted Kalamata Olives | 110g,$3.50,https://www.coles.com.au/product/coles-giant-pitted-kalamata-olives-110g-6483585
2140871,Primo Thin Frankfurt | 1kg,$7.40,https://www.coles.com.au/product/primo-thin-frankfurt-1kg-2140871
7312850,Primo Thin Frankfurts | approx 100g,$0.90,https://www.coles.com.au/product/primo-thin-frankfurts-approx.-100g-7312850
3218395,La Casa Del Formaggio Traditional Ricotta | approx 100g,$1.06,https://www.coles.com.au/product/la-casa-del-formaggio-traditional-ricotta-approx.-100g-3218395
2808735,Primo Pepperoni Hot Salami | 80g,$3.70,https://www.coles.com.au/product/primo-pepperoni-hot-salami-80g-2808735
4261040,Primo Streaky Bacon | 650g,$15.50,https://www.coles.com.au/product/primo-streaky-bacon-650g-4261040
3067835,Coles Deli Mediterranean Olives | approx 100g,$2.20,https://www.coles.com.au/product/coles-deli-mediterranean-olives-approx.-100g-3067835
3048069,Coles Deli RSPCA Approved Chicken Breast Kebab Honey Soy ... 1 each,$1.30,https://www.coles.com.au/product/coles-deli-rspca-approved-chicken-breast-kebab-honey-soy-1-each-3048069
2090310,Primo Cheese Kransky | 1 each,$2.70,https://www.coles.com.au/product/primo-cheese-kransky-1-each-2090310
2807856,Primo Gluten Free Thinly Sliced Danish Mild Salami | 80g,$3.70,https://www.coles.com.au/product/primo-gluten-free-thinly-sliced-danish-mild-salami-80g-2807856
2822260,Primo Gluten Free Thinly Sliced Pastrami Beef | 80g,$3.70,https://www.coles.com.au/product/primo-gluten-free-thinly-sliced-pastrami-beef-80g-2822260
3174904,Coles Mild Chorizo Salami | approx 100g,$3.70,https://www.coles.com.au/product/coles-mild-chorizo-salami-approx.-100g-3174904
2140860,Primo Frankfurt Cocktail | 1kg,$7.40,https://www.coles.com.au/product/primo-frankfurt-cocktail-1kg-2140860
5186449,Don Skinless Cocktail Frankfurt's | approx 50g,$0.69,https://www.coles.com.au/product/don-skinless-cocktail-frankfurt's-approx.-50g-each-5186449
1962751,Bertocchi Long Rindless Bacon | 400g,$8.00,https://www.coles.com.au/product/bertocchi-long-rindless-bacon-400g-1962751
9777094,Bertocchi Regular Mortadella | approx 100g,$1.15,https://www.coles.com.au/product/bertocchi-regular-mortadella-approx.-100g-9777094
499618,Primo Deli Cocktail Frankfurts | approx 50g,$0.45,https://www.coles.com.au/product/primo-deli-cocktail-frankfurts-approx.-50g-each-499618
1028220,Thomson's Deli Middle Bacon | 1kg,$10.25,https://www.coles.com.au/product/thomson's-deli-middle-bacon-1kg-1028220
4746694,Coles Deli Fresh Salmon Fins | approx 250g,$3.75,https://www.coles.com.au/product/coles-deli-fresh-salmon-fins-approx.-250g-4746694
5515813,Don Pepperoni Salami | approx 100g,$3.30,https://www.coles.com.au/product/don-pepperoni-salami-approx.-100g-5515813
2822259,Primo Roast Beef Thinly Sliced | 80g,$3.70,https://www.coles.com.au/product/primo-roast-beef-thinly-sliced-80g-2822259
2531664,Wurstel Chorizo | 300g,$6.50,https://www.coles.com.au/product/wurstel-chorizo-300g-2531664
5738556,Hans American Hot Dog Franks | 375g,$6.30,https://www.coles.com.au/product/hans-american-hot-dog-franks-375g-5738556
3269170,Provedore Prosciutto | 100g,$7.00,https://www.coles.com.au/product/provedore-prosciutto-100g-3269170
2819312,Thomson's Deli Cooking Bacon | 1kg,$8.80,https://www.coles.com.au/product/thomson's-deli-cooking-bacon-1kg-2819312
2421280,Don Deli Leg Ham | approx 100g,$1.80,https://www.coles.com.au/product/don-deli-leg-ham-approx.-100g-2421280
9860267,Primo Deli Pork Roast | approx 100g,$2.75,https://www.coles.com.au/product/primo-deli-pork-roast-approx.-100g-9860267
6483596,Coles Antipasto Mix | 120g,$3.50,https://www.coles.com.au/product/coles-antipasto-mix-120g-6483596
1024106,Coles Deli Fresh Saddletail Snapper Fillet | approx 250g,$9.00,https://www.coles.com.au/product/coles-deli-fresh-saddletail-snapper-fillet-approx.-250g-each-1024106
3067824,Coles Deli  Green Olives with Chilli Garlic | approx 100g,$1.98,https://www.coles.com.au/product/coles-deli-green-olives-with-chilli-garlic-approx.-100g-3067824
2807460,Primo Gluten Free Cheese Kransky | 250g,$4.50,https://www.coles.com.au/product/primo-gluten-free-cheese-kransky-250g-2807460
3081290,Coles Shredded Roast Chicken Breast | 150g,$6.00,https://www.coles.com.au/product/coles-shredded-roast-chicken-breast-150g-3081290
3930461,Thomson's Deli Mild Hungarian Salami | 320g,$6.60,https://www.coles.com.au/product/thomson's-deli-mild-hungarian-salami-320g-3930461
3913087,Coles Deli Express Mild Hungarian Sliced Salami | 150g,$7.00,https://www.coles.com.au/product/coles-deli-express-mild-hungarian-sliced-salami-150g-3913087
3576271,Primo Hot Hungarian Salami | 80g,$3.70,https://www.coles.com.au/product/primo-hot-hungarian-salami-80g-3576271
8146087,Primo Shredded Ham Twin Pack | 300g,$5.20,https://www.coles.com.au/product/primo-shredded-ham-twin-pack-300g-8146087
3055494,Primo Streaky Rindless Bacon | 200g,$6.20,https://www.coles.com.au/product/primo-streaky-rindless-bacon-200g-3055494
6284680,Don Italian Style Shaved Salami | 160g,$6.40,https://www.coles.com.au/product/don-italian-style-shaved-salami-160g-6284680
3277463,Bertocchi Short Rindless Bacon | 400g,$8.00,https://www.coles.com.au/product/bertocchi-short-rindless-bacon-400g-3277463
3386072,Coles Deli RSPCA Approved Chicken Breast Satay St ... 1 each,$1.30,https://www.coles.com.au/product/coles-deli-rspca-approved-chicken-breast-satay-style-kebab-1-each-3386072
9052375,Don Traditional Kabana | 200g,$5.80,https://www.coles.com.au/product/don-traditional-kabana-200g-9052375
6998745,Primo Classic Chorizo 2 Pack | 250g,$6.40,https://www.coles.com.au/product/primo-classic-chorizo-2-pack-250g-6998745
5249527,Don Dairy Strasburg Knob | 500g,$7.30,https://www.coles.com.au/product/don-dairy-strasburg-knob-500g-5249527
3930439,Thomson's Deli Short Cut Bacon | 1.25kg,$12.80,https://www.coles.com.au/product/thomson's-deli-short-cut-bacon-1.25kg-3930439
3605380,Coles Marinated Whole Button Mushrooms With Rosemary | 110g,$5.00,https://www.coles.com.au/product/coles-marinated-whole-button-mushrooms-with-rosemary-110g-3605380
2272715,Coles Deli Rspca Approved Chicken Wings | approx 120g,$0.84,https://www.coles.com.au/product/coles-deli-rspca-approved-chicken-wings-approx.-120g-each-2272715
1957139,Frank's Original Redhot Sauce | 148mL,$3.50,https://www.coles.com.au/product/frank's-original-redhot-sauce-148ml-1957139
3839020,Coles Hot Roast Beef | 1 each,$15.00,https://www.coles.com.au/product/coles-hot-roast-beef-1-each-3839020
4258180,Don Crafted Cuts Double Smoked Pansize Bacon | 200g,$5.30,https://www.coles.com.au/product/don-crafted-cuts-double-smoked-pansize-bacon-200g-4258180
3174880,Coles Italian Style Salami | approx 100g,$3.70,https://www.coles.com.au/product/coles-italian-style-salami-approx.-100g-3174880
1091941,R & S Danube Black Forest Rare Roast Beef | approx 100g,$3.80,https://www.coles.com.au/product/r-and-s-danube-black-forest-rare-roast-beef-approx.-100g-1091941
9681767,Coles Deli RSPCA Approved Chicken Crumbed Schni ... 1 each,$2.50,https://www.coles.com.au/product/coles-deli-rspca-approved-chicken-crumbed-schnitzel-1-each-9681767
2452976,Fine Foods Cracked Pepper Wafer Crackers | 100g,$3.50,https://www.coles.com.au/product/fine-foods-cracked-pepper-wafer-crackers-100g-2452976
4381879,Thomson's Deli Sliced Chicken Quad Pack | 320g,$5.70,https://www.coles.com.au/product/thomson's-deli-sliced-chicken-quad-pack-320g-4381879
1500290,Don Cocktail Franks Skinless | 600g,$7.80,https://www.coles.com.au/product/don-cocktail-franks-skinless-600g-1500290
4144829,Coles Deli RSPCA Approved Chicken Schnitzel | 250g,$4.00,https://www.coles.com.au/product/coles-deli-rspca-approved-chicken-schnitzel-250g-4144829
3075083,Deli Express Ivans Quiche Lorraine | 180g,$6.00,https://www.coles.com.au/product/deli-express-ivans-quiche-lorraine-180g-3075083
6992465,Primo Prosciutto | 100g,$6.00,https://www.coles.com.au/product/primo-prosciutto-100g-6992465
4259897,Primo Rindless Middle Bacon | 250g,$6.20,https://www.coles.com.au/product/primo-rindless-middle-bacon-250g-4259897
2807120,Coles Pepperoni | 200g,$6.90,https://www.coles.com.au/product/coles-pepperoni-200g-2807120
1500304,Don Gluten Free Footy Franks Skinless | 600g,$7.80,https://www.coles.com.au/product/don-gluten-free-footy-franks-skinless-600g-1500304
1026032,Coles Deli Seafood Salad | approx 250g,$4.75,https://www.coles.com.au/product/coles-deli-seafood-salad-approx.-250g-1026032
1113228,Coles Deli Vine Leaves Stuffed Dolmades | 1 each,$0.50,https://www.coles.com.au/product/coles-deli-vine-leaves-stuffed-dolmades-1-each-1113228
6359495,Coles Pitted Green Olives With Thyme Garlic Red Wine | approx ... approx 100g,$1.60,https://www.coles.com.au/product/coles-pitted-green-olives-with-thyme-garlic-red-wine-approx.-100g-6359495
222782,Coles Deli Thawed MSC Smoked Cod Fillet | approx 200g,$2.60,https://www.coles.com.au/product/coles-deli-thawed-msc-smoked-cod-fillet-approx.-200g-each-222782
3830037,Coles Australian Made Thin Sliced Streaky Bacon | 200g,$6.70,https://www.coles.com.au/product/coles-australian-made-thin-sliced-streaky-bacon-200g-3830037
5186777,Don Pariser | approx 100g,$1.75,https://www.coles.com.au/product/don-pariser-approx.-100g-5186777
6481546,Coles Green Olives Chilli & Garlic | 110g,$3.50,https://www.coles.com.au/product/coles-green-olives-chilli-and-garlic-110g-6481546
3270963,Primo Silverside | 80g,$3.70,https://www.coles.com.au/product/primo-silverside-80g-3270963
3576690,Primo Mortadella Slices | 100g,$3.70,https://www.coles.com.au/product/primo-mortadella-slices-100g-3576690
6284669,Don Ready To Eat Kabana Minis | 140g,$5.00,https://www.coles.com.au/product/don-ready-to-eat-kabana-minis-140g-6284669
5009250,Don Crafted Cut Bacon Shortcut | 200g,$5.30,https://www.coles.com.au/product/don-crafted-cut-bacon-shortcut-200g-5009250
3453293,Coles Deli Thawed Australian MSC Raw Peeled B ... approx 250g,$11.50,https://www.coles.com.au/product/coles-deli-thawed-australian-msc-raw-peeled-banana-prawn-meat-approx.-250g-3453293
5601143,Primo Prosciutto Boneless | approx 100g,$4.90,https://www.coles.com.au/product/primo-prosciutto-boneless-approx.-100g-5601143
2449676,Natural  Wafer Crackers | 100g,$3.50,https://www.coles.com.au/product/natural-wafer-crackers-100g-2449676
5009272,Provedore Salami Tasting Plate | 100g,$7.00,https://www.coles.com.au/product/provedore-salami-tasting-plate-100g-5009272
2792395,OB Finest Cranberry & Pumpkin Seed Crackers | 150g,$6.50,https://www.coles.com.au/product/ob-finest-cranberry-and-pumpkin-seed-crackers-150g-2792395
1873039,Coles BBQ Seasoned Shredded Chicken | approx100g,$2.80,https://www.coles.com.au/product/coles-bbq-seasoned-shredded-chicken-approx.100g-1873039
2072997,Hans Hot Twiggy Sticks | approx 100g,$3.35,https://www.coles.com.au/product/hans-hot-twiggy-sticks-approx.-100g-2072997
4258690,Don Crafted Cuts Streaky Bacon | 180g,$5.30,https://www.coles.com.au/product/don-crafted-cuts-streaky-bacon-180g-4258690
2805362,British Sausage Co Smoked Back Bacon | 200g,$7.00,https://www.coles.com.au/product/british-sausage-co-smoked-back-bacon-200g-2805362
3775813,Fragassi Basilico Pasta Sauce | 500g,$8.30,https://www.coles.com.au/product/fragassi-basilico-pasta-sauce-500g-3775813
7428265,Coles Deli RSPCA Approved Chicken Nibbles H ... approx 70g,$0.63,https://www.coles.com.au/product/coles-deli-rspca-approved-chicken-nibbles-honey-soy-approx.-70g-7428265
3763596,Coles Deli Thawed MSC Raw Lobster Tails | 1 each,$10.00,https://www.coles.com.au/product/coles-deli-thawed-msc-raw-lobster-tails-1-each-3763596
9363954,Don Liverwurst Latvian | 100g,$2.50,https://www.coles.com.au/product/don-liverwurst-latvian-100g-9363954
3053080,OB Finest Gluten Free Wafer Crackers | 100g,$3.50,https://www.coles.com.au/product/ob-finest-gluten-free-wafer-crackers-100g-3053080
5651120,Coles Deli Express Roast Capsicum Strips | 130g,$3.50,https://www.coles.com.au/product/coles-deli-express-roast-capsicum-strips-130g-5651120
3930450,Thomson's Deli Streaky Bacon | 200g,$4.10,https://www.coles.com.au/product/thomson's-deli-streaky-bacon-200g-3930450
3465543,Coles Deli Express Kabana | 220g,$4.50,https://www.coles.com.au/product/coles-deli-express-kabana-220g-3465543
3165594,Coles Deli Thawed Peeled Garlic Prawns | approx 250g,$8.25,https://www.coles.com.au/product/coles-deli-thawed-peeled-garlic-prawns-approx.-250g-3165594
1017756,Coles Deli Thawed Seafood Highlighter | approx 250g,$1.50,https://www.coles.com.au/product/coles-deli-thawed-seafood-highlighter-approx.-250g-1017756
2090128,Primo Kransky | 1 each,$2.70,https://www.coles.com.au/product/primo-kransky-1-each-2090128
1026564,Thomson's Deli Ham And Chicken Luncheon | 1kg,$3.50,https://www.coles.com.au/product/thomson's-deli-ham-and-chicken-luncheon-1kg-1026564
6103797,Jarlsberg Swiss Original Wedge Cut | approx 100g,$3.40,https://www.coles.com.au/product/jarlsberg-swiss-original-wedge-cut-approx.-100g-6103797
5079755,Primo Danish Salami | approx 100g,$3.50,https://www.coles.com.au/product/primo-danish-salami-approx.-100g-5079755
2449847,Fine Foods Sesame Wafer Crackers | 100g,$3.50,https://www.coles.com.au/product/fine-foods-sesame-wafer-crackers-100g-2449847
5946032,Primo Bacon Style Pieces Twin Pack | 300g,$5.40,https://www.coles.com.au/product/primo-bacon-style-pieces-twin-pack-300g-5946032
1962117,Coles Sliced Peri Peri Roast Chicken Breast | 150g,$6.00,https://www.coles.com.au/product/coles-sliced-peri-peri-roast-chicken-breast-150g-1962117
4253198,Don Crafted Cuts Hardwood Double Smoked Leg Ham | 100g,$4.00,https://www.coles.com.au/product/don-crafted-cuts-hardwood-double-smoked-leg-ham-100g-4253198
3269261,Thomson's Deli Pepperoni Salami | 200g,$5.00,https://www.coles.com.au/product/thomson's-deli-pepperoni-salami-200g-3269261
2739199,Primo Gluten Free Real Diced Bacon | 200g,$5.20,https://www.coles.com.au/product/primo-gluten-free-real-diced-bacon-200g-2739199
3053058,OB Finest Fig & Almond Crackers | 150g,$6.50,https://www.coles.com.au/product/ob-finest-fig-and-almond-crackers-150g-3053058
2210208,Coles Deli Thawed Cooked Peeled Prawn Cutlets | approx 250g,$7.25,https://www.coles.com.au/product/coles-deli-thawed-cooked-peeled-prawn-cutlets-approx.-250g-2210208
3048182,Coles Deli RSPCA Approved Chicken Nibbles Chilli Sriracha | ... approx 500g,$4.50,https://www.coles.com.au/product/coles-deli-rspca-approved-chicken-nibbles-chilli-sriracha-approx.-500g-each-3048182
5142170,Coles Semi Dried Tomatoes 97% FF | approx 100g,$2.50,https://www.coles.com.au/product/coles-semi-dried-tomatoes-97percent-ff-approx.-100g-5142170
3067868,Coles Deli  Semi Dried Tomatoes with Fresh Basil | approx 100g,$2.80,https://www.coles.com.au/product/coles-deli-semi-dried-tomatoes-with-fresh-basil-approx.-100g-3067868
9777050,Bertocchi Olive Mortadella | approx 100g,$1.15,https://www.coles.com.au/product/bertocchi-olive-mortadella-approx.-100g-9777050
1026702,Thomson's Deli Middle Bacon | 250g,$4.00,https://www.coles.com.au/product/thomson's-deli-middle-bacon-250g-1026702
5008360,Primo Short Cut Salt Reduced Rindless Bacon | 200g,$6.20,https://www.coles.com.au/product/primo-short-cut-salt-reduced-rindless-bacon-200g-5008360
2076524,Hans Devon | approx 100g,$0.96,https://www.coles.com.au/product/hans-devon-approx.-100g-2076524
3087355,Don Shredded Ham | approx 100g,$2.00,https://www.coles.com.au/product/don-shredded-ham-approx.-100g-3087355
3174868,Coles Pancetta | approx100g,$3.80,https://www.coles.com.au/product/coles-pancetta-approx.100g-3174868
3233446,Auricchio Grana Padano Grated Cheese | approx100g,$4.70,https://www.coles.com.au/product/auricchio-grana-padano-grated-cheese-approx.100g-3233446
3053965,Primo Gluten Free Classic Kransky | 250g,$4.50,https://www.coles.com.au/product/primo-gluten-free-classic-kransky-250g-3053965
6284670,Don Lunchbox Sticks | 140g,$5.00,https://www.coles.com.au/product/don-lunchbox-sticks-140g-6284670
5003560,Primo Cafe Classics Sliced Chicken Schnitzel | 150g,$6.00,https://www.coles.com.au/product/primo-cafe-classics-sliced-chicken-schnitzel-150g-5003560
6327455,Primo The Charcuterie Collection Beechwood Smoked Proscuitto | 80g,$6.00,https://www.coles.com.au/product/primo-the-charcuterie-collection-beechwood-smoked-proscuitto-80g-6327455
4250790,Provedore Free Range Chorizo | 200g,$6.50,https://www.coles.com.au/product/provedore-free-range-chorizo-200g-4250790
3830092,Coles Australian Made Rindless Short Cut Bacon | 200g,$6.70,https://www.coles.com.au/product/coles-australian-made-rindless-short-cut-bacon-200g-3830092
2807277,Coles Mild Salami | 200g,$6.90,https://www.coles.com.au/product/coles-mild-salami-200g-2807277
5009261,Provedore Salami & Prosciutto Tasting Plate | 100g,$7.00,https://www.coles.com.au/product/provedore-salami-and-prosciutto-tasting-plate-100g-5009261
3014136,Ivans Family Chunky Angus Pie 900g | 900g,$19.00,https://www.coles.com.au/product/ivans-family-chunky-angus-pie-900g-900g-3014136
3014205,Ivans Family Chick Mush Leek Pie 900g | 900g,$19.00,https://www.coles.com.au/product/ivans-family-chick-mush-leek-pie-900g-900g-3014205
2210591,Coles Deli Thawed Cooked Peeled Prawn Cutlets | 1kg,$29.00,https://www.coles.com.au/product/coles-deli-thawed-cooked-peeled-prawn-cutlets-1kg-2210591
6358663,Coles Pitted Kalamata Olives With Balsamic Vinegar | approx 100g,$2.00,https://www.coles.com.au/product/coles-pitted-kalamata-olives-with-balsamic-vinegar-approx.-100g-6358663
3512814,Coles Thawed Half Shell Scallops Large | 1 each,$2.40,https://www.coles.com.au/product/coles-thawed-half-shell-scallops-large-1-each-3512814
4253529,Royal International Tidbit Jamon Serrano | 80g,$5.80,https://www.coles.com.au/product/royal-international-tidbit-jamon-serrano-80g-4253529
3467039,Coles Spicy Chorizo Salami Knob | 200g,$6.90,https://www.coles.com.au/product/coles-spicy-chorizo-salami-knob-200g-3467039
6996841,Primo Original Twiggy Sticks | 200g,$7.40,https://www.coles.com.au/product/primo-original-twiggy-sticks-200g-6996841
5488110,Coles Free Range Chicken Breast Carved Roast Lemon Pepper & ... 200g,$7.50,https://www.coles.com.au/product/coles-free-range-chicken-breast-carved-roast-lemon-pepper-and-herb-200g-5488110
3640224,Coles Deli RSPCA Approved Chicken Tenderloi ... approx 180g,$2.97,https://www.coles.com.au/product/coles-deli-rspca-approved-chicken-tenderloins-thai-approx.-180g-3640224
3159591,Casale Parma Matonella | approx 100g,$5.10,https://www.coles.com.au/product/casale-parma-matonella-approx.-100g-3159591
7006912,Primo Chilli Coated Salami  | approx 100g,$3.30,https://www.coles.com.au/product/primo-chilli-coated-salami-approx.-100g-7006912
4253278,Don Crafted Cuts Grass Fed Roast Beef | 100g,$4.00,https://www.coles.com.au/product/don-crafted-cuts-grass-fed-roast-beef-100g-4253278
3270012,Coles Original Posh Dogs 4 Pack | 300g,$6.00,https://www.coles.com.au/product/coles-original-posh-dogs-4-pack-300g-3270012
5487977,Coles Free Range Chicken Breast Carved Roast | 200g,$7.50,https://www.coles.com.au/product/coles-free-range-chicken-breast-carved-roast-200g-5487977
3573014,Provedore Italian Style Charcuterie | 150g,$12.00,https://www.coles.com.au/product/provedore-italian-style-charcuterie-150g-3573014
5936593,Coles Deli Thawed Squid Tubes | approx 250g,$5.38,https://www.coles.com.au/product/coles-deli-thawed-squid-tubes-approx.-250g-5936593
3110832,Coles Deli Express Primo Speck | approx300g,$8.70,https://www.coles.com.au/product/coles-deli-express-primo-speck-approx.300g-3110832
8116406,Coles Deli Fresh Tasmanian Salmon Portions Chilli & Lime | ... approx 250g,$9.00,https://www.coles.com.au/product/coles-deli-fresh-tasmanian-salmon-portions-chilli-and-lime-approx.-250g-8116406
4506249,Moira Mac's Snackers Classic Mini Chicken Kebabs | 90g,$4.40,https://www.coles.com.au/product/moira-mac's-snackers-classic-mini-chicken-kebabs-90g-4506249
3075119,Deli Express Ivans Spinach Sundried Tomato & Feta Quiche | ... 180g,$6.00,https://www.coles.com.au/product/deli-express-ivans-spinach-sundried-tomato-and-feta-quiche-180g-3075119
4253540,Royal International Prosciutto Di Parma 16month | 100g,$7.00,https://www.coles.com.au/product/royal-international-prosciutto-di-parma-16month-100g-4253540
4332396,British Sausage Co. Smoked Streaky Bacon | 175g,$7.00,https://www.coles.com.au/product/british-sausage-co.-smoked-streaky-bacon-175g-4332396
3776102,Fragassi Arrabbiata Pasta Sauce | 500g,$8.30,https://www.coles.com.au/product/fragassi-arrabbiata-pasta-sauce-500g-3776102
2984104,Coles Deli Thawed Prawn Skewers Garlic | 5 pack,$9.50,https://www.coles.com.au/product/coles-deli-thawed-prawn-skewers-garlic-5-pack-2984104
3884670,Provedore Bresaola Italian Style | 80g,$6.50,https://www.coles.com.au/product/provedore-bresaola-italian-style-80g-3884670
3075050,Primo Mild Cacciatori Salami | 1 each,$6.70,https://www.coles.com.au/product/primo-mild-cacciatori-salami-1-each-3075050
1861619,Normandie Mixed Pate Pods 4 pack | 200g,$7.30,https://www.coles.com.au/product/normandie-mixed-pate-pods-4-pack-200g-1861619
4653935,Thomson's Deli Shredded Chicken Value Pack | 500g,$7.50,https://www.coles.com.au/product/thomson's-deli-shredded-chicken-value-pack-500g-4653935
3218409,La Casa Del Formaggio Reduced Fat Ricotta | approx 100g,$1.18,https://www.coles.com.au/product/la-casa-del-formaggio-reduced-fat-ricotta-approx.-100g-3218409
6671042,Meredith Dairy Marinated Goat Cheese | 320g,$13.00,https://www.coles.com.au/product/meredith-dairy-marinated-goat-cheese-320g-6671042
4258996,Primo Middle Bacon | 750g,$15.50,https://www.coles.com.au/product/primo-middle-bacon-750g-4258996
4381904,Comte Block Aop 6/8 Months | approx 100g,$7.00,https://www.coles.com.au/product/comte-block-aop-68-months-approx.-100g-4381904
6091177,Hans Striker Mild Salami Sticks | 15g,$1.15,https://www.coles.com.au/product/hans-striker-mild-salami-sticks-15g-6091177
2042442,Thomson's Deli Devon | 1kg,$3.30,https://www.coles.com.au/product/thomson's-deli-devon-1kg-2042442
3605405,Coles Dolmades Large Round 12 Pack | 280g,$7.00,https://www.coles.com.au/product/coles-dolmades-large-round-12-pack-280g-3605405
4304200,Primo Mount Ash Pansize Bacon | approx 125g,$2.25,https://www.coles.com.au/product/primo-mount-ash-pansize-bacon-approx.-125g-4304200
4651394,Lilydale Lemon Pepper Roast Chicken | approx 100g,$2.85,https://www.coles.com.au/product/lilydale-lemon-pepper-roast-chicken-approx.-100g-4651394
9777083,Bertocchi Pepper Mortadella | approx 125g,$1.44,https://www.coles.com.au/product/bertocchi-pepper-mortadella-approx.-125g-9777083
3881694,Provedore Pancetta Crumb | 100g,$4.00,https://www.coles.com.au/product/provedore-pancetta-crumb-100g-3881694
5008917,Primo Cafe Beef Mild Fajita | 140g,$6.00,https://www.coles.com.au/product/primo-cafe-beef-mild-fajita-140g-5008917
3913101,Coles Deli Express Sliced Prosciutto | 100g,$7.00,https://www.coles.com.au/product/coles-deli-express-sliced-prosciutto-100g-3913101
3110752,D'Orsogna Cacciatora Mild | 225g,$7.20,https://www.coles.com.au/product/d'orsogna-cacciatora-mild-225g-3110752
5362869,Port Salut Depuis | 150g,$9.50,https://www.coles.com.au/product/port-salut-depuis-150g-5362869
3067008,Coles Split Green Olives | approx 100g,$2.50,https://www.coles.com.au/product/coles-split-green-olives-approx.-100g-3067008
3633058,Bodalla Vintage Cheddar | approx 100g,$5.00,https://www.coles.com.au/product/bodalla-vintage-cheddar-approx.-100g-3633058
3895236,Coles Finest British Yorkshire Wensleydale PGI With ... approx 200g,$10.00,https://www.coles.com.au/product/coles-finest-british-yorkshire-wensleydale-pgi-with-cranberries-raw-approx.-200g-3895236
3089394,D'argental Washed Rind Brie Cheese | approx150g,$11.25,https://www.coles.com.au/product/d'argental-washed-rind-brie-cheese-approx.150g-3089394
3924287,Fromager D'Affinois St Angel Triple Cream | approx 100g,$7.50,https://www.coles.com.au/product/fromager-d'affinois-st-angel-triple-cream-approx.-100g-3924287
3022021,Fromager D' Affinois Excellence Cheese | approx200g,$18.40,https://www.coles.com.au/product/fromager-d'-affinois-excellence-cheese-approx.200g-3022021
2984046,Coles Deli Thawed Prawn Skewers Garlic | 1 each,$1.90,https://www.coles.com.au/product/coles-deli-thawed-prawn-skewers-garlic-1-each-2984046
3582773,Coles Deli Express Double Smoked Ham | 150g,$4.70,https://www.coles.com.au/product/coles-deli-express-double-smoked-ham-150g-3582773
3269250,Coles Mild Hungarian Salami | 200g,$6.90,https://www.coles.com.au/product/coles-mild-hungarian-salami-200g-3269250
3269192,Coles Pork Pancetta | 100g,$7.00,https://www.coles.com.au/product/coles-pork-pancetta-100g-3269192
6320467,Coles Spicy Calabrese Salami | 150g,$7.50,https://www.coles.com.au/product/coles-spicy-calabrese-salami-150g-6320467
4253303,Don Hot Hungarian Salami | 200g,$8.50,https://www.coles.com.au/product/don-hot-hungarian-salami-200g-4253303
4304233,Primo Hickory Smoked Rindless Middle Bacon | approx 100g,$2.00,https://www.coles.com.au/product/primo-hickory-smoked-rindless-middle-bacon-approx.-100g-4304233
5005500,Thomson's Deli Shaved Leg Ham | 100g,$2.10,https://www.coles.com.au/product/thomson's-deli-shaved-leg-ham-100g-5005500
3609315,Coles Finest Quince Paste | 100g,$3.15,https://www.coles.com.au/product/coles-finest-quince-paste-100g-3609315
5012211,Coles Australian Made Sliced Honey Ham | 150g,$4.00,https://www.coles.com.au/product/coles-australian-made-sliced-honey-ham-150g-5012211
9096097,Coles Deli Salads Tub Small Classic Coleslaw | 1 each,$4.00,https://www.coles.com.au/product/coles-deli-salads-tub-small-classic-coleslaw-1-each-9096097
6377602,GS Sicilian Olives | 250g,$6.00,https://www.coles.com.au/product/gs-sicilian-olives-250g-6377602
2792420,OB Finest Cashew & Rosemary Crackers | 150g,$6.50,https://www.coles.com.au/product/ob-finest-cashew-and-rosemary-crackers-150g-2792420
2904648,Hedys Quiche Spinach Parmesan | 1.1kg,$14.50,https://www.coles.com.au/product/hedys-quiche-spinach-parmesan-1.1kg-2904648
5363012,British Truffle Cheddar | approx 100g,$4.50,https://www.coles.com.au/product/british-truffle-cheddar-approx.-100g-5363012
6097606,Coles Deli Auricchio Provolone Classico Cheese | approx 250g,$11.25,https://www.coles.com.au/product/coles-deli-auricchio-provolone-classico-cheese-approx.-250g-6097606
3089714,Udder Delights Heysen Blue Vein Wheel | approx 100g,$5.75,https://www.coles.com.au/product/udder-delights-heysen-blue-vein-wheel-approx.-100g-3089714
3635916,Coles Finest Spanish 12 Month Aged Manchego | approx 200g,$12.00,https://www.coles.com.au/product/coles-finest-spanish-12-month-aged-manchego-approx.-200g-3635916
6481579,Coles Baby Bell Peppers Cream Cheese | 120g,$3.50,https://www.coles.com.au/product/coles-baby-bell-peppers-cream-cheese-120g-6481579
3881639,Provedore Garlic & Fennel Salami | 100g,$6.00,https://www.coles.com.au/product/provedore-garlic-and-fennel-salami-100g-3881639
3635199,OB Finest Gluten Free Pistachio & Fig Speciality Crack ... 130g,$6.50,https://www.coles.com.au/product/ob-finest-gluten-free-pistachio-and-fig-speciality-crackers-130g-3635199
3903753,GS Premium Spicy Salami Pizza | 520g,$12.00,https://www.coles.com.au/product/gs-premium-spicy-salami-pizza-520g-3903753
7388070,Hedys Quiche Lorraine | 1.1kg,$14.50,https://www.coles.com.au/product/hedys-quiche-lorraine-1.1kg-7388070
6970269,Coles Deli Colossal Kalamata Olives | approx 100g,$2.00,https://www.coles.com.au/product/coles-deli-colossal-kalamata-olives-approx.-100g-6970269
3089678,Udder Delights Brie | approx100g,$4.60,https://www.coles.com.au/product/udder-delights-brie-approx.100g-3089678
3897130,Udder Delights Truffle Brie | approx 100g,$5.00,https://www.coles.com.au/product/udder-delights-truffle-brie-approx.-100g-each-3897130
3633499,Coles Finest Swiss 12 Month Aged Gruyre | approx 130g,$8.32,https://www.coles.com.au/product/coles-finest-swiss-12-month-aged-gruyre-approx.-130g-3633499
5051519,Coles Australian Made Coppa Ham | approx 100g,$2.65,https://www.coles.com.au/product/coles-australian-made-coppa-ham-approx.-100g-5051519
3067915,Coles Deli Baby Bell Peppers with Cream Cheese | approx 100g,$3.50,https://www.coles.com.au/product/coles-deli-baby-bell-peppers-with-cream-cheese-approx.-100g-3067915
3881526,Provedore Chorizo Crumb | 100g,$4.00,https://www.coles.com.au/product/provedore-chorizo-crumb-100g-3881526
3881570,Provedore Mild Chorizo Salami | 100g,$6.00,https://www.coles.com.au/product/provedore-mild-chorizo-salami-100g-3881570
2686693,Coles Deli Thawed Australian Cooked Black Tiger Prawns Extra Large ... approx 250g,$7.00,https://www.coles.com.au/product/coles-deli-thawed-australian-cooked-black-tiger-prawns-extra-large-approx.-250g-2686693
4509983,Primo Cocktail Frankfurts | 1 kg,$7.40,https://www.coles.com.au/product/primo-cocktail-frankfurts-1-kg-4509983
3892599,Coles Finest British Oak Smoked Cheddar | approx 200g,$7.50,https://www.coles.com.au/product/coles-finest-british-oak-smoked-cheddar-approx.-200g-3892599
1960086,Gotzinger Cheese Kransky | 400g,$10.00,https://www.coles.com.au/product/gotzinger-cheese-kransky-400g-1960086
3067857,Coles Semi Dried Tomatoes Kalamata Fetta | appox. 100g,$2.80,https://www.coles.com.au/product/coles-semi-dried-tomatoes-kalamata-fetta-appox.-100g-3067857
3607717,Casalingo Porchetta | approx 100g,$3.00,https://www.coles.com.au/product/casalingo-porchetta-approx.-100g-3607717
3445921,Casalingo Heritage Ham | approx 100g,$3.65,https://www.coles.com.au/product/casalingo-heritage-ham-approx.-100g-3445921
5362971,Coles Finest Irish Cheddar | approx 100g,$4.00,https://www.coles.com.au/product/coles-finest-irish-cheddar-approx.-100g-5362971
3052770,Barber's English Cheddar | approx 100g,$4.90,https://www.coles.com.au/product/barber's-english-cheddar-approx.-100g-3052770
3052725,Clawson Long Blue Stilton | approx 100g,$5.50,https://www.coles.com.au/product/clawson-long-blue-stilton-approx.-100g-3052725
3635891,Coles Finest French Double Cream Brie | approx 100g,$7.00,https://www.coles.com.au/product/coles-finest-french-double-cream-brie-approx.-100g-3635891
3893445,Coles Finest Spanish Aged Truffle Cheese | approx 150g,$11.70,https://www.coles.com.au/product/coles-finest-spanish-aged-truffle-cheese-approx.-150g-3893445
5139540,Coles Deli  Antipasto Mix | approx 100g,$2.25,https://www.coles.com.au/product/coles-deli-antipasto-mix-approx.-100g-5139540
6484974,Coles Deli Express Colossal Kalamata Olives | 110g,$3.50,https://www.coles.com.au/product/coles-deli-express-colossal-kalamata-olives-110g-6484974
2028500,Coles Salad Small Tubs Potato Egg & Bacon | 1 each,$5.00,https://www.coles.com.au/product/coles-salad-small-tubs-potato-egg-and-bacon-1-each-2028500
6278316,Coles Chicken & Mayo Caesar Mix | 220g,$5.00,https://www.coles.com.au/product/coles-chicken-and-mayo-caesar-mix-220g-6278316
7570222,Thomson's Deli Danish Salami | 200g,$5.00,https://www.coles.com.au/product/thomson's-deli-danish-salami-200g-7570222
6327477,Primo The Charcuterie Collection Salami Classic Hot | 80g,$6.00,https://www.coles.com.au/product/primo-the-charcuterie-collection-salami-classic-hot-80g-6327477
6327499,Primo The Charcuterie Collection Salami Classic Mild | 80g,$6.00,https://www.coles.com.au/product/primo-the-charcuterie-collection-salami-classic-mild-80g-6327499
2871877,Coles Deli Thawed Australian Cooked Black Tiger Prawns Medium | ... approx 250g,$6.25,https://www.coles.com.au/product/coles-deli-thawed-australian-cooked-black-tiger-prawns-medium-approx.-250g-2871877
1848199,D'Orsogna Pepperoni | 1 each,$7.30,https://www.coles.com.au/product/d'orsogna-pepperoni-1-each-1848199
6435899,Yarra Valley Cheese Double Brie | 200g,$9.40,https://www.coles.com.au/product/yarra-valley-cheese-double-brie-200g-6435899
3054560,Udder Delights Adelaide Hills Double Cream Brie Cheese | 200g,$9.90,https://www.coles.com.au/product/udder-delights-adelaide-hills-double-cream-brie-cheese-200g-3054560
5429187,Hedys Quiche Leek Bacon | 1.1kg,$14.50,https://www.coles.com.au/product/hedys-quiche-leek-bacon-1.1kg-5429187
6120912,Coles Deli Delre Dutch Smoked Cheese | approx 250g,$9.00,https://www.coles.com.au/product/coles-deli-delre-dutch-smoked-cheese-approx.-250g-6120912
3222552,King Island Dairy Surprise Bay Cheddar Cheese Bl ... approx200g,$10.80,https://www.coles.com.au/product/king-island-dairy-surprise-bay-cheddar-cheese-block-approx.200g-3222552
3222600,King Island Dairy Half Moon Bay Double Brie | approx100g,$6.35,https://www.coles.com.au/product/king-island-dairy-half-moon-bay-double-brie-approx.100g-3222600
3054710,Tarago Triple Cream | approx 100g,$7.70,https://www.coles.com.au/product/tarago-triple-cream-approx.-100g-3054710
6672078,Coles Deli Tarago Shadows Of Blue Cheese | approx 100g,$8.50,https://www.coles.com.au/product/coles-deli-tarago-shadows-of-blue-cheese-approx.-100g-6672078
7996880,Coles Deli Fromager D'Affinois Blue Cheese | approx200g,$18.40,https://www.coles.com.au/product/coles-deli-fromager-d'affinois-blue-cheese-approx.200g-7996880
3634855,Coles Deli Thawed MSC Raw Aussie Oz Garlic Prawn Skewers | 1 each,$2.80,https://www.coles.com.au/product/coles-deli-thawed-msc-raw-aussie-oz-garlic-prawn-skewers-1-each-3634855
5635815,Coles Deli RSPCA Approved Premium Chicken Breast ... 1 each,$4.50,https://www.coles.com.au/product/coles-deli-rspca-approved-premium-chicken-breast-kyiv-1-each-5635815
1489562,Coles Deli Salad Tubs Small Quinoa Tabouleh | 1 each,$5.00,https://www.coles.com.au/product/coles-deli-salad-tubs-small-quinoa-tabouleh-1-each-1489562
3052850,Valley Produce Co. Original Bagel Toast | 120g,$5.00,https://www.coles.com.au/product/valley-produce-co.-original-bagel-toast-120g-3052850
9096439,Coles Deli Salads Tub Medium Classic Pasta | Medium,$5.00,https://www.coles.com.au/product/coles-deli-salads-tub-medium-classic-pasta-medium-9096439
4504200,Homestead Pate Free Range Chicken With Cracked Pepper | 150g,$5.50,https://www.coles.com.au/product/homestead-pate-free-range-chicken-with-cracked-pepper-150g-4504200
6303027,Primo Australian Made Middle Bacon | 200g,$7.00,https://www.coles.com.au/product/primo-australian-made-middle-bacon-200g-6303027
3903742,Gs Premium Margherita Pizza | 500g,$12.00,https://www.coles.com.au/product/gs-premium-margherita-pizza-500g-3903742
5634787,Hedys Quiche Roast Pumpkin & Fetta | 1.1kg,$14.50,https://www.coles.com.au/product/hedys-quiche-roast-pumpkin-and-fetta-1.1kg-5634787
3160070,El Pozo Jamon Serrano Aged 12 Months | approx 100g,$5.00,https://www.coles.com.au/product/el-pozo-jamon-serrano-aged-12-months-approx.-100g-3160070
3750696,West Country Farmhouse Cheddar | approx100g,$5.00,https://www.coles.com.au/product/west-country-farmhouse-cheddar-approx.100g-3750696
3891960,Coles Finest Dutch 6 Month Aged Goats Gouda | approx 125g,$7.00,https://www.coles.com.au/product/coles-finest-dutch-6-month-aged-goats-gouda-approx.-125g-3891960
3635122,Coles Finest French 18 Month Aged Comte | approx 130g,$9.23,https://www.coles.com.au/product/coles-finest-french-18-month-aged-comte-approx.-130g-3635122
2699844,King Island Dairy Roaring Forties Blue | approx 100g,$8.00,https://www.coles.com.au/product/king-island-dairy-roaring-forties-blue-approx.-100g-2699844
3062285,Coles Deli Medium Greek Salad | 1 each,$6.00,https://www.coles.com.au/product/coles-deli-medium-greek-salad-1-each-3062285
3737009,British Sausage Co Black Pudding | 200g,$7.00,https://www.coles.com.au/product/british-sausage-co-black-pudding-200g-3737009
6286992,Primo Australian Short Cut Bacon | 200g,$7.00,https://www.coles.com.au/product/primo-australian-short-cut-bacon-200g-6286992
3828771,Coles Australian Made Free Range Triple Smoked Leg Ham | 140g,$7.80,https://www.coles.com.au/product/coles-australian-made-free-range-triple-smoked-leg-ham-140g-3828771
4253314,Don Mild Hungarian Salami | 200g,$8.50,https://www.coles.com.au/product/don-mild-hungarian-salami-200g-4253314
6435684,Yarra Valley Cheese Camembert | 200g,$9.40,https://www.coles.com.au/product/yarra-valley-cheese-camembert-200g-6435684
1848290,Coles Deli Ham Hock | approx 600g,$7.20,https://www.coles.com.au/product/coles-deli-ham-hock-approx.-600g-1848290
3219897,Meredith Dairy Marinated Goats Cheese | approx 100g,$4.00,https://www.coles.com.au/product/meredith-dairy-marinated-goats-cheese-approx.-100g-3219897
8288274,Coles Deli Castello White Cheese | approx140g,$7.70,https://www.coles.com.au/product/coles-deli-castello-white-cheese-approx.140g-8288274
8288300,Coles Deli Castello Blue Cheese | approx130g,$7.80,https://www.coles.com.au/product/coles-deli-castello-blue-cheese-approx.130g-8288300
2699072,King Island Dairy Netherby Camembert Cove | approx 100g,$7.60,https://www.coles.com.au/product/king-island-dairy-netherby-camembert-cove-approx.-100g-each-2699072
1203138,King Island Dairy Furneaux Cheese | approx 100g,$8.00,https://www.coles.com.au/product/king-island-dairy-furneaux-cheese-approx.-100g-1203138
5576647,Coles Crumb & Cook Parmesan Garlic & Herb | 30g,$1.50,https://www.coles.com.au/product/coles-crumb-and-cook-parmesan-garlic-and-herb-30g-5576647
5012244,Coles Australian Made Double Smoked Leg Ham | 150g,$4.00,https://www.coles.com.au/product/coles-australian-made-double-smoked-leg-ham-150g-5012244
4506250,Moira Mac's Snackers Buffalo Mini Chicken Kebabs | 90g,$4.40,https://www.coles.com.au/product/moira-mac's-snackers-buffalo-mini-chicken-kebabs-90g-4506250
2792431,OB Finest Quince Fruit Paste | 100g,$4.50,https://www.coles.com.au/product/ob-finest-quince-fruit-paste-100g-2792431
1483191,Coles Deli Salad Tubs Medium Quinoa Tabouleh | 1 each,$6.00,https://www.coles.com.au/product/coles-deli-salad-tubs-medium-quinoa-tabouleh-1-each-1483191
2028485,Coles Salad Medium Tubs Potato Egg & Bacon Salad Salad | 1 each,$6.00,https://www.coles.com.au/product/coles-salad-medium-tubs-potato-egg-and-bacon-salad-salad-1-each-2028485
1483680,Coles Deli Salad Tubs Large Quinoa Tabouleh | 1 each,$7.00,https://www.coles.com.au/product/coles-deli-salad-tubs-large-quinoa-tabouleh-1-each-1483680
6320445,Coles Fennel Sopressa Salami | 150g,$7.50,https://www.coles.com.au/product/coles-fennel-sopressa-salami-150g-6320445
8981379,La Casa Del Formaggio Mozzarella Balls | 450g,$8.30,https://www.coles.com.au/product/la-casa-del-formaggio-mozzarella-balls-450g-8981379
6320605,Coles Deli Thawed Prawn Skewers Chilli & Lime | 5 pack,$9.50,https://www.coles.com.au/product/coles-deli-thawed-prawn-skewers-chilli-and-lime-5-pack-6320605
3524540,OB Finest Parmesan Crisps With Black Sesame | 85g,$9.90,https://www.coles.com.au/product/ob-finest-parmesan-crisps-with-black-sesame-85g-3524540
3054287,Royal Hollandia Edam | approx 100g,$3.80,https://www.coles.com.au/product/royal-hollandia-edam-approx.-100g-3054287
6120821,Coles Deli Delre Mini Chol | approx 180g,$6.84,https://www.coles.com.au/product/coles-deli-delre-mini-chol-approx.-180g-6120821
3830751,Coles Wraps Platter Meatlovers | 1 each,$40.00,https://www.coles.com.au/product/coles-wraps-platter-meatlovers-1-each-3830751
2214016,Premier Selection Appleblossom Smoked Cheddar | approx 100g,$5.50,https://www.coles.com.au/product/premier-selection-appleblossom-smoked-cheddar-approx.-100g-2214016
4381890,King Island Dairy Black Label Brie | approx100g,$6.50,https://www.coles.com.au/product/king-island-dairy-black-label-brie-approx.100g-4381890
4381880,King Island Dairy Endeavour Blue | approx 100g,$6.80,https://www.coles.com.au/product/king-island-dairy-endeavour-blue-approx.-100g-4381880
2699390,King Island Diary Triple Cream Cheese | approx200g,$15.20,https://www.coles.com.au/product/king-island-diary-triple-cream-cheese-approx.200g-2699390
5646844,Provedore Spanish Style Tapas | 90g,$3.50,https://www.coles.com.au/product/provedore-spanish-style-tapas-90g-5646844
5647632,Coles Deli RSPCA Approved Chicken Cordon Bleu | 1 each,$4.00,https://www.coles.com.au/product/coles-deli-rspca-approved-chicken-cordon-bleu-1-each-5647632
3876581,Coles Finest Traditional Lavosh With Sea Salt | 100g,$5.00,https://www.coles.com.au/product/coles-finest-traditional-lavosh-with-sea-salt-100g-3876581
6278338,Coles Chicken & Mayo Herb Mix | 220g,$5.00,https://www.coles.com.au/product/coles-chicken-and-mayo-herb-mix-220g-6278338
9104708,Coles Deli Medium Classic Coleslaw Salad Tub | 1 each,$5.00,https://www.coles.com.au/product/coles-deli-medium-classic-coleslaw-salad-tub-1-each-9104708
3884863,Provedore Capocollo Italian Style | 80g,$6.50,https://www.coles.com.au/product/provedore-capocollo-italian-style-80g-3884863
5185661,OB Finest Specialty Crackers Date & Almond Gluten Free | 130g,$6.50,https://www.coles.com.au/product/ob-finest-specialty-crackers-date-and-almond-gluten-free-130g-5185661
3910170,Princi Mild Hungarian Salami | 100g,$7.40,https://www.coles.com.au/product/princi-mild-hungarian-salami-100g-3910170
3830886,Coles Artisan Grazing Platter | 1 each,$35.00,https://www.coles.com.au/product/coles-artisan-grazing-platter-1-each-3830886
6553294,Coles Deli Delre Pecorino Pepato | approx 250g,$10.50,https://www.coles.com.au/product/coles-deli-delre-pecorino-pepato-approx.-250g-6553294
4395964,Somerdale Champagne Cheddar | approx100g,$5.20,https://www.coles.com.au/product/somerdale-champagne-cheddar-approx.100g-4395964
5362938,Coles Finest Dutch 12 Month Aged Gouda | approx 100g,$5.30,https://www.coles.com.au/product/coles-finest-dutch-12-month-aged-gouda-approx.-100g-5362938
2700080,King Island Dairy Smoked Cheddar Cheese | approx200g,$11.40,https://www.coles.com.au/product/king-island-dairy-smoked-cheddar-cheese-approx.200g-2700080
3897865,Coles Finest Australian Organic Double Cream Brie | approx 150g,$10.50,https://www.coles.com.au/product/coles-finest-australian-organic-double-cream-brie-approx.-150g-3897865
6277481,Auricchio Parmigiano Reggiano Cheese | approx250g,$17.50,https://www.coles.com.au/product/auricchio-parmigiano-reggiano-cheese-approx.250g-6277481
2233203,King Island Dairy Black Label Blue Triple Cream | approx 100g,$8.00,https://www.coles.com.au/product/king-island-dairy-black-label-blue-triple-cream-approx.-100g-2233203
3234824,Coles Deli RSPCA Approved Chicken Garlic Kyiv | 1 each,$3.00,https://www.coles.com.au/product/coles-deli-rspca-approved-chicken-garlic-kyiv-1-each-3234824
1499646,Coles Deli Temptation Pork Pie Small | 1 each,$3.45,https://www.coles.com.au/product/coles-deli-temptation-pork-pie-small-1-each-1499646
5651356,Coles Finest Deli Express Australian Pitted Kalamata With ... 120g,$4.00,https://www.coles.com.au/product/coles-finest-deli-express-australian-pitted-kalamata-with-fennel-and-orange-120g-5651356
9096010,Coles Deli Salads Tub Small Classic Pasta | 1 each,$4.00,https://www.coles.com.au/product/coles-deli-salads-tub-small-classic-pasta-1-each-9096010
3062263,Coles Deli Small Greek Salad | 1 each,$5.00,https://www.coles.com.au/product/coles-deli-small-greek-salad-1-each-3062263
3877096,Coles Finest Traditional Lavosh With Lemon M ... 100g,$5.00,https://www.coles.com.au/product/coles-finest-traditional-lavosh-with-lemon-myrtle-and-cracked-pepper-100g-3877096
5476937,Hans Striker Mild Salami Sticks | 105g,$5.10,https://www.coles.com.au/product/hans-striker-mild-salami-sticks-105g-5476937
3310285,Coles Deli Express Chicken Pate | 120g,$6.00,https://www.coles.com.au/product/coles-deli-express-chicken-pate-120g-3310285
4504174,Barossa Fine Foods French Pate | 110g,$6.00,https://www.coles.com.au/product/barossa-fine-foods-french-pate-110g-4504174
9105529,Coles Deli Salads Tub Large Classic Coleslaw | 1 each,$6.00,https://www.coles.com.au/product/coles-deli-salads-tub-large-classic-coleslaw-1-each-9105529
6303050,Primo Manuka Honey Bacon | 175g,$6.15,https://www.coles.com.au/product/primo-manuka-honey-bacon-175g-6303050
3524347,OB Finest 3 Seed Pepita Crisps | 110g,$6.50,https://www.coles.com.au/product/ob-finest-3-seed-pepita-crisps-110g-3524347
4992147,Provedore Free Range Sopressa Sleeved | 80g,$6.50,https://www.coles.com.au/product/provedore-free-range-sopressa-sleeved-80g-4992147
3881661,Provedore Mild Salami & Cheese Roll Ups | 95g,$7.00,https://www.coles.com.au/product/provedore-mild-salami-and-cheese-roll-ups-95g-3881661
6670935,Coles Deli Meredith Dairy Plain Chevre | 150g,$9.00,https://www.coles.com.au/product/coles-deli-meredith-dairy-plain-chevre-150g-6670935
3631370,Udder Delights Adelaide Hills Ash Brie Cheese | 200g,$10.50,https://www.coles.com.au/product/udder-delights-adelaide-hills-ash-brie-cheese-200g-3631370
3905205,Giorgio's Artisan Cheese Fior Di Latte | approx 100g,$2.95,https://www.coles.com.au/product/giorgio's-artisan-cheese-fior-di-latte-approx.-100g-3905205
3830274,Coles Wraps Platter Vegetarian | 1 each,$30.00,https://www.coles.com.au/product/coles-wraps-platter-vegetarian-1-each-3830274
3830944,Coles Fruity Bites Platter | 1 each,$35.00,https://www.coles.com.au/product/coles-fruity-bites-platter-1-each-3830944
5006026,Don Mild Salami & Cheese Stix | 40g,$3.00,https://www.coles.com.au/product/don-mild-salami-and-cheese-stix-40g-5006026
5016573,Mcclure's Garlic & Dill Whole | 500g,$4.80,https://www.coles.com.au/product/mcclure's-garlic-and-dill-whole-500g-5016573
6286529,Don Popcorn Bacon | 140g,$6.00,https://www.coles.com.au/product/don-popcorn-bacon-140g-6286529
6270970,OB Finest Fig & Pecan Crackers | 150g,$6.50,https://www.coles.com.au/product/ob-finest-fig-and-pecan-crackers-150g-6270970
4510009,Primo Thin Frankfurts | 1 kg,$7.40,https://www.coles.com.au/product/primo-thin-frankfurts-1-kg-4510009
3054549,Udder Delights Adelaide Hills Camembert Cheese | ... 200g,$9.90,https://www.coles.com.au/product/udder-delights-adelaide-hills-camembert-cheese-200g-3054549
3172658,Coles Deli Jumbo Greek Salad Tub | 1 each,$11.00,https://www.coles.com.au/product/coles-deli-jumbo-greek-salad-tub-1-each-3172658
6320591,Coles Salami Platter | 200g,$16.00,https://www.coles.com.au/product/coles-salami-platter-200g-6320591
3787142,Casalingo Truffle Salami | approx 100g,$3.70,https://www.coles.com.au/product/casalingo-truffle-salami-approx.-100g-3787142
3229686,Auricchio Grana Padano Basile Imports | approx250g,$13.25,https://www.coles.com.au/product/auricchio-grana-padano-basile-imports-approx.250g-3229686
5362960,Coles Finest European Truffle Goats Cheese | approx 100g,$6.00,https://www.coles.com.au/product/coles-finest-european-truffle-goats-cheese-approx.-100g-5362960
3089420,Snowdonia Black Bomber Mature Cheddar | approx 100g,$6.90,https://www.coles.com.au/product/snowdonia-black-bomber-mature-cheddar-approx.-100g-3089420
3897253,Coles Finest Australian Organic Washed Rind | approx 500g,$39.00,https://www.coles.com.au/product/coles-finest-australian-organic-washed-rind-approx.-500g-3897253
6320638,Coles Deli Thawed Prawn Skewers Chili & Lime | 1 each,$1.90,https://www.coles.com.au/product/coles-deli-thawed-prawn-skewers-chili-and-lime-1-each-6320638
6391534,Coles Australian Made Short Cut Bacon From The Deli | approx 125g,$2.50,https://www.coles.com.au/product/coles-australian-made-short-cut-bacon-from-the-deli-approx.-125g-6391534
9095946,Coles Deli Salads Tub Small Classic Potato | 1 each,$4.00,https://www.coles.com.au/product/coles-deli-salads-tub-small-classic-potato-1-each-9095946
3599084,Valley Produce Co. Vegetable Flatbread  Beetroot Artisa ... 130g,$4.90,https://www.coles.com.au/product/valley-produce-co.-vegetable-flatbread-beetroot-artisan-crackers-130g-3599084
3985645,180 Degrees Maple Cranberry Apricot Oat Crackers | 135g,$5.50,https://www.coles.com.au/product/180-degrees-maple-cranberry-apricot-oat-crackers-135g-3985645
5586844,180 Degrees Cheese Bites | 150g,$5.50,https://www.coles.com.au/product/180-degrees-cheese-bites-150g-5586844
4504152,Barossa Fine Foods Duck Terrine | 110g,$6.00,https://www.coles.com.au/product/barossa-fine-foods-duck-terrine-110g-4504152
7017431,Ricci's Bikkies Pita Crisp Olive Oil & Sea Salt | 120g,$6.00,https://www.coles.com.au/product/ricci's-bikkies-pita-crisp-olive-oil-and-sea-salt-120g-7017431
3633626,Maggie Beer Plum And Shiraz Paste | 100g,$6.30,https://www.coles.com.au/product/maggie-beer-plum-and-shiraz-paste-100g-3633626
3881730,Provedore Prosciutto & Cheese Roll-Ups | 85g,$7.00,https://www.coles.com.au/product/provedore-prosciutto-and-cheese-roll-ups-85g-3881730
6268979,Julianne's Kitchen Quince Paste | 100g,$7.00,https://www.coles.com.au/product/julianne's-kitchen-quince-paste-100g-6268979
6671009,Coles Deli Meredith Dairy Dill Chevre | 150g,$9.00,https://www.coles.com.au/product/coles-deli-meredith-dairy-dill-chevre-150g-6671009
6320569,Coles Continental Platter | 200g,$16.00,https://www.coles.com.au/product/coles-continental-platter-200g-6320569
5576352,Coles Crumb & Cook Coconut & Kaffir Lime | 30g,$1.50,https://www.coles.com.au/product/coles-crumb-and-cook-coconut-and-kaffir-lime-30g-5576352
9094535,Coles Deli Snack Classic Coleslaw Salad Tub | 1 each,$2.00,https://www.coles.com.au/product/coles-deli-snack-classic-coleslaw-salad-tub-1-each-9094535
3609360,Coles Finest Fig & Walnut Pepperberry Paste | 100g,$3.15,https://www.coles.com.au/product/coles-finest-fig-and-walnut-pepperberry-paste-100g-3609360
3971403,OB Finest Mango Fruit Paste | 100g,$4.50,https://www.coles.com.au/product/ob-finest-mango-fruit-paste-100g-3971403
3599110,Valley Produce Co. Flatbread Sea Salt & Sesame Artisa ... 130g,$4.90,https://www.coles.com.au/product/valley-produce-co.-flatbread-sea-salt-and-sesame-artisan-crackers-130g-3599110
3780380,La Panzanella Mini Croccintini Original | 85g,$4.90,https://www.coles.com.au/product/la-panzanella-mini-croccintini-original-85g-3780380
3866282,Coles Quiche Lorraine | 180g,$5.00,https://www.coles.com.au/product/coles-quiche-lorraine-180g-3866282
9096360,Coles Deli Salads Tub Medium Classic Potato | 1 each,$5.00,https://www.coles.com.au/product/coles-deli-salads-tub-medium-classic-potato-1-each-9096360
2791574,180 Degrees Walnut Oat Crackers | 150g,$5.50,https://www.coles.com.au/product/180-degrees-walnut-oat-crackers-150g-2791574
2791621,180 Degrees Hazelnut Oat Crackers | 150g,$5.50,https://www.coles.com.au/product/180-degrees-hazelnut-oat-crackers-150g-2791621
3052973,Yarra Valley Cheese Salted Honey Cow Cheese | 120g,$5.90,https://www.coles.com.au/product/yarra-valley-cheese-salted-honey-cow-cheese-120g-3052973
7017464,Ricci's Bikkies Garlic Olive & Parmesan | 120g,$6.00,https://www.coles.com.au/product/ricci's-bikkies-garlic-olive-and-parmesan-120g-7017464
9105234,Coles Deli Salads Tub Large Classic Potato | 1 each,$6.00,https://www.coles.com.au/product/coles-deli-salads-tub-large-classic-potato-1-each-9105234
3062296,Coles Deli Large Greek Salad | 1 each,$7.00,https://www.coles.com.au/product/coles-deli-large-greek-salad-1-each-3062296
3873732,Coles Finest Australian Artisan Crispbread With Olive Oil And Sea ... 150g,$7.00,https://www.coles.com.au/product/coles-finest-australian-artisan-crispbread-with-olive-oil-and-sea-salt-150g-3873732
3115971,Maggie Beer Pheasant Farm Pate | 120g,$7.30,https://www.coles.com.au/product/maggie-beer-pheasant-farm-pate-120g-3115971
3116056,Maggie Beer Duck & Orange Pate | 120g,$7.30,https://www.coles.com.au/product/maggie-beer-duck-and-orange-pate-120g-3116056
2984115,Coles Deli Thawed Prawn Skewers Sweet Chilli | 5 pack,$9.50,https://www.coles.com.au/product/coles-deli-thawed-prawn-skewers-sweet-chilli-5-pack-2984115
3453330,Coles Finest Tasmanian Goats Cheese | 300g,$10.70,https://www.coles.com.au/product/coles-finest-tasmanian-goats-cheese-300g-3453330
3899408,Quaranta Soft Nougat Cake Country Berries | 165g,$11.00,https://www.coles.com.au/product/quaranta-soft-nougat-cake-country-berries-165g-3899408
3827054,Coles Smoked Pork Bones | approx 1kg,$13.50,https://www.coles.com.au/product/coles-smoked-pork-bones-approx.-1kg-3827054
3830300,Coles Mediterranean Table Platter | 1 each,$35.00,https://www.coles.com.au/product/coles-mediterranean-table-platter-1-each-3830300
2239436,Aphrodite Haloumi By Will Studd | approx 100g,$5.10,https://www.coles.com.au/product/aphrodite-haloumi-by-will-studd-approx.-100g-2239436
3830616,Coles Signature Grazing Platter | 1 each,$55.00,https://www.coles.com.au/product/coles-signature-grazing-platter-1-each-3830616
4391861,Coles Finest Red Leicester | approx 150g,$8.25,https://www.coles.com.au/product/coles-finest-red-leicester-approx.-150g-4391861
5362916,Mon Pere Brie | approx 100g,$5.50,https://www.coles.com.au/product/mon-pere-brie-approx.-100g-5362916
6113000,Coles Deli Delre Goat Milk Caprakaas | approx 180g,$10.26,https://www.coles.com.au/product/coles-deli-delre-goat-milk-caprakaas-approx.-180g-6113000
6484963,Coles Deli Express Lemon & Garlic Sicilian Olives | 110g,$3.50,https://www.coles.com.au/product/coles-deli-express-lemon-and-garlic-sicilian-olives-110g-6484963
5646800,Provedore Salami Crumb | 100g,$4.00,https://www.coles.com.au/product/provedore-salami-crumb-100g-5646800
3635133,OB Finest Natural Sour Dough Crispbread | 110g,$4.40,https://www.coles.com.au/product/ob-finest-natural-sour-dough-crispbread-110g-3635133
5185672,OB Finest Sour Dough Crispbread Wholemeal | 110g,$4.40,https://www.coles.com.au/product/ob-finest-sour-dough-crispbread-wholemeal-110g-5185672
5185683,OB Finest Sour Dough Crispbread Ancient Grains | 110g,$4.40,https://www.coles.com.au/product/ob-finest-sour-dough-crispbread-ancient-grains-110g-5185683
3053091,OB Finest Fig Fruit Paste | 100g,$4.50,https://www.coles.com.au/product/ob-finest-fig-fruit-paste-100g-3053091
5016551,Mcclure's Sweet & Spicy Pickles | 500g,$4.80,https://www.coles.com.au/product/mcclure's-sweet-and-spicy-pickles-500g-5016551
3328473,Coles Turkish Delight | 190g,$6.50,https://www.coles.com.au/product/coles-turkish-delight-190g-3328473
2028430,Coles Deli Salad Large Tubs Potato Egg & Bacon | 1 each,$7.00,https://www.coles.com.au/product/coles-deli-salad-large-tubs-potato-egg-and-bacon-1-each-2028430
3623101,Julianne's Kitchen Apple & Thyme Fruit Paste | 100g,$7.00,https://www.coles.com.au/product/julianne's-kitchen-apple-and-thyme-fruit-paste-100g-3623101
3623134,Julianne's Kitchen Pear And Cinnamon Fruit Paste | 100g,$7.00,https://www.coles.com.au/product/julianne's-kitchen-pear-and-cinnamon-fruit-paste-100g-3623134
6272364,OB Finest Double Pack | 160g,$8.00,https://www.coles.com.au/product/ob-finest-double-pack-160g-6272364
2244582,Yarra Valley Cheese Goats Cheese | 120g,$8.20,https://www.coles.com.au/product/yarra-valley-cheese-goats-cheese-120g-2244582
3054480,Artisan Whole Dried Cranberries | 100g,$9.00,https://www.coles.com.au/product/artisan-whole-dried-cranberries-100g-3054480
6670979,Coles Deli Meredith Dairy Ash Chevre | 150g,$9.00,https://www.coles.com.au/product/coles-deli-meredith-dairy-ash-chevre-150g-6670979
3054447,Artisan Muscatels On Vine | 100g,$9.50,https://www.coles.com.au/product/artisan-muscatels-on-vine-100g-3054447
5583970,Ob Finest 3 Cheese Crisps With Chilli | 85g,$9.90,https://www.coles.com.au/product/ob-finest-3-cheese-crisps-with-chilli-85g-5583970
3054684,Delicias Quince Paste | 240g,$10.00,https://www.coles.com.au/product/delicias-quince-paste-240g-3054684
9107499,Coles Deli Salads Tub Jumbo Classic Potato | 1 each,$10.00,https://www.coles.com.au/product/coles-deli-salads-tub-jumbo-classic-potato-1-each-9107499
9107546,Coles Deli Salads Tub Jumbo Classic Pasta | 1 each,$10.00,https://www.coles.com.au/product/coles-deli-salads-tub-jumbo-classic-pasta-1-each-9107546
9107568,Coles Deli Salads Tub Jumbo Classic Coleslaw | 1 each,$10.00,https://www.coles.com.au/product/coles-deli-salads-tub-jumbo-classic-coleslaw-1-each-9107568
3899383,Quaranta Nougat Cakes Strawberry & Cream | 165g,$11.00,https://www.coles.com.au/product/quaranta-nougat-cakes-strawberry-and-cream-165g-3899383
4395647,Coles Finest Grana Padano DOP | 200g,$11.50,https://www.coles.com.au/product/coles-finest-grana-padano-dop-200g-4395647
3292751,Coles Deli Bulk Pasta Classic Salad | 1 each,$12.00,https://www.coles.com.au/product/coles-deli-bulk-pasta-classic-salad-1-each-3292751
3292762,Coles Deli Salads Tub Bulk Classic Potato | 1 each,$12.00,https://www.coles.com.au/product/coles-deli-salads-tub-bulk-classic-potato-1-each-3292762
3942121,Ivans Cottage Pie | 600g,$14.50,https://www.coles.com.au/product/ivans-cottage-pie-600g-3942121
4165396,KB's Deli Thawed MSC WA Cooked Rock Lobster | 1 each,$27.00,https://www.coles.com.au/product/kb's-deli-thawed-msc-wa-cooked-rock-lobster-1-each-4165396
3830296,Coles Sweet Symphony Platter | 1 each,$40.00,https://www.coles.com.au/product/coles-sweet-symphony-platter-1-each-3830296
3089430,Red Storm Vintage Red Leicester Cheddar | approx 100g,$6.90,https://www.coles.com.au/product/red-storm-vintage-red-leicester-cheddar-approx.-100g-3089430
5576590,Coles Crumb & Cook Lemon & Herb | 30g,$1.50,https://www.coles.com.au/product/coles-crumb-and-cook-lemon-and-herb-30g-5576590
9094499,Coles Deli Salads Tub Snack Classic Potato | 1 each,$2.00,https://www.coles.com.au/product/coles-deli-salads-tub-snack-classic-potato-1-each-9094499
9094524,Coles Deli Salads Tub Snack Classic Pasta | 1 each,$2.00,https://www.coles.com.au/product/coles-deli-salads-tub-snack-classic-pasta-1-each-9094524
1482406,Coles Deli Salad Tubs Snack Quinoa Tabouleah Sa ... 1 each,$3.00,https://www.coles.com.au/product/coles-deli-salad-tubs-snack-quinoa-tabouleah-salad-1-each-1482406
2028554,Coles Salad Snack Tubs Potato Egg & Bacon | 1 each,$3.00,https://www.coles.com.au/product/coles-salad-snack-tubs-potato-egg-and-bacon-1-each-2028554
3292773,Coles Deli Snack Greek Salad | 1 each,$3.00,https://www.coles.com.au/product/coles-deli-snack-greek-salad-1-each-3292773
4354832,Valley Produce Co. Vegetable Flatbread Cheese | 130g,$4.90,https://www.coles.com.au/product/valley-produce-co.-vegetable-flatbread-cheese-130g-4354832
3866271,Coles Vegetable Tart | 180g,$5.00,https://www.coles.com.au/product/coles-vegetable-tart-180g-3866271
3737031,180 Degrees Parmesan Oat Crackers | 135g,$5.50,https://www.coles.com.au/product/180-degrees-parmesan-oat-crackers-135g-3737031
6268935,Artisan Crackers With Sea Salt Mini | 110g,$5.50,https://www.coles.com.au/product/artisan-crackers-with-sea-salt-mini-110g-6268935
9105507,Coles Deli Salads Tub Large Classic Pasta | 1 each,$6.00,https://www.coles.com.au/product/coles-deli-salads-tub-large-classic-pasta-1-each-9105507
6272353,OB Finest Apricot & Macadamia Crackers | 150g,$6.50,https://www.coles.com.au/product/ob-finest-apricot-and-macadamia-crackers-150g-6272353
6269360,Julianne's Kitchen Quince And Orange Paste | 100g,$7.00,https://www.coles.com.au/product/julianne's-kitchen-quince-and-orange-paste-100g-6269360
3052623,Primo Saveloys | 750g,$7.40,https://www.coles.com.au/product/primo-saveloys-750g-3052623
3892023,Coles Finest Italian Grissini With Black Olive | 200g,$8.00,https://www.coles.com.au/product/coles-finest-italian-grissini-with-black-olive-200g-3892023
3054491,Artisan Sour Red Cherries | 90g,$9.00,https://www.coles.com.au/product/artisan-sour-red-cherries-90g-3054491
3636792,Coles Finest Gorgonzola Dolce Dop | 200g,$9.00,https://www.coles.com.au/product/coles-finest-gorgonzola-dolce-dop-200g-3636792
3054505,Artisan Wild Baby Figs | 150g,$9.90,https://www.coles.com.au/product/artisan-wild-baby-figs-150g-3054505
3054720,Star Foods Rolada Fig Walnut | 150g,$10.00,https://www.coles.com.au/product/star-foods-rolada-fig-walnut-150g-3054720
3054731,Star Foods Rolada Pistachio Date | 150g,$10.00,https://www.coles.com.au/product/star-foods-rolada-pistachio-date-150g-3054731
1485448,Coles Deli Salad Tubs Jumbo Quinoa Tabouleh Sal ... 1 each,$11.00,https://www.coles.com.au/product/coles-deli-salad-tubs-jumbo-quinoa-tabouleh-salad-1-each-1485448
2028394,Coles Deli Salad Jumbo Tubs Potato Egg & Bacon | 1 each,$11.00,https://www.coles.com.au/product/coles-deli-salad-jumbo-tubs-potato-egg-and-bacon-1-each-2028394
2538302,Coles Jumbo Salad Tub Curried Pumpkin Cous Cous Sa ... 1 each,$11.00,https://www.coles.com.au/product/coles-jumbo-salad-tub-curried-pumpkin-cous-cous-salad-1-each-2538302
3899500,Quaranta Soft Nougat Cakes French Caramel | 165g,$11.00,https://www.coles.com.au/product/quaranta-soft-nougat-cakes-french-caramel-165g-3899500
3292693,Coles Deli Bulk Coleslaw | 1 each,$12.00,https://www.coles.com.au/product/coles-deli-bulk-coleslaw-1-each-3292693
3054390,Honeycomb Berringa Hive & Comb | 200g,$13.45,https://www.coles.com.au/product/honeycomb-berringa-hive-and-comb-200g-3054390
3635701,Bio-Dynamic Triple Cream Camembert | 280g,$14.50,https://www.coles.com.au/product/bio-dynamic-triple-cream-camembert-280g-3635701
3829796,Coles Snackers Delight Platter | 1 each,$15.00,https://www.coles.com.au/product/coles-snackers-delight-platter-1-each-3829796
3328382,Ortiz Anchovies | 47.5g,$16.00,https://www.coles.com.au/product/ortiz-anchovies-47.5g-3328382
3054764,Le Dauphin Double Creme Cheese | 200g,$24.00,https://www.coles.com.au/product/le-dauphin-double-creme-cheese-200g-3054764
3830580,Coles Classic Grazing Platter | 1 each,$25.00,https://www.coles.com.au/product/coles-classic-grazing-platter-1-each-3830580
1498596,Coles Deli Thawed Australian Cooked Black Ti ... approx250g,$9.75,https://www.coles.com.au/product/coles-deli-thawed-australian-cooked-black-tiger-prawns-jumbo-approx.250g-1498596
2399476,Coles Deli Thawed Basa Fillet 5Kg | 1 each,$55.00,https://www.coles.com.au/product/coles-deli-thawed-basa-fillet-5kg-1-each-2399476
4803506,Petuna Deli Fresh Salmon Portions Skin On Tray | 2.5kg,$82.50,https://www.coles.com.au/product/petuna-deli-fresh-salmon-portions-skin-on-tray-2.5kg-4803506
3162053,Coles Deli Frozen Australian Cooked Black Tiger P ... 1 each,$84.00,https://www.coles.com.au/product/coles-deli-frozen-australian-cooked-black-tiger-prawns-extra-large-3kg-1-each-3162053
