8217844,McCain Frozen Hash Browns | 750g,$4.50,https://www.coles.com.au/product/mccain-frozen-hash-browns-750g-8217844
4495991,Gym Bod Cookies And Cream | 475mL,$10.00,https://www.coles.com.au/product/gym-bod-cookies-and-cream-475ml-4495991
4495776,Gym Bod Peanut Butter Salted Caramel | 475mL,$10.00,https://www.coles.com.au/product/gym-bod-peanut-butter-salted-caramel-475ml-4495776
4496065,Gym Bod Chocolate Pudding | 475mL,$10.00,https://www.coles.com.au/product/gym-bod-chocolate-pudding-475ml-4496065
6159339,Ben & Jerrys Non Dairy Berry Revolutionry Sundae | 427mL,$14.50,https://www.coles.com.au/product/ben-and-jerrys-non-dairy-berry-revolutionry-sundae-427ml-6159339
3840631,Streets Paddle Pop Chocolate | 544mL,$7.00,https://www.coles.com.au/product/streets-paddle-pop-chocolate-544ml-3840631
9611648,Streets Golden Gaytime Ice Cream Sticks 4 pack | 400mL,$10.00,https://www.coles.com.au/product/streets-golden-gaytime-ice-cream-sticks-4-pack-400ml-9611648
6272411,Snickers Creamy Peanut Ice Confection Bar 6 pack | 318mL,$6.50,https://www.coles.com.au/product/snickers-creamy-peanut-ice-confection-bar-6-pack-318ml-6272411
9992122,Mars Chocolate Smooth Creamy Ice Bar 6 Pack | 295mL,$6.50,https://www.coles.com.au/product/mars-chocolate-smooth-creamy-ice-bar-6-pack-295ml-9992122
9979394,Snickers Creamy Ice Bar 6 Pack | 300mL,$6.50,https://www.coles.com.au/product/snickers-creamy-ice-bar-6-pack-300ml-9979394
9847269,McCain Frozen Garlic Pizza 2 Pack | 320g,$5.00,https://www.coles.com.au/product/mccain-frozen-garlic-pizza-2-pack-320g-9847269
293485,Coles Frozen Potato Chips Straight Cut | 1kg,$3.70,https://www.coles.com.au/product/coles-frozen-potato-chips-straight-cut-1kg-293485
52128,Coles Frozen Potato Royals Oven Fry | 1kg,$4.90,https://www.coles.com.au/product/coles-frozen-potato-royals-oven-fry-1kg-52128
1301206,Coles Frozen Fruit Mixed Berries | 500g,$6.20,https://www.coles.com.au/product/coles-frozen-fruit-mixed-berries-500g-1301206
125345,Pampas Frozen Puff Pastry Sheets 6 pieces | 1kg,$5.20,https://www.coles.com.au/product/pampas-frozen-puff-pastry-sheets-6-pieces-1kg-125345
52139,Coles Frozen Potato Chips French Fries | 1kg,$3.70,https://www.coles.com.au/product/coles-frozen-potato-chips-french-fries-1kg-52139
5300850,Coles Frozen Carrots Corn & Peas | 1kg,$4.50,https://www.coles.com.au/product/coles-frozen-carrots-corn-and-peas-1kg-5300850
6110023,Coles Frozen Fruit Blueberries | 500g,$6.20,https://www.coles.com.au/product/coles-frozen-fruit-blueberries-500g-6110023
186339,Coles Frozen Australian Peas | 1kg,$3.80,https://www.coles.com.au/product/coles-frozen-australian-peas-1kg-186339
1313760,Natures Nutrients Frozen Chopped Spinach | 250g,$1.00,https://www.coles.com.au/product/natures-nutrients-frozen-chopped-spinach-250g-1313760
344269,Coles Frozen Potato Chips Crinkle Cut | 1kg,$3.70,https://www.coles.com.au/product/coles-frozen-potato-chips-crinkle-cut-1kg-344269
399067,Coles Frozen Peas | 1kg,$2.70,https://www.coles.com.au/product/coles-frozen-peas-1kg-399067
476022,McCain Superfries Frozen Potato Chips Shoestring | 900g,$4.50,https://www.coles.com.au/product/mccain-superfries-frozen-potato-chips-shoestring-900g-476022
5341010,Coles Frozen Broccoli Florets | 500g,$3.80,https://www.coles.com.au/product/coles-frozen-broccoli-florets-500g-5341010
3580166,I&J Raw Prawns Tail Off | 500g,$18.00,https://www.coles.com.au/product/iandj-raw-prawns-tail-off-500g-3580166
207938,Streets Blue Ribbon Vanilla Ice Cream Tub | 2L,$7.00,https://www.coles.com.au/product/streets-blue-ribbon-vanilla-ice-cream-tub-2l-207938
186474,Coles Frozen Cut Beans | 1kg,$3.70,https://www.coles.com.au/product/coles-frozen-cut-beans-1kg-186474
203642,Coles Frozen Corn Kernels | 1kg,$4.50,https://www.coles.com.au/product/coles-frozen-corn-kernels-1kg-203642
2271348,Coles Beer Battered Steakhouse Chips | 750g,$4.20,https://www.coles.com.au/product/coles-beer-battered-steakhouse-chips-750g-2271348
5431644,Coles Frozen Baby Peas | 500g,$3.00,https://www.coles.com.au/product/coles-frozen-baby-peas-500g-5431644
6109975,Coles Frozen Fruit Raspberries | 500g,$7.00,https://www.coles.com.au/product/coles-frozen-fruit-raspberries-500g-6109975
6068969,Coles Frozen Australian Potato Chunky Wedges | 750g,$4.20,https://www.coles.com.au/product/coles-frozen-australian-potato-chunky-wedges-750g-6068969
186576,Coles Snap Frozen Vegetable Mix | 1kg,$3.00,https://www.coles.com.au/product/coles-snap-frozen-vegetable-mix-1kg-186576
1301192,Coles Frozen Fruit Sliced Strawberries | 500g,$6.20,https://www.coles.com.au/product/coles-frozen-fruit-sliced-strawberries-500g-1301192
84452,Birds Eye Frozen Fish Fillets With Original  Crumb Oven Bak ... 425g,$10.50,https://www.coles.com.au/product/birds-eye-frozen-fish-fillets-with-original-crumb-oven-bake-6-pack-425g-84452
182790,Marathon Frozen Dim Sims | 1.5kg,$10.50,https://www.coles.com.au/product/marathon-frozen-dim-sims-1.5kg-182790
5052500,Birds Eye Golden Crunch Potato Gems | 900g,$6.50,https://www.coles.com.au/product/birds-eye-golden-crunch-potato-gems-900g-5052500
4683889,Luv A Duck Frozen Whole Duck | 2.1kg,$15.00,https://www.coles.com.au/product/luv-a-duck-frozen-whole-duck-2.1kg-4683889
2266246,Nanna's Frozen Golden & Crispy Snack Apple Pies | 450g,$4.00,https://www.coles.com.au/product/nanna's-frozen-golden-and-crispy-snack-apple-pies-450g-2266246
3088493,Steggles Frozen Tempura Chicken Breast Nuggets | 400g,$4.95,https://www.coles.com.au/product/steggles-frozen-tempura-chicken-breast-nuggets-400g-3088493
5164399,Creative Gourmet Frozen Blueberries | 300g,$5.65,https://www.coles.com.au/product/creative-gourmet-frozen-blueberries-300g-5164399
5863445,Peters Drumstick Minis Vanilla Ice Cream 6 pack | 490mL,$6.50,https://www.coles.com.au/product/peters-drumstick-minis-vanilla-ice-cream-6-pack-490ml-5863445
84430,Birds Eye Frozen Fish Fillets With Original Lightly Battered ... 425g,$10.50,https://www.coles.com.au/product/birds-eye-frozen-fish-fillets-with-original-lightly-battered-oven-bake-6-pack-425g-84430
186328,Coles Frozen Peas | 500g,$2.50,https://www.coles.com.au/product/coles-frozen-peas-500g-186328
9321761,Coles Frozen Onions Chopped | 500g,$2.70,https://www.coles.com.au/product/coles-frozen-onions-chopped-500g-9321761
3580290,I&J Raw Prawns Tail On | 500g,$18.00,https://www.coles.com.au/product/iandj-raw-prawns-tail-on-500g-3580290
2481963,Coles Vegetable Spring Rolls 16 Pack | 270g,$1.85,https://www.coles.com.au/product/coles-vegetable-spring-rolls-16-pack-270g-2481963
4455115,Hersheys Milk Chocolate Ice Cream | 1L,$9.00,https://www.coles.com.au/product/hersheys-milk-chocolate-ice-cream-1l-4455115
6324821,Coles Frozen Chicken Breast Nuggets  | 400g,$4.40,https://www.coles.com.au/product/coles-frozen-chicken-breast-nuggets-400g-6324821
193844,Peters Drumstick Vanilla Ice Cream 4 pack | 475mL,$6.50,https://www.coles.com.au/product/peters-drumstick-vanilla-ice-cream-4-pack-475ml-193844
7806125,Ben & Jerry's Chocolate Chip Cookie Dough Ice Cream Tub | 458mL,$14.50,https://www.coles.com.au/product/ben-and-jerry's-chocolate-chip-cookie-dough-ice-cream-tub-458ml-7806125
5615272,Connoisseur Classic Vanilla Ice Cream Tub | 1L,$12.00,https://www.coles.com.au/product/connoisseur-classic-vanilla-ice-cream-tub-1l-5615272
1548719,KB Frozen Prawn Gyoza | 750g,$17.00,https://www.coles.com.au/product/kb-frozen-prawn-gyoza-750g-1548719
2481952,Coles Vegetable Cocktail Spring Rolls 60 Pack | 1kg,$6.60,https://www.coles.com.au/product/coles-vegetable-cocktail-spring-rolls-60-pack-1kg-2481952
3713328,Ben & Jerry's Half Baked Ice Cream Tub | 458mL,$14.50,https://www.coles.com.au/product/ben-and-jerry's-half-baked-ice-cream-tub-458ml-3713328
1194503,Birds Eye Deli Sea Salt & Rosemary Seasoned Chips | 600g,$6.00,https://www.coles.com.au/product/birds-eye-deli-sea-salt-and-rosemary-seasoned-chips-600g-1194503
5032128,Coles Frozen Sweet Potato Chips | 750g,$6.00,https://www.coles.com.au/product/coles-frozen-sweet-potato-chips-750g-5032128
9718506,Nanna's Frozen Apple Crumble | 550g,$4.00,https://www.coles.com.au/product/nanna's-frozen-apple-crumble-550g-9718506
5112318,Four'N Twenty Frozen Meat Pies 4 Pack | 700g,$8.50,https://www.coles.com.au/product/four'n-twenty-frozen-meat-pies-4-pack-700g-5112318
4406685,Hong Kong Dim Sim BBQ Pork Buns | 300g,$8.00,https://www.coles.com.au/product/hong-kong-dim-sim-bbq-pork-buns-300g-4406685
4457198,Hershey's Chocolate Caramel | 1L,$9.00,https://www.coles.com.au/product/hershey's-chocolate-caramel-1l-4457198
5974741,Bulla Crunch Double Chocolate Ice Cream Sticks 8 pack | 631mL,$8.00,https://www.coles.com.au/product/bulla-crunch-double-chocolate-ice-cream-sticks-8-pack-631ml-5974741
5006547,Nanna's Frozen Blackberry & Apple Pies 4 pack | 450g,$4.00,https://www.coles.com.au/product/nanna's-frozen-blackberry-and-apple-pies-4-pack-450g-5006547
5513320,Coles Frozen Fruit Mango | 500g,$6.20,https://www.coles.com.au/product/coles-frozen-fruit-mango-500g-5513320
9625868,Coles Frozen Cauliflower Broccoli Mix | 500g,$3.40,https://www.coles.com.au/product/coles-frozen-cauliflower-broccoli-mix-500g-9625868
5892294,Bulla Splits Multi Flavoured Ice Cream Sticks 10 pack | 750mL,$8.00,https://www.coles.com.au/product/bulla-splits-multi-flavoured-ice-cream-sticks-10-pack-750ml-5892294
8634943,Dr. Oetker Frozen Ristorante Pepperoni Pizza | 310g,$9.00,https://www.coles.com.au/product/dr.-oetker-frozen-ristorante-pepperoni-pizza-310g-8634943
3580177,I&J Raw Prawns Extra Large Tail On | 500g,$21.50,https://www.coles.com.au/product/iandj-raw-prawns-extra-large-tail-on-500g-3580177
207971,Coles Vanilla Ice Cream Tub | 2L,$4.50,https://www.coles.com.au/product/coles-vanilla-ice-cream-tub-2l-207971
9091344,Magnum Ice Cream Mini Classic 6Pack | 360mL,$10.50,https://www.coles.com.au/product/magnum-ice-cream-mini-classic-6pack-360ml-9091344
7806090,Ben & Jerry's Chocolate Fudge Brownie Ice Cream Tub | 458mL,$14.50,https://www.coles.com.au/product/ben-and-jerry's-chocolate-fudge-brownie-ice-cream-tub-458ml-7806090
5070637,McCain Beer Batter Potato Chips Frozen Steak Cut | 750g,$5.30,https://www.coles.com.au/product/mccain-beer-batter-potato-chips-frozen-steak-cut-750g-5070637
8469177,Pampas Frozen Puff Pastry Sheets 10 pack | 1.6kg,$7.30,https://www.coles.com.au/product/pampas-frozen-puff-pastry-sheets-10-pack-1.6kg-8469177
5974719,Bulla Crunch Multi Flavoured Ice Cream Sticks 8 pack | 631mL,$8.00,https://www.coles.com.au/product/bulla-crunch-multi-flavoured-ice-cream-sticks-8-pack-631ml-5974719
1093721,Coles Frozen Mini Beef Dim Sims 15 Pieces | 250g,$2.30,https://www.coles.com.au/product/coles-frozen-mini-beef-dim-sims-15-pieces-250g-1093721
6388121,Coles RSPCA Approved Butter Chicken With Long Grain Rice | 375g,$4.00,https://www.coles.com.au/product/coles-rspca-approved-butter-chicken-with-long-grain-rice-375g-6388121
5613641,Coles Frozen Beef Party Pies 24 Pack | 1.1 kg,$7.50,https://www.coles.com.au/product/coles-frozen-beef-party-pies-24-pack-1.1-kg-5613641
5052522,Birds Eye Golden Crunch Crinkle Cut Chips | 900g,$5.80,https://www.coles.com.au/product/birds-eye-golden-crunch-crinkle-cut-chips-900g-5052522
4406674,Hong Kong Dim Sim Pork Prawn And Mushroom Siu Mai | 300g,$8.00,https://www.coles.com.au/product/hong-kong-dim-sim-pork-prawn-and-mushroom-siu-mai-300g-4406674
239785,Peters Gluten Free Original Vanilla Ice Cream Tub | 2L,$5.50,https://www.coles.com.au/product/peters-gluten-free-original-vanilla-ice-cream-tub-2l-239785
9257582,Birds Eye Frozen Baby Peas | 1kg,$6.00,https://www.coles.com.au/product/birds-eye-frozen-baby-peas-1kg-9257582
8559586,Coles Boysenberry Ice Cream Cones | 475mL,$3.90,https://www.coles.com.au/product/coles-boysenberry-ice-cream-cones-475ml-8559586
2270243,Coles Stir Fry Vegetables | 500g,$3.40,https://www.coles.com.au/product/coles-stir-fry-vegetables-500g-2270243
8559575,Coles Vanilla Ice Cream Cones | 475mL,$3.90,https://www.coles.com.au/product/coles-vanilla-ice-cream-cones-475ml-8559575
6545434,Dr Oetker Ristorante Mozzarella Pizza | 355g,$9.00,https://www.coles.com.au/product/dr-oetker-ristorante-mozzarella-pizza-355g-6545434
80804,Birds Eye Frozen Fish Fillets With Lemon Crumb Oven Bak ... 425g,$10.50,https://www.coles.com.au/product/birds-eye-frozen-fish-fillets-with-lemon-crumb-oven-bake-6-pack-425g-80804
3230710,Steggles Frozen Classic Crumb Chicken Breast Tenders | 1kg,$13.70,https://www.coles.com.au/product/steggles-frozen-classic-crumb-chicken-breast-tenders-1kg-3230710
7562111,Birds Eye Frozen Chopped Spinach | 250g,$2.80,https://www.coles.com.au/product/birds-eye-frozen-chopped-spinach-250g-7562111
3088450,Steggles Frozen Crumbed Chicken Breast Nuggets | 400g,$4.95,https://www.coles.com.au/product/steggles-frozen-crumbed-chicken-breast-nuggets-400g-3088450
2740085,Birds Eye Frozen Steam Fresh Carrot Cauliflower & Broccoli 5 pack | 750g,$5.50,https://www.coles.com.au/product/birds-eye-frozen-steam-fresh-carrot-cauliflower-and-broccoli-5-pack-750g-2740085
7207018,Peters Light & Creamy French Vanilla Ice Cream Tub | 1.8L,$6.50,https://www.coles.com.au/product/peters-light-and-creamy-french-vanilla-ice-cream-tub-1.8l-7207018
9360854,Drumstick Boysenberry Ice Cream 4 pack | 475mL,$6.50,https://www.coles.com.au/product/drumstick-boysenberry-ice-cream-4-pack-475ml-9360854
4457187,Bulla Crunch Vanilla Ice Cream 8 pack | 631mL,$8.00,https://www.coles.com.au/product/bulla-crunch-vanilla-ice-cream-8-pack-631ml-4457187
6043866,Bulla Frozen Variety Minis Yoghurt  14 pack | 506g,$8.00,https://www.coles.com.au/product/bulla-frozen-variety-minis-yoghurt-14-pack-506g-6043866
6621383,Birds Eye Frozen Fish Fillets With Herb & Garlic Crumb Oven Bake ... 425g,$10.50,https://www.coles.com.au/product/birds-eye-frozen-fish-fillets-with-herb-and-garlic-crumb-oven-bake-6-pack-425g-6621383
6893703,Magnum Ice Cream Almond 4Pack | 428mL,$10.50,https://www.coles.com.au/product/magnum-ice-cream-almond-4pack-428ml-6893703
9486590,Bulla Creamy Classics Vanilla Ice Cream Tub | 2L,$10.00,https://www.coles.com.au/product/bulla-creamy-classics-vanilla-ice-cream-tub-2l-9486590
2426251,Coles Irresistible Ice Cream Vanilla Bean | 1L,$6.50,https://www.coles.com.au/product/coles-irresistible-ice-cream-vanilla-bean-1l-2426251
4406663,Hong Kong Dim Sim Pork And Chive Dumplings | 300g,$8.00,https://www.coles.com.au/product/hong-kong-dim-sim-pork-and-chive-dumplings-300g-4406663
5237153,Patties Frozen Party Classic Beef Pies 12 pack | 560g,$9.50,https://www.coles.com.au/product/patties-frozen-party-classic-beef-pies-12-pack-560g-5237153
5300861,Coles Frozen Peas Carrots Cauliflower | 1kg,$4.50,https://www.coles.com.au/product/coles-frozen-peas-carrots-cauliflower-1kg-5300861
6282084,Hershey's Ice Cream Chocolate/Strawberry | 1L,$9.00,https://www.coles.com.au/product/hershey's-ice-cream-chocolatestrawberry-1l-6282084
5488357,Ben & Jerrys Topped Tiramisu | 436mL,$14.50,https://www.coles.com.au/product/ben-and-jerrys-topped-tiramisu-436ml-5488357
9738570,Coles Snap Frozen Winter Vegetables | 500g,$3.00,https://www.coles.com.au/product/coles-snap-frozen-winter-vegetables-500g-9738570
9486411,Bulla Creamy Classics Cookies & Cream Ice Cream Tub | 2L,$10.00,https://www.coles.com.au/product/bulla-creamy-classics-cookies-and-cream-ice-cream-tub-2l-9486411
9091672,Magnum Ice Cream Mini Almond 6Pack | 360mL,$10.50,https://www.coles.com.au/product/magnum-ice-cream-mini-almond-6pack-360ml-9091672
3975696,Coles Frozen Fruit Blueberries | 1kg,$11.00,https://www.coles.com.au/product/coles-frozen-fruit-blueberries-1kg-3975696
5116658,Mrs Mac's Microwaveable Beef Pie | 175g,$3.20,https://www.coles.com.au/product/mrs-mac's-microwaveable-beef-pie-175g-5116658
5117708,Mrs Mac's Microwaveable Sausage Roll | 175g,$3.20,https://www.coles.com.au/product/mrs-mac's-microwaveable-sausage-roll-175g-5117708
4695822,Coles Chocolate Coated Ice Creams 10 Pack | 865mL,$3.50,https://www.coles.com.au/product/coles-chocolate-coated-ice-creams-10-pack-865ml-4695822
3470485,Filosophy Mini Spirals Spinach And Feta | 450g,$4.10,https://www.coles.com.au/product/filosophy-mini-spirals-spinach-and-feta-450g-3470485
8977644,Coles Frozen Green Mixed Vegetables | 1kg,$5.00,https://www.coles.com.au/product/coles-frozen-green-mixed-vegetables-1kg-8977644
79394,Coles Frozen Meat Pies 6 Pack | 900g,$5.70,https://www.coles.com.au/product/coles-frozen-meat-pies-6-pack-900g-79394
3059972,Creative Gourmet Frozen Banana Chunks | 500g,$5.00,https://www.coles.com.au/product/creative-gourmet-frozen-banana-chunks-500g-3059972
5522488,Four'N Twenty Frozen Jumbo Sausage Rolls 6 Pieces | 700g,$7.50,https://www.coles.com.au/product/four'n-twenty-frozen-jumbo-sausage-rolls-6-pieces-700g-5522488
5292231,Hong Kong Pork Dim Sims | 480g,$8.00,https://www.coles.com.au/product/hong-kong-pork-dim-sims-480g-5292231
6863815,Sara Lee Frozen Sticky Date Pudding | 475g,$8.50,https://www.coles.com.au/product/sara-lee-frozen-sticky-date-pudding-475g-6863815
8977575,Coles Frozen Whole Baby Beans | 500g,$3.10,https://www.coles.com.au/product/coles-frozen-whole-baby-beans-500g-8977575
5066946,McCain Superfries Frozen Potato Chips Crinkle Cut | 900g,$4.50,https://www.coles.com.au/product/mccain-superfries-frozen-potato-chips-crinkle-cut-900g-5066946
6893736,Magnum Ice Cream Classic 4Pack | 428mL,$10.50,https://www.coles.com.au/product/magnum-ice-cream-classic-4pack-428ml-6893736
3088438,Steggles Frozen Sweet Chilli Chicken Tenders | 1kg,$13.70,https://www.coles.com.au/product/steggles-frozen-sweet-chilli-chicken-tenders-1kg-3088438
2750930,Ben & Jerry's Tonight Dough Ice Cream Tub | 458mL,$14.50,https://www.coles.com.au/product/ben-and-jerry's-tonight-dough-ice-cream-tub-458ml-2750930
6115683,Coles Frozen Convenience Meal Spaghetti Bolog ... 375g,$4.00,https://www.coles.com.au/product/coles-frozen-convenience-meal-spaghetti-bolognese-375g-6115683
3412478,McCain Frozen Onion Rings | 500g,$5.00,https://www.coles.com.au/product/mccain-frozen-onion-rings-500g-3412478
8434627,Steggles Frozen Crumbed Chicken Breast Tenders  | 400g,$6.00,https://www.coles.com.au/product/steggles-frozen-crumbed-chicken-breast-tenders-400g-8434627
6749810,Bulla Frozen Multi Flavoured Yoghurt Sticks 8 pack | 472g,$8.00,https://www.coles.com.au/product/bulla-frozen-multi-flavoured-yoghurt-sticks-8-pack-472g-6749810
3580100,I&J The Finest Frozen Basa Fillets | 1kg,$9.00,https://www.coles.com.au/product/iandj-the-finest-frozen-basa-fillets-1kg-3580100
3850635,Coles Frozen Fruit Summer Fruit Mix | 500g,$6.20,https://www.coles.com.au/product/coles-frozen-fruit-summer-fruit-mix-500g-3850635
3407300,Hershey's Cookies & Creme Sticks 4Pack | 360mL,$9.00,https://www.coles.com.au/product/hershey's-cookies-and-creme-sticks-4pack-360ml-3407300
5179501,McCain Frozen Ham & Pineapple Pizza Slices 6 pack | 600g,$9.00,https://www.coles.com.au/product/mccain-frozen-ham-and-pineapple-pizza-slices-6-pack-600g-5179501
2232528,Coles Vanilla Ice Cream Sandwich 4 Pack | 440mL,$3.20,https://www.coles.com.au/product/coles-vanilla-ice-cream-sandwich-4-pack-440ml-2232528
293565,Coles Frozen Corn Cobs | 1kg,$4.50,https://www.coles.com.au/product/coles-frozen-corn-cobs-1kg-293565
5181729,Coles Frozen Meat Pies 4 Pack | 700g,$5.50,https://www.coles.com.au/product/coles-frozen-meat-pies-4-pack-700g-5181729
3783673,Kawan Plain Paratha | 1.2kg,$9.00,https://www.coles.com.au/product/kawan-plain-paratha-1.2kg-3783673
3842885,Grandma's Golden Wok Chicken Gyoza | 800g,$19.80,https://www.coles.com.au/product/grandma's-golden-wok-chicken-gyoza-800g-3842885
6893339,Bells Frozen Pure Bagged Ice | 5kg,$5.40,https://www.coles.com.au/product/bells-frozen-pure-bagged-ice-5kg-6893339
4314973,Inghams Sweet Chilli Tenders | 400g,$5.50,https://www.coles.com.au/product/inghams-sweet-chilli-tenders-400g-4314973
5072778,Birds Eye Snap Frozen Carrot Peas & Corn | 1 kg,$6.50,https://www.coles.com.au/product/birds-eye-snap-frozen-carrot-peas-and-corn-1-kg-5072778
7206977,Peters Light & Creamy Classic Vanilla Ice Cream Tub | 1.8L,$6.50,https://www.coles.com.au/product/peters-light-and-creamy-classic-vanilla-ice-cream-tub-1.8l-7206977
5672243,Sara Lee Frozen Custard Danish  | 400g,$7.50,https://www.coles.com.au/product/sara-lee-frozen-custard-danish-400g-5672243
3573116,Creative Gourmet Frozen Mango Chunks | 750g,$8.00,https://www.coles.com.au/product/creative-gourmet-frozen-mango-chunks-750g-3573116
7817904,Dr. Oetker Frozen Ristorante Quattro Formaggi Pizza | 340g,$9.00,https://www.coles.com.au/product/dr.-oetker-frozen-ristorante-quattro-formaggi-pizza-340g-7817904
3243439,Hanabi Mukimake Shelled Soybeans | 400g,$3.15,https://www.coles.com.au/product/hanabi-mukimake-shelled-soybeans-400g-3243439
3265920,Coles Choc Mint Cones 4 pack | 475mL,$3.90,https://www.coles.com.au/product/coles-choc-mint-cones-4-pack-475ml-3265920
4477581,Peters Original Twin Pole Pineapple & Raspberry 8 Pa ... 592mL,$4.00,https://www.coles.com.au/product/peters-original-twin-pole-pineapple-and-raspberry-8-pack-592ml-4477581
9319680,Borg's Triangles Spinach Cheese | 360g,$4.00,https://www.coles.com.au/product/borg's-triangles-spinach-cheese-360g-9319680
222396,Birds Eye Snap Frozen Garden Peas | 1kg,$5.00,https://www.coles.com.au/product/birds-eye-snap-frozen-garden-peas-1kg-222396
5368719,Herbert Adams Seasonal Garden Vegetable Pastie 4 pack | 700g,$7.50,https://www.coles.com.au/product/herbert-adams-seasonal-garden-vegetable-pastie-4-pack-700g-5368719
6143689,Connoisseur Ice Cream Choc Chip Cookie | 1L,$9.00,https://www.coles.com.au/product/connoisseur-ice-cream-choc-chip-cookie-1l-6143689
6079240,Patties Frozen Party Pack 30 Pieces | 1.25kg,$16.90,https://www.coles.com.au/product/patties-frozen-party-pack-30-pieces-1.25kg-6079240
338856,McCain Frozen Peas | 500g,$3.30,https://www.coles.com.au/product/mccain-frozen-peas-500g-338856
5394810,McCain Pub Style Potato Wedges | 750g,$4.80,https://www.coles.com.au/product/mccain-pub-style-potato-wedges-750g-5394810
1333778,Birds Eye Stir Fry Oriental | 850g,$5.50,https://www.coles.com.au/product/birds-eye-stir-fry-oriental-850g-1333778
2719952,Steggles Frozen Sweet Chilli Chicken Breast Tenders | 400g,$6.00,https://www.coles.com.au/product/steggles-frozen-sweet-chilli-chicken-breast-tenders-400g-2719952
5216222,Coles Frozen Party Sausage Rolls 24 Pack | 900g,$7.50,https://www.coles.com.au/product/coles-frozen-party-sausage-rolls-24-pack-900g-5216222
3081825,Steggles Frozen Crumbed Chicken Nuggets | 1kg,$12.00,https://www.coles.com.au/product/steggles-frozen-crumbed-chicken-nuggets-1kg-3081825
3051074,KB Frozen Prawn Hargow | 750g,$17.00,https://www.coles.com.au/product/kb-frozen-prawn-hargow-750g-3051074
187477,Nanna's Frozen Apple Pie | 600g,$4.00,https://www.coles.com.au/product/nanna's-frozen-apple-pie-600g-187477
6115592,Coles Frozen Convenience Meal Beef Lasagne | 375g,$4.00,https://www.coles.com.au/product/coles-frozen-convenience-meal-beef-lasagne-375g-6115592
6847127,Birds Eye Frozen Peas Baby Whole | 500g,$4.00,https://www.coles.com.au/product/birds-eye-frozen-peas-baby-whole-500g-6847127
2408293,Peters Drumstick Minis Super Choc & Caramel Nut Ice Cream ... 480mL,$6.50,https://www.coles.com.au/product/peters-drumstick-minis-super-choc-and-caramel-nut-ice-cream-6-pack-480ml-2408293
5294601,Coles Sweet Chilli Chicken Tenders | 1kg,$11.50,https://www.coles.com.au/product/coles-sweet-chilli-chicken-tenders-1kg-5294601
5289995,Connoisseur Ice Cream Cafe Grande | 1L,$12.00,https://www.coles.com.au/product/connoisseur-ice-cream-cafe-grande-1l-5289995
8434332,Steggles Frozen Chicken Breast Goujons | 1kg,$13.70,https://www.coles.com.au/product/steggles-frozen-chicken-breast-goujons-1kg-8434332
105701,Birds Eye Snap Frozen Peas Corn Capsicum | 500g,$4.00,https://www.coles.com.au/product/birds-eye-snap-frozen-peas-corn-capsicum-500g-105701
2740052,Birds Eye Frozen Steam Fresh Bean Broccoli & Sugar Snap Peas 3 pack | ... 450g,$4.50,https://www.coles.com.au/product/birds-eye-frozen-steam-fresh-bean-broccoli-and-sugar-snap-peas-3-pack-450g-2740052
6879123,Birds Eye Frozen Stir Fry Thai Vegetables | 500g,$4.50,https://www.coles.com.au/product/birds-eye-frozen-stir-fry-thai-vegetables-500g-6879123
2143406,Hanabi Frozen Surimi Fish Balls | 500g,$5.30,https://www.coles.com.au/product/hanabi-frozen-surimi-fish-balls-500g-2143406
5043485,Herbert Adams Frozen Gourmet King Island Beef In Rich Gravy Pie  2 ... 420g,$5.40,https://www.coles.com.au/product/herbert-adams-frozen-gourmet-king-island-beef-in-rich-gravy-pie-2-pack-420g-5043485
4868319,Creative Gourmet Banana Mango Pineapple | 400g,$5.65,https://www.coles.com.au/product/creative-gourmet-banana-mango-pineapple-400g-4868319
6277754,Bulla Ice Cream Choc Bars Vanilla 8Pack | 600mL,$8.00,https://www.coles.com.au/product/bulla-ice-cream-choc-bars-vanilla-8pack-600ml-6277754
3264010,Birds Eye Frozen Deli New Zealand Whiting Crisp Light Batter Fillets ... 250g,$8.50,https://www.coles.com.au/product/birds-eye-frozen-deli-new-zealand-whiting-crisp-light-batter-fillets-5-pack-250g-3264010
5832850,Connoisseur Ice Cream Cookies & Cream | 1L,$12.00,https://www.coles.com.au/product/connoisseur-ice-cream-cookies-and-cream-1l-5832850
3964576,Ben & Jerry's Ice Cream Swich Up | 458mL,$14.50,https://www.coles.com.au/product/ben-and-jerry's-ice-cream-swich-up-458ml-3964576
3842772,Grandma's Golden Wok Pork Gyoza | 800g,$19.80,https://www.coles.com.au/product/grandma's-golden-wok-pork-gyoza-800g-3842772
4204330,McCain Quick Cook Straight Cut | 750g,$5.30,https://www.coles.com.au/product/mccain-quick-cook-straight-cut-750g-4204330
2481930,Coles Mozzarella Bites & Sauce 10 Pack | 330g,$5.50,https://www.coles.com.au/product/coles-mozzarella-bites-and-sauce-10-pack-330g-2481930
8145798,Birds Eye Frozen Chinese Vegetables Stir Fry | 850g,$5.50,https://www.coles.com.au/product/birds-eye-frozen-chinese-vegetables-stir-fry-850g-8145798
3573047,Creative Gourmet Frozen Passionfruit Pulp | 300g,$5.65,https://www.coles.com.au/product/creative-gourmet-frozen-passionfruit-pulp-300g-3573047
4455556,Bulla Splits Summer Splits 10 Pack | 750mL,$8.00,https://www.coles.com.au/product/bulla-splits-summer-splits-10-pack-750ml-4455556
9758544,Borgs Frozen Puff Pastry Sheets | 1.7kg,$8.00,https://www.coles.com.au/product/borgs-frozen-puff-pastry-sheets-1.7kg-9758544
5792904,Yo Chi Frozen Wild Berry Yoghurt | 500mL,$9.50,https://www.coles.com.au/product/yo-chi-frozen-wild-berry-yoghurt-500ml-5792904
3480412,Coles Penne Napoletana Pasta | 375g,$4.00,https://www.coles.com.au/product/coles-penne-napoletana-pasta-375g-3480412
1167894,On The Menu Frozen Beef Lasagne | 260g,$4.50,https://www.coles.com.au/product/on-the-menu-frozen-beef-lasagne-260g-1167894
91710,McCain Superfries Frozen Potato Chips Straight Cut | 900g,$4.50,https://www.coles.com.au/product/mccain-superfries-frozen-potato-chips-straight-cut-900g-91710
2741011,Birds Eye Steam Fresh Vegetables Value Carrot Broccoli & Corn | 750g,$5.50,https://www.coles.com.au/product/birds-eye-steam-fresh-vegetables-value-carrot-broccoli-and-corn-750g-2741011
315690,Peters Gluten Free Original Neapolitan Multi Flavoured Ice ... 2L,$5.50,https://www.coles.com.au/product/peters-gluten-free-original-neapolitan-multi-flavoured-ice-cream-tub-2l-315690
3192553,Birds Eye Deli Golden Ale Chips | 600g,$6.00,https://www.coles.com.au/product/birds-eye-deli-golden-ale-chips-600g-3192553
6187312,Coles Sweet Potato Waffle Fries | 500g,$6.00,https://www.coles.com.au/product/coles-sweet-potato-waffle-fries-500g-6187312
7308048,Dr. Oetker Frozen Ristorante Spinaci (Spinach) Pizza | 390g,$9.00,https://www.coles.com.au/product/dr.-oetker-frozen-ristorante-spinaci-(spinach)-pizza-390g-7308048
7308059,Dr. Oetker Frozen Ristorante Funghi Mushroom Pizza | 365g,$9.00,https://www.coles.com.au/product/dr.-oetker-frozen-ristorante-funghi-mushroom-pizza-365g-7308059
5792915,Yo Chi Frozen Natural Yoghurt | 500mL,$9.50,https://www.coles.com.au/product/yo-chi-frozen-natural-yoghurt-500ml-5792915
3088427,Steggles Frozen Chicken Dino Snacks | 1kg,$13.70,https://www.coles.com.au/product/steggles-frozen-chicken-dino-snacks-1kg-3088427
2143224,Hanabi Frozen Edamame Soybean Pods | 400g,$3.90,https://www.coles.com.au/product/hanabi-frozen-edamame-soybean-pods-400g-2143224
5394650,McCain Frozen Peas Corn & Carrots | 500g,$4.00,https://www.coles.com.au/product/mccain-frozen-peas-corn-and-carrots-500g-5394650
6392672,Coles Frozen Convenience Meal Shepherds Pie | 375g,$4.00,https://www.coles.com.au/product/coles-frozen-convenience-meal-shepherds-pie-375g-6392672
9514561,Pampas Frozen Puff Pastry Sheets Extra Light 6 pack | 1kg,$5.20,https://www.coles.com.au/product/pampas-frozen-puff-pastry-sheets-extra-light-6-pack-1kg-9514561
2143417,Hanabi Frozen Surimi Fried Fish Balls | 500g,$5.30,https://www.coles.com.au/product/hanabi-frozen-surimi-fried-fish-balls-500g-2143417
2900669,Herbert Adams Frozen Gourmet Chunky Sous Vide Beef & Peppercorn ... 400g,$5.40,https://www.coles.com.au/product/herbert-adams-frozen-gourmet-chunky-sous-vide-beef-and-peppercorn-pies-2-pack-400g-2900669
3182629,Coles Tempura Chicken Nuggets | 400g,$4.40,https://www.coles.com.au/product/coles-tempura-chicken-nuggets-400g-3182629
1888310,Herbert Adams Frozen Gourmet Chunky Sous Vide Beef & Butt ... 400g,$5.40,https://www.coles.com.au/product/herbert-adams-frozen-gourmet-chunky-sous-vide-beef-and-button-mushroom-pies-2-pack-400g-1888310
5438778,Coles Fruit Apple Pie Snack 4 pack | 500g,$3.60,https://www.coles.com.au/product/coles-fruit-apple-pie-snack-4-pack-500g-5438778
2742025,Coles Chicken Fettuccine Carbonara | 375g,$4.00,https://www.coles.com.au/product/coles-chicken-fettuccine-carbonara-375g-2742025
5179454,Birds Eye Snap Frozen Corn Kernels | 1kg,$6.00,https://www.coles.com.au/product/birds-eye-snap-frozen-corn-kernels-1kg-5179454
6187298,Coles Sweet Potato Crinkle Cut Fries | 750g,$6.00,https://www.coles.com.au/product/coles-sweet-potato-crinkle-cut-fries-750g-6187298
2257620,Birds Eye Frozen Seasoned Sides Mediterranean M ... 600g,$7.00,https://www.coles.com.au/product/birds-eye-frozen-seasoned-sides-mediterranean-mix-600g-2257620
8544829,McCain Frozen Cheese & Bacon Pizza Slices 6 pack | 600g,$9.00,https://www.coles.com.au/product/mccain-frozen-cheese-and-bacon-pizza-slices-6-pack-600g-8544829
8634954,Dr. Oetker Frozen Ristorante Hawaii Pizza | 355g,$9.00,https://www.coles.com.au/product/dr.-oetker-frozen-ristorante-hawaii-pizza-355g-8634954
3944058,Haagen Dazs Fruit Collection Ice Cream Mini Cups 4 Pa ... 380mL,$10.00,https://www.coles.com.au/product/haagen-dazs-fruit-collection-ice-cream-mini-cups-4-pack-380ml-3944058
5863864,Connoisseur Ice Cream Honey Macadamia | 1L,$12.00,https://www.coles.com.au/product/connoisseur-ice-cream-honey-macadamia-1l-5863864
1873108,Steggles Frozen Flaming Chicken Wing Nibbles | 1kg,$13.70,https://www.coles.com.au/product/steggles-frozen-flaming-chicken-wing-nibbles-1kg-1873108
4284759,Kb's Tender Squid Chips Lightly Crumbed | 1kg,$27.50,https://www.coles.com.au/product/kb's-tender-squid-chips-lightly-crumbed-1kg-4284759
3145972,Coles Frozen Tiramisu | 500g,$4.00,https://www.coles.com.au/product/coles-frozen-tiramisu-500g-3145972
3480398,Coles Pesto Pasta & Fetta | 375g,$4.00,https://www.coles.com.au/product/coles-pesto-pasta-and-fetta-375g-3480398
6115708,Coles Frozen Convenience Meal With Macaroni Cheese | 375g,$4.00,https://www.coles.com.au/product/coles-frozen-convenience-meal-with-macaroni-cheese-375g-6115708
2482081,Coles Vegetable Samosas 10 Pack | 300g,$5.50,https://www.coles.com.au/product/coles-vegetable-samosas-10-pack-300g-2482081
5052511,Birds Eye Golden Crunch Straight Cut Chips | 900g,$5.80,https://www.coles.com.au/product/birds-eye-golden-crunch-straight-cut-chips-900g-5052511
7554474,Borgs Extra Puff Pastry Sheet | 1.6kg,$7.30,https://www.coles.com.au/product/borgs-extra-puff-pastry-sheet-1.6kg-7554474
4896121,Birds Eye Frozen Fish Fillets With Lemon Pepper Crumb O ... 425g,$10.50,https://www.coles.com.au/product/birds-eye-frozen-fish-fillets-with-lemon-pepper-crumb-oven-bake-6-pack-425g-4896121
7407877,Birds Eye Frozen Southern Blue Whiting Fish Fillets 6 Pack | 425g,$11.00,https://www.coles.com.au/product/birds-eye-frozen-southern-blue-whiting-fish-fillets-6-pack-425g-7407877
4274824,Ben & Jerry's Sofa So Good Together | 458mL,$14.50,https://www.coles.com.au/product/ben-and-jerry's-sofa-so-good-together-458ml-4274824
4406572,Grandmas Golden Wok Gyozas Prawn | 800g,$19.80,https://www.coles.com.au/product/grandmas-golden-wok-gyozas-prawn-800g-4406572
8057078,McCain Frozen Healthy Choice Creamy Chicken Carbonara | 300g,$5.00,https://www.coles.com.au/product/mccain-frozen-healthy-choice-creamy-chicken-carbonara-300g-8057078
4314962,Inghams Crumbed Tenders | 400g,$5.50,https://www.coles.com.au/product/inghams-crumbed-tenders-400g-4314962
6632528,Steggles Frozen Crumbed Chicken Breast Fingers | 400g,$6.00,https://www.coles.com.au/product/steggles-frozen-crumbed-chicken-breast-fingers-400g-6632528
6609424,Steggles Southwest Chicken Pops | 400g,$6.50,https://www.coles.com.au/product/steggles-southwest-chicken-pops-400g-6609424
4227347,Four N Twenty Angus Beef & Pepper Pies | 700g,$8.80,https://www.coles.com.au/product/four-n-twenty-angus-beef-and-pepper-pies-700g-4227347
9486397,Bulla Creamy Classics Choc Chip Ice Cream Tub | 2L,$10.00,https://www.coles.com.au/product/bulla-creamy-classics-choc-chip-ice-cream-tub-2l-9486397
186587,Coles Frozen Cauliflower | 500g,$3.00,https://www.coles.com.au/product/coles-frozen-cauliflower-500g-186587
1307359,Coles Meals Satay Chicken | 375g,$4.00,https://www.coles.com.au/product/coles-meals-satay-chicken-375g-1307359
428154,McCain Frozen Corn Kernels | 500g,$4.00,https://www.coles.com.au/product/mccain-frozen-corn-kernels-500g-428154
5488798,Peters Original Twin Pole Blue Rasp Spider 8 Pack | 592mL,$4.00,https://www.coles.com.au/product/peters-original-twin-pole-blue-rasp-spider-8-pack-592ml-5488798
3890017,Coles French Style Cheesecake | 450g,$4.30,https://www.coles.com.au/product/coles-french-style-cheesecake-450g-3890017
9730385,Birds Eye Frozen Shanghai Stir Fry | 500g,$4.50,https://www.coles.com.au/product/birds-eye-frozen-shanghai-stir-fry-500g-9730385
3573070,Creative Gourmet Frozen Pink Dragonfruit Chunks | 300g,$5.65,https://www.coles.com.au/product/creative-gourmet-frozen-pink-dragonfruit-chunks-300g-3573070
7401010,McCain Red Box Plated Chicken Parmigiana  | 320g,$6.00,https://www.coles.com.au/product/mccain-red-box-plated-chicken-parmigiana-320g-7401010
7210293,Peters Drumstick Choc Mint Ice Cream 4 pack | 475mL,$6.50,https://www.coles.com.au/product/peters-drumstick-choc-mint-ice-cream-4-pack-475ml-7210293
8544793,McCain Frozen Meat Lovers Pizza Slices 6 pack | 600g,$9.00,https://www.coles.com.au/product/mccain-frozen-meat-lovers-pizza-slices-6-pack-600g-8544793
5901329,Peters Gluten Free Original Vanilla Ice Cream Tub | 4L,$10.90,https://www.coles.com.au/product/peters-gluten-free-original-vanilla-ice-cream-tub-4l-5901329
8591487,Connoisseur Ice Cream Belgian Chocolate | 1L,$12.00,https://www.coles.com.au/product/connoisseur-ice-cream-belgian-chocolate-1l-8591487
6609388,Steggles Habanero Chicken Wings | 1kg,$13.00,https://www.coles.com.au/product/steggles-habanero-chicken-wings-1kg-6609388
8949591,Patties Frozen Mini Combo Party Pies & Sausage Rolls 40 pack | ... 1kg,$16.90,https://www.coles.com.au/product/patties-frozen-mini-combo-party-pies-and-sausage-rolls-40-pack-1kg-8949591
3606157,Vadilal Bhindi Cuts | 312g,$2.40,https://www.coles.com.au/product/vadilal-bhindi-cuts-312g-3606157
3641125,Vadilal Green Chilli | 312g,$2.40,https://www.coles.com.au/product/vadilal-green-chilli-312g-3641125
5117311,Mrs Mac's Microwaveable Beef Pastie | 165g,$3.20,https://www.coles.com.au/product/mrs-mac's-microwaveable-beef-pastie-165g-5117311
7147109,Coles Convenience Meals Tuna Bake | 375g,$4.00,https://www.coles.com.au/product/coles-convenience-meals-tuna-bake-375g-7147109
2740041,Birds Eye Frozen Steam Fresh Beans Carrot & Broccoli Mix 3 pa ... 450g,$4.50,https://www.coles.com.au/product/birds-eye-frozen-steam-fresh-beans-carrot-and-broccoli-mix-3-pack-450g-2740041
3051154,Coles Corn Fritters 10 Pack | 300g,$5.50,https://www.coles.com.au/product/coles-corn-fritters-10-pack-300g-3051154
3850690,Coles Frozen Fruit Pineapple | 500g,$6.20,https://www.coles.com.au/product/coles-frozen-fruit-pineapple-500g-3850690
4227336,Four N Twenty Angus Beef Pies | 700g,$8.80,https://www.coles.com.au/product/four-n-twenty-angus-beef-pies-700g-4227336
4227358,Four N Twenty Angus Beef Cheese & Bacon Pies | 700g,$8.80,https://www.coles.com.au/product/four-n-twenty-angus-beef-cheese-and-bacon-pies-700g-4227358
5294576,Coles Original Chicken Tenders | 1kg,$11.50,https://www.coles.com.au/product/coles-original-chicken-tenders-1kg-5294576
2733104,Coles Party 30 Pack | 1.25kg,$12.00,https://www.coles.com.au/product/coles-party-30-pack-1.25kg-2733104
3236976,Steggles Frozen Tempura Chicken Breast Pops | 1kg,$13.70,https://www.coles.com.au/product/steggles-frozen-tempura-chicken-breast-pops-1kg-3236976
208894,Coles Frozen Brussels Sprouts | 500g,$3.00,https://www.coles.com.au/product/coles-frozen-brussels-sprouts-500g-208894
2426138,Coles Cookies & Cream Ice Cream Sandwich 4 Pack | 440 ml,$3.20,https://www.coles.com.au/product/coles-cookies-and-cream-ice-cream-sandwich-4-pack-440-ml-2426138
5116680,Mrs Mac's Microwaveable Beef & Cheese Pie | 175g,$3.20,https://www.coles.com.au/product/mrs-mac's-microwaveable-beef-and-cheese-pie-175g-5116680
186430,Birds Eye Snap Frozen Sliced Green Beans | 500g,$3.40,https://www.coles.com.au/product/birds-eye-snap-frozen-sliced-green-beans-500g-186430
186383,Birds Eye Snap Frozen Garden Peas | 500g,$3.50,https://www.coles.com.au/product/birds-eye-snap-frozen-garden-peas-500g-186383
5766020,McCain Pub Style Fries | 750g,$4.80,https://www.coles.com.au/product/mccain-pub-style-fries-750g-5766020
3615635,KB Salt & Pepper Squid | 360g,$5.25,https://www.coles.com.au/product/kb-salt-and-pepper-squid-360g-3615635
5164388,Creative Gourmet Frozen Raspberries | 300g,$5.65,https://www.coles.com.au/product/creative-gourmet-frozen-raspberries-300g-5164388
3542713,Drumstick Ice Cream Mini Boysenberry 6Pack | 490mL,$6.50,https://www.coles.com.au/product/drumstick-ice-cream-mini-boysenberry-6pack-490ml-3542713
3626370,Peters Oreo Ice Cream Tub | 1.2L,$10.00,https://www.coles.com.au/product/peters-oreo-ice-cream-tub-1.2l-3626370
5778120,Crops Frozen Berry Mix | 1kg,$10.00,https://www.coles.com.au/product/crops-frozen-berry-mix-1kg-5778120
7806748,Ben & Jerry's Phish Food Ice Cream Tub | 458mL,$14.50,https://www.coles.com.au/product/ben-and-jerry's-phish-food-ice-cream-tub-458ml-7806748
2270276,Coles Carrots Batons | 500g,$2.90,https://www.coles.com.au/product/coles-carrots-batons-500g-2270276
311973,Marathon Frozen Spring Rolls 4 pack  | 640g,$5.00,https://www.coles.com.au/product/marathon-frozen-spring-rolls-4-pack-640g-311973
4314995,Inghams Crumbed Nuggets | 400g,$5.50,https://www.coles.com.au/product/inghams-crumbed-nuggets-400g-4314995
167902,McCain Red Box Plated Roast Lamb  | 320g,$6.00,https://www.coles.com.au/product/mccain-red-box-plated-roast-lamb-320g-167902
198393,Zooper Dooper 8 Cosmic Flavours Water Ice 70mL Tubes | 24 pack,$6.50,https://www.coles.com.au/product/zooper-dooper-8-cosmic-flavours-water-ice-70ml-tubes-24-pack-198393
8554130,Coles Irrisistible Rum & Raisin Ice Cream Tub | 1L,$6.50,https://www.coles.com.au/product/coles-irrisistible-rum-and-raisin-ice-cream-tub-1l-8554130
9979394,Snickers Creamy Ice Bar 6 Pack | 300mL,$6.50,https://www.coles.com.au/product/snickers-creamy-ice-bar-6-pack-300ml-9979394
3785792,Poulings Sliced Beef | 290g,$7.50,https://www.coles.com.au/product/poulings-sliced-beef-290g-3785792
4675530,Pacific West Frozen Cocktail Spring Rolls | 1kg,$7.50,https://www.coles.com.au/product/pacific-west-frozen-cocktail-spring-rolls-1kg-4675530
3412489,McCain Frozen Mashed Potato | 1kg,$7.70,https://www.coles.com.au/product/mccain-frozen-mashed-potato-1kg-3412489
3405734,Peters Gluten Free Frosty Fruits Watermelon Sl ... 520mL,$8.00,https://www.coles.com.au/product/peters-gluten-free-frosty-fruits-watermelon-slice-ice-cream-stick-8-pack-520ml-3405734
403765,McCain Frozen Ham & Pineapple Family Pizza | 500g,$8.50,https://www.coles.com.au/product/mccain-frozen-ham-and-pineapple-family-pizza-500g-403765
9289160,McCain Family Margherita Frozen Pizza | 500g,$8.50,https://www.coles.com.au/product/mccain-family-margherita-frozen-pizza-500g-9289160
5487842,Bulla Creamy Classics Neapolitan Cone 4 Pack | 520mL,$9.00,https://www.coles.com.au/product/bulla-creamy-classics-neapolitan-cone-4-pack-520ml-5487842
6143667,Connoisseur Ice Cream Peanut Butter | 1L,$9.00,https://www.coles.com.au/product/connoisseur-ice-cream-peanut-butter-1l-6143667
9861736,McCain Frozen Ultra Thin Crust Angus Beef Pizza | 320g,$9.00,https://www.coles.com.au/product/mccain-frozen-ultra-thin-crust-angus-beef-pizza-320g-9861736
5746849,Coles Chicken Breast Dino Nuggets | 1kg,$10.00,https://www.coles.com.au/product/coles-chicken-breast-dino-nuggets-1kg-5746849
9727788,Coles Snap Frozen Peas & Corn | 500g,$3.00,https://www.coles.com.au/product/coles-snap-frozen-peas-and-corn-500g-9727788
2742364,On The Menu Frozen Pappardelle Ragu | 260g,$4.50,https://www.coles.com.au/product/on-the-menu-frozen-pappardelle-ragu-260g-2742364
7144734,Herbert Adams Frozen Chicken & Leek Pie 2 pack | 420g,$5.40,https://www.coles.com.au/product/herbert-adams-frozen-chicken-and-leek-pie-2-pack-420g-7144734
1517839,Coles Chicken & Vegetable Pie 4 pack | 700g,$5.60,https://www.coles.com.au/product/coles-chicken-and-vegetable-pie-4-pack-700g-1517839
3581544,Weight Watchers Snap Frozen Mushroom & Pumpkin Risotto | 320g,$6.50,https://www.coles.com.au/product/weight-watchers-snap-frozen-mushroom-and-pumpkin-risotto-320g-3581544
3840610,Streets Paddle Pop Rainbow | 544mL,$7.00,https://www.coles.com.au/product/streets-paddle-pop-rainbow-544ml-3840610
372606,Peters Frosty Fruits Tropical 8 pack | 600mL,$8.00,https://www.coles.com.au/product/peters-frosty-fruits-tropical-8-pack-600ml-372606
7213575,Peters Life Savers Ice Cream 8 pack | 530mL,$8.00,https://www.coles.com.au/product/peters-life-savers-ice-cream-8-pack-530ml-7213575
7010250,McCain Frozen BBQ Meatlovers Family Pizza | 500g,$8.50,https://www.coles.com.au/product/mccain-frozen-bbq-meatlovers-family-pizza-500g-7010250
3880512,Peters Lactose Free Ice Cream | 1.2L,$9.00,https://www.coles.com.au/product/peters-lactose-free-ice-cream-1.2l-3880512
5077986,Golden Wok Frozen Chicken Mini Dim Sim | 660g,$12.00,https://www.coles.com.au/product/golden-wok-frozen-chicken-mini-dim-sim-660g-5077986
9319715,Borg's Triangles Feta | 360g,$4.00,https://www.coles.com.au/product/borg's-triangles-feta-360g-9319715
3311903,Creative Gourmet Frozen Lychees | 300g,$5.65,https://www.coles.com.au/product/creative-gourmet-frozen-lychees-300g-3311903
2719963,Steggles Frozen Southern Style Chicken Breast Tenders  | 400g,$6.00,https://www.coles.com.au/product/steggles-frozen-southern-style-chicken-breast-tenders-400g-2719963
1777159,Birds Eye Snap Frozen Baby Beans- Carrot & Corn | 1 kg,$6.50,https://www.coles.com.au/product/birds-eye-snap-frozen-baby-beans-carrot-and-corn-1-kg-1777159
5072790,Birds Eye Snap Frozen Vegetables Peas Corn | 1 kg,$6.50,https://www.coles.com.au/product/birds-eye-snap-frozen-vegetables-peas-corn-1-kg-5072790
7695272,Coles Honey Caramel & Macadamia Ice Cream Tub | 1L,$6.50,https://www.coles.com.au/product/coles-honey-caramel-and-macadamia-ice-cream-tub-1l-7695272
3252804,Streets Blue Ribbon Neapolitan Ice Cream Tub | 2L,$7.00,https://www.coles.com.au/product/streets-blue-ribbon-neapolitan-ice-cream-tub-2l-3252804
3534001,Core Power Foods Smokey Mountain Meatballs | 350g,$7.00,https://www.coles.com.au/product/core-power-foods-smokey-mountain-meatballs-350g-3534001
3989872,Core Powerfoods Beef Taco Bowl | 350g,$7.00,https://www.coles.com.au/product/core-powerfoods-beef-taco-bowl-350g-3989872
3962377,Streets Magnum Luxe Caramel Ego Ice Cream 4 Pack | 388mL,$7.50,https://www.coles.com.au/product/streets-magnum-luxe-caramel-ego-ice-cream-4-pack-388ml-3962377
3573105,Creative Gourmet Frozen Mixed Berries | 750g,$8.00,https://www.coles.com.au/product/creative-gourmet-frozen-mixed-berries-750g-3573105
4506114,On The Menu Chicken Parma With Cheesy Chips & Veg | 480g,$8.00,https://www.coles.com.au/product/on-the-menu-chicken-parma-with-cheesy-chips-and-veg-480g-4506114
4843577,Bulla Creamy Classics Ice Cream Chocolate Hazelnut Spread Limited ... 2L,$10.00,https://www.coles.com.au/product/bulla-creamy-classics-ice-cream-chocolate-hazelnut-spread-limited-edition-2l-4843577
5050130,Sara Lee Classic French Vanilla Ice Cream | 1L,$12.00,https://www.coles.com.au/product/sara-lee-classic-french-vanilla-ice-cream-1l-5050130
8624032,Colgate Sensitive Pro Relief Multiprotection Toothpaste | 110g,$11.00,https://www.coles.com.au/product/colgate-sensitive-pro-relief-multiprotection-toothpaste-110g-8624032
2815151,KB Frozen Vegetable Gyoza | 750g,$17.00,https://www.coles.com.au/product/kb-frozen-vegetable-gyoza-750g-2815151
4477377,Peters Original Ice Cream Twin Pole Vanilla Chocolate 8 Pa ... 592mL,$4.00,https://www.coles.com.au/product/peters-original-ice-cream-twin-pole-vanilla-chocolate-8-pack-592ml-4477377
1168886,On The Menu Frozen Spaghetti & Meatballs Meal | 260g,$4.50,https://www.coles.com.au/product/on-the-menu-frozen-spaghetti-and-meatballs-meal-260g-1168886
3616478,KB Tempura Prawns | 300g,$5.25,https://www.coles.com.au/product/kb-tempura-prawns-300g-3616478
3818472,Coles Jalapeno Cakes | 250g,$5.50,https://www.coles.com.au/product/coles-jalapeno-cakes-250g-3818472
5553685,McCain Red Box Tray Fettucine Carbonara  | 375g,$5.60,https://www.coles.com.au/product/mccain-red-box-tray-fettucine-carbonara-375g-5553685
5428264,Coles Frozen Chicken Breast Kiev 2 Pack | 350g,$6.00,https://www.coles.com.au/product/coles-frozen-chicken-breast-kiev-2-pack-350g-5428264
5197274,Drumstick Ice Cream Super Choc 4Pack | 475mL,$6.50,https://www.coles.com.au/product/drumstick-ice-cream-super-choc-4pack-475ml-5197274
9992122,Mars Chocolate Smooth Creamy Ice Bar 6 Pack | 295mL,$6.50,https://www.coles.com.au/product/mars-chocolate-smooth-creamy-ice-bar-6-pack-295ml-9992122
208216,Coles Neapolitan Ice Cream Tub | 4L,$7.00,https://www.coles.com.au/product/coles-neapolitan-ice-cream-tub-4l-208216
7961729,Balfours Frozen Premium Potato Pie 2 pack | 440g,$7.50,https://www.coles.com.au/product/balfours-frozen-premium-potato-pie-2-pack-440g-7961729
4655475,McCain Family Pizza Pepperoni | 490g,$8.50,https://www.coles.com.au/product/mccain-family-pizza-pepperoni-490g-4655475
6868080,Patties Frozen Party Sausage Rolls 12 pack | 450g,$9.50,https://www.coles.com.au/product/patties-frozen-party-sausage-rolls-12-pack-450g-6868080
3884921,Bulla Creamy Classic Neapolitan Ice Cream | 2L,$10.00,https://www.coles.com.au/product/bulla-creamy-classic-neapolitan-ice-cream-2l-3884921
3123459,Magnum Ice Cream Mini Dulce De Leche 6Pack | 360mL,$10.50,https://www.coles.com.au/product/magnum-ice-cream-mini-dulce-de-leche-6pack-360ml-3123459
4315557,Family Fave's Sweet Chilli Chicken Tenders | 1kg,$10.75,https://www.coles.com.au/product/family-fave's-sweet-chilli-chicken-tenders-1kg-4315557
3842819,Grandma's Golden Wok Vegetable Gyoza | 800g,$19.80,https://www.coles.com.au/product/grandma's-golden-wok-vegetable-gyoza-800g-3842819
5613663,Coles Frozen Beef Lasagne Pasta | 400g,$3.00,https://www.coles.com.au/product/coles-frozen-beef-lasagne-pasta-400g-5613663
3640905,Vadilal Shredded Coconut | 312g,$3.40,https://www.coles.com.au/product/vadilal-shredded-coconut-312g-3640905
3890538,Coles Lemon Curd Cheesecake | 450g,$4.30,https://www.coles.com.au/product/coles-lemon-curd-cheesecake-450g-3890538
1167872,On The Menu Frozen Cheese Macaroni | 260g,$4.50,https://www.coles.com.au/product/on-the-menu-frozen-cheese-macaroni-260g-1167872
2315250,On The Menu Cottage Pie | 260g,$4.50,https://www.coles.com.au/product/on-the-menu-cottage-pie-260g-2315250
2632184,Coles BBQ Meatlovers Pizza | 500g,$5.00,https://www.coles.com.au/product/coles-bbq-meatlovers-pizza-500g-2632184
5300646,King Of Kings Peking Duck Pastry | 130g,$5.00,https://www.coles.com.au/product/king-of-kings-peking-duck-pastry-130g-5300646
2750056,Coles I M Free From Chicken Nuggets | 400g,$6.00,https://www.coles.com.au/product/coles-i-m-free-from-chicken-nuggets-400g-2750056
7207051,Peters Light And Creamy Ice Cream Choc Caramel | 1.8L,$6.50,https://www.coles.com.au/product/peters-light-and-creamy-ice-cream-choc-caramel-1.8l-7207051
2414671,On The Menu Frozen Chicken Kiev | 320g,$7.00,https://www.coles.com.au/product/on-the-menu-frozen-chicken-kiev-320g-2414671
5892283,Bulla Splits Raspberry Ice Cream Sticks 10 pack | 750mL,$8.00,https://www.coles.com.au/product/bulla-splits-raspberry-ice-cream-sticks-10-pack-750ml-5892283
5892308,Bulla Splits Multi Flavoured Ice Cream Sticks 10 pack | 750mL,$8.00,https://www.coles.com.au/product/bulla-splits-multi-flavoured-ice-cream-sticks-10-pack-750ml-5892308
1909588,Farm Pride Frozen Egg Whites | 950mL,$10.50,https://www.coles.com.au/product/farm-pride-frozen-egg-whites-950ml-1909588
292937,Birds Eye Frozen Fish Fingers 40 Pieces | 1kg,$10.50,https://www.coles.com.au/product/birds-eye-frozen-fish-fingers-40-pieces-1kg-292937
3251233,Connoisseur Ice Cream Vanilla Caramel Brownie | 1L,$12.00,https://www.coles.com.au/product/connoisseur-ice-cream-vanilla-caramel-brownie-1l-3251233
5621210,The Fishery Banana Prawn Meat | 200g,$12.00,https://www.coles.com.au/product/the-fishery-banana-prawn-meat-200g-5621210
226783,Birds Eye Snap Frozen Sliced Green Beans | 1kg,$5.00,https://www.coles.com.au/product/birds-eye-snap-frozen-sliced-green-beans-1kg-226783
4845380,Bulla Creamy Classics Ice Cream Neapolitan Stick 4 pack | 360mL,$5.20,https://www.coles.com.au/product/bulla-creamy-classics-ice-cream-neapolitan-stick-4-pack-360ml-4845380
4237770,Herbert Adams Cheese & Spinach Rolls | 380g,$5.30,https://www.coles.com.au/product/herbert-adams-cheese-and-spinach-rolls-380g-4237770
5146896,Birds Eye Frozen Crunchy Crumb Fish Cakes 6 pack | 300g,$5.50,https://www.coles.com.au/product/birds-eye-frozen-crunchy-crumb-fish-cakes-6-pack-300g-5146896
356950,McCain Red Box Plated Chicken Roast  | 320g,$6.00,https://www.coles.com.au/product/mccain-red-box-plated-chicken-roast-320g-356950
2426262,Coles Irresistible Ice Cream Salted Caramel | 1L,$6.50,https://www.coles.com.au/product/coles-irresistible-ice-cream-salted-caramel-1l-2426262
8071046,Weight Watchers Frozen Chicken & Mushroom Fettuccine | 300g,$6.50,https://www.coles.com.au/product/weight-watchers-frozen-chicken-and-mushroom-fettuccine-300g-8071046
3867183,Lean Cuisine Thai Red Chicken Curry | 375g,$7.00,https://www.coles.com.au/product/lean-cuisine-thai-red-chicken-curry-375g-3867183
5494870,Twisted Healthy Treats Tiny Tubs Choc Mint/Caramel ... 480mL,$8.50,https://www.coles.com.au/product/twisted-healthy-treats-tiny-tubs-choc-mintcaramel-white-choc-4-pack-480ml-5494870
5497019,Gelatissimo Gelato Italian Hazelnut | 473mL,$10.00,https://www.coles.com.au/product/gelatissimo-gelato-italian-hazelnut-473ml-5497019
7984611,Temptation Frozen Petite Quiches Variety 30 Pack | 500g,$10.00,https://www.coles.com.au/product/temptation-frozen-petite-quiches-variety-30-pack-500g-7984611
6448212,Why Meat Mini Potato Cake Original | 750g,$11.50,https://www.coles.com.au/product/why-meat-mini-potato-cake-original-750g-6448212
6143780,Cadbury Dairy Milk Ice Cream Vanilla | 460mL,$12.00,https://www.coles.com.au/product/cadbury-dairy-milk-ice-cream-vanilla-460ml-6143780
5488404,Ben & Jerrys Topped PB Overtop | 436mL,$14.50,https://www.coles.com.au/product/ben-and-jerrys-topped-pb-overtop-436ml-5488404
4285194,Kb's Whiting Bites Battered | 1kg,$27.50,https://www.coles.com.au/product/kb's-whiting-bites-battered-1kg-4285194
3606168,Vadilal Bhindi Whole | 312g,$2.40,https://www.coles.com.au/product/vadilal-bhindi-whole-312g-3606168
5826992,Coles Frozen Shortcrust Pastry 5 pack | 1kg,$2.95,https://www.coles.com.au/product/coles-frozen-shortcrust-pastry-5-pack-1kg-5826992
1777148,Birds Eye Snap Frozen Broad Beans | 500g,$4.00,https://www.coles.com.au/product/birds-eye-snap-frozen-broad-beans-500g-1777148
1777160,Birds Eye Snap Frozen Carrot Cauliflower Broccoli & Bean | 500g,$4.00,https://www.coles.com.au/product/birds-eye-snap-frozen-carrot-cauliflower-broccoli-and-bean-500g-1777160
3218169,Coles Veg Pad Thai | 375g,$4.00,https://www.coles.com.au/product/coles-veg-pad-thai-375g-3218169
6388256,Coles RSPCA Approved Thai Green Chicken Curry with Long ... 375g,$4.00,https://www.coles.com.au/product/coles-rspca-approved-thai-green-chicken-curry-with-long-grain-rice-375g-6388256
4732237,McCain Frozen Healthy Choice Spinach & Ricotta Ravioli | 390g,$5.00,https://www.coles.com.au/product/mccain-frozen-healthy-choice-spinach-and-ricotta-ravioli-390g-4732237
8057001,McCain Frozen Healthy Choice Chinese Chicken With Cashews | 280g,$5.00,https://www.coles.com.au/product/mccain-frozen-healthy-choice-chinese-chicken-with-cashews-280g-8057001
3171553,Herbert Adams Slow Cooked Beef Pie Shiraz With Cracked Pe ... 400g,$5.40,https://www.coles.com.au/product/herbert-adams-slow-cooked-beef-pie-shiraz-with-cracked-pepper-400g-3171553
3059928,Creative Gourmet Frozen Coconut Chunks | 300g,$5.65,https://www.coles.com.au/product/creative-gourmet-frozen-coconut-chunks-300g-3059928
6609366,Steggles Chicken Salted Chicken Chips | 400g,$6.00,https://www.coles.com.au/product/steggles-chicken-salted-chicken-chips-400g-6609366
5188353,McCain Lil Pizzas Ham & Cheese 4 Pack | 400g,$7.80,https://www.coles.com.au/product/mccain-lil-pizzas-ham-and-cheese-4-pack-400g-5188353
5446200,McCain Lil Pizzas Ham & Pineapple 4 Pack | 400g,$7.80,https://www.coles.com.au/product/mccain-lil-pizzas-ham-and-pineapple-4-pack-400g-5446200
3880487,Peters No Sugar Added Ice Cream | 1.2L,$8.00,https://www.coles.com.au/product/peters-no-sugar-added-ice-cream-1.2l-3880487
5522422,Four'N Twenty Frozen Chicken & Vegetable Pies 4 pack | 700g,$8.50,https://www.coles.com.au/product/four'n-twenty-frozen-chicken-and-vegetable-pies-4-pack-700g-5522422
5033357,Dr Oetker Ristorante Vegetale Pizza | 385g,$9.00,https://www.coles.com.au/product/dr-oetker-ristorante-vegetale-pizza-385g-5033357
4315003,Inghams Chicken Breast Schnitzel | 400g,$10.65,https://www.coles.com.au/product/inghams-chicken-breast-schnitzel-400g-4315003
2442735,Connoisseur Ice Cream Derwent Valley Raspberry & White Choc ... 1L,$12.00,https://www.coles.com.au/product/connoisseur-ice-cream-derwent-valley-raspberry-and-white-choc-1l-2442735
6391487,Mainstream Tropical North Queensland Barramundi Port ... 260g,$14.00,https://www.coles.com.au/product/mainstream-tropical-north-queensland-barramundi-portions-260g-6391487
4406007,KB Gyoza Pork | 750g,$17.00,https://www.coles.com.au/product/kb-gyoza-pork-750g-4406007
4285172,KB's Whiting Bites Southern Style Batter | 1kg,$27.50,https://www.coles.com.au/product/kb's-whiting-bites-southern-style-batter-1kg-4285172
2313346,Annabel Karmel Meals Cottage Pie | 200g,$3.90,https://www.coles.com.au/product/annabel-karmel-meals-cottage-pie-200g-2313346
6125869,Sara Lee Frozen Chocolate Bavarian Cheesecake | 375g,$4.25,https://www.coles.com.au/product/sara-lee-frozen-chocolate-bavarian-cheesecake-375g-6125869
5294510,Coles Chicken Chippies | 400g,$4.40,https://www.coles.com.au/product/coles-chicken-chippies-400g-5294510
4204308,Birds Eye Carrot- Cauli & Broccoli Veggie Rice | 500g,$4.95,https://www.coles.com.au/product/birds-eye-carrot-cauli-and-broccoli-veggie-rice-500g-4204308
4483562,Bulla Creamy Classic Ice Cream Sticks Vanilla 4 Pack | 360mL,$5.20,https://www.coles.com.au/product/bulla-creamy-classic-ice-cream-sticks-vanilla-4-pack-360ml-4483562
4972387,Pampas Frozen Shortcrust Pastry Sheets 5 pack | 1kg,$5.20,https://www.coles.com.au/product/pampas-frozen-shortcrust-pastry-sheets-5-pack-1kg-4972387
3311029,Coles Mini Chicken Kiev | 320g,$5.50,https://www.coles.com.au/product/coles-mini-chicken-kiev-320g-3311029
6522552,McCain Red Box Tray Tuna Mornay  | 400g,$5.60,https://www.coles.com.au/product/mccain-red-box-tray-tuna-mornay-400g-6522552
6050828,Ingham's Chicken Chippies | 400g,$5.80,https://www.coles.com.au/product/ingham's-chicken-chippies-400g-6050828
4525844,Birds Eye Snap Frozen Vegetables Carrot Cauliflower & Broccoli | ... 1 kg,$6.50,https://www.coles.com.au/product/birds-eye-snap-frozen-vegetables-carrot-cauliflower-and-broccoli-1-kg-4525844
9091377,Drumstick Ice Cream Caramel 4Pack | 475mL,$6.50,https://www.coles.com.au/product/drumstick-ice-cream-caramel-4pack-475ml-9091377
1744411,Streets Blue Ribbon Cookies & Cream Ice cream tub | 2L,$7.00,https://www.coles.com.au/product/streets-blue-ribbon-cookies-and-cream-ice-cream-tub-2l-1744411
2976172,Streets Blue Ribbon Classic Chocolate Ice Cream Tub | 2L,$7.00,https://www.coles.com.au/product/streets-blue-ribbon-classic-chocolate-ice-cream-tub-2l-2976172
8151892,On The Menu Frozen Chicken Parmigiana | 320g,$7.00,https://www.coles.com.au/product/on-the-menu-frozen-chicken-parmigiana-320g-8151892
2137800,McCain Frozen Sweet Potato Chips | 750g,$7.70,https://www.coles.com.au/product/mccain-frozen-sweet-potato-chips-750g-2137800
3916675,Coles Perform Portuguese Style Chicken | 330g,$9.00,https://www.coles.com.au/product/coles-perform-portuguese-style-chicken-330g-3916675
9368743,Streets Paddle Pop Cyclone Ice Cream Sticks 8 pack | 688mL,$9.00,https://www.coles.com.au/product/streets-paddle-pop-cyclone-ice-cream-sticks-8-pack-688ml-9368743
5792890,Yo Chi Frozen Chocolate Yoghurt | 500mL,$9.50,https://www.coles.com.au/product/yo-chi-frozen-chocolate-yoghurt-500ml-5792890
5496989,Gelatissimo Gelato Cheesecake Swirl Tub | 473mL,$10.00,https://www.coles.com.au/product/gelatissimo-gelato-cheesecake-swirl-tub-473ml-5496989
6390510,KB's Seafood Thawed Barramundi Portions | 260g,$10.00,https://www.coles.com.au/product/kb's-seafood-thawed-barramundi-portions-260g-6390510
1892135,Connoisseur Ice Cream Murray River Salted Caramel & Hazelnut | 1L,$12.00,https://www.coles.com.au/product/connoisseur-ice-cream-murray-river-salted-caramel-and-hazelnut-1l-1892135
2750395,Connoisseur Ice Cream Chocolate Brownie Custard  | 1L,$12.00,https://www.coles.com.au/product/connoisseur-ice-cream-chocolate-brownie-custard-1l-2750395
2821960,Annabel Karmel Meals Mac Cheese | 200g,$3.90,https://www.coles.com.au/product/annabel-karmel-meals-mac-cheese-200g-2821960
300729,Birds Eye Snap Frozen Baby Beans | 500g,$4.00,https://www.coles.com.au/product/birds-eye-snap-frozen-baby-beans-500g-300729
5091502,Birds Eye Snap Frozen Vegetable Peas Corn | 500g,$4.00,https://www.coles.com.au/product/birds-eye-snap-frozen-vegetable-peas-corn-500g-5091502
1777261,Birds Eye Frozen Steam Fresh Peas Beans Corn & Broccoli Mix 3 pa ... 450g,$4.50,https://www.coles.com.au/product/birds-eye-frozen-steam-fresh-peas-beans-corn-and-broccoli-mix-3-pack-450g-1777261
3473166,Herbert Adams Slow Cooked King Island Beef & Camembert | 400g,$5.40,https://www.coles.com.au/product/herbert-adams-slow-cooked-king-island-beef-and-camembert-400g-3473166
3581533,Weight Watchers Beef Bolognese | 320g,$6.50,https://www.coles.com.au/product/weight-watchers-beef-bolognese-320g-3581533
5006762,Weight Watchers Frozen Creamy Tuna Bake Meal | 320g,$6.50,https://www.coles.com.au/product/weight-watchers-frozen-creamy-tuna-bake-meal-320g-5006762
5075084,Birds Eye Snap Frozen Mixed Vegetables | 1 kg,$6.50,https://www.coles.com.au/product/birds-eye-snap-frozen-mixed-vegetables-1-kg-5075084
6143736,Peters Maxibon Ice Cream Monster Cookie 4 pack | 560mL,$6.50,https://www.coles.com.au/product/peters-maxibon-ice-cream-monster-cookie-4-pack-560ml-6143736
3519802,Coles I'M Free From Garlic Bread | 400g,$7.00,https://www.coles.com.au/product/coles-i'm-free-from-garlic-bread-400g-3519802
3866522,Lean Cuisine Sundried Tomato & Chicken | 375g,$7.00,https://www.coles.com.au/product/lean-cuisine-sundried-tomato-and-chicken-375g-3866522
8934980,On The Menu Frozen BBQ Mixed Grill | 320g,$7.00,https://www.coles.com.au/product/on-the-menu-frozen-bbq-mixed-grill-320g-8934980
2944846,Super Nature Frozen Super Green Chickpea Curry with Quinoa  and ... 350g,$7.50,https://www.coles.com.au/product/super-nature-frozen-super-green-chickpea-curry-with-quinoa-and-brown-rice-wellness-bowl-350g-2944846
3240226,Super Nature Frozen Sri Lankan Root Vegetable And Ancient Grain Curry ... 350g,$7.50,https://www.coles.com.au/product/super-nature-frozen-sri-lankan-root-vegetable-and-ancient-grain-curry-with-cauliflower-and-brown-rice-mix-wellness-bowl-350g-3240226
4506147,On The Menu Smoke BBQ Meatballs With Spicy Rice | 480g,$8.00,https://www.coles.com.au/product/on-the-menu-smoke-bbq-meatballs-with-spicy-rice-480g-4506147
4541272,Four'N Twenty Frozen Beef & Cheese Pies 4 pack | 700g,$8.50,https://www.coles.com.au/product/four'n-twenty-frozen-beef-and-cheese-pies-4-pack-700g-4541272
8693170,Herbert Adams Premium Gourmet King Island Beef Party Pies 12 ... 420g,$9.50,https://www.coles.com.au/product/herbert-adams-premium-gourmet-king-island-beef-party-pies-12-pack-420g-8693170
6390542,KB's Seafood Marinated Basa Fillet | 260g,$10.00,https://www.coles.com.au/product/kb's-seafood-marinated-basa-fillet-260g-6390542
4315546,Family Fave's Crumbed Chicken Tenders | 1kg,$10.75,https://www.coles.com.au/product/family-fave's-crumbed-chicken-tenders-1kg-4315546
4322723,Coles Mozzarella Cheese Bites | 700g,$11.50,https://www.coles.com.au/product/coles-mozzarella-cheese-bites-700g-4322723
2982357,Connoisseur Ice Cream Mint & Cookies | 1L,$12.00,https://www.coles.com.au/product/connoisseur-ice-cream-mint-and-cookies-1l-2982357
5991525,Fropro Protein Buffalo Chicken Pizza | 325g,$12.00,https://www.coles.com.au/product/fropro-protein-buffalo-chicken-pizza-325g-5991525
7105051,Peters Drumstick Classic Vanilla Ice Cream Cone 16 pack | 1.9L,$20.00,https://www.coles.com.au/product/peters-drumstick-classic-vanilla-ice-cream-cone-16-pack-1.9l-7105051
9994398,Dr.Oetker Papa Giuseppi's Panini Tomato & Cheese | 250g,$3.00,https://www.coles.com.au/product/dr.oetker-papa-giuseppi's-panini-tomato-and-cheese-250g-9994398
3394682,Coles Frozen Pomegranate Arils | 250g,$4.00,https://www.coles.com.au/product/coles-frozen-pomegranate-arils-250g-3394682
4408159,Coles Frozen Fish Fillets Beer Battered | 425g,$4.40,https://www.coles.com.au/product/coles-frozen-fish-fillets-beer-battered-425g-4408159
1535105,On The Menu Frozen Cheese Burger | 161g,$4.50,https://www.coles.com.au/product/on-the-menu-frozen-cheese-burger-161g-1535105
6879134,Birds Eye Frozen Malaysian Vegetables Stir Fry | 500g,$4.50,https://www.coles.com.au/product/birds-eye-frozen-malaysian-vegetables-stir-fry-500g-6879134
3314162,Birds Eye Frozen Cauliflower Rice | 500g,$4.95,https://www.coles.com.au/product/birds-eye-frozen-cauliflower-rice-500g-3314162
6557841,McCain Frozen Healthy Choice Lemon Chicken | 350g,$5.00,https://www.coles.com.au/product/mccain-frozen-healthy-choice-lemon-chicken-350g-6557841
2257799,Birds Eye Frozen Steam Fresh Baby Potatoes With Broccoli Car ... 400g,$5.20,https://www.coles.com.au/product/birds-eye-frozen-steam-fresh-baby-potatoes-with-broccoli-carrots-peas-and-herbs-2-pack-400g-2257799
1888320,Herbert Adams Frozen Gourmet Chunky Sous Vide Beef In Rich Gravy ... 400g,$5.40,https://www.coles.com.au/product/herbert-adams-frozen-gourmet-chunky-sous-vide-beef-in-rich-gravy-pies-2-pack-400g-1888320
4253471,Filosophy Filo Pie Feta And Leek | 550g,$5.40,https://www.coles.com.au/product/filosophy-filo-pie-feta-and-leek-550g-4253471
9110358,Birds Eye Frozen Supreme Mixed Vegetables Stir F ... 850g,$5.50,https://www.coles.com.au/product/birds-eye-frozen-supreme-mixed-vegetables-stir-fry-850g-9110358
3311506,Golden Wok Frozen Diana Chan's Korean Beef Dumplings | 230g,$6.00,https://www.coles.com.au/product/golden-wok-frozen-diana-chan's-korean-beef-dumplings-230g-3311506
3581522,Weight Watchers Chilli Con Carne | 330g,$6.50,https://www.coles.com.au/product/weight-watchers-chilli-con-carne-330g-3581522
4327363,Birds Eye Plant Based Mince | 300g,$7.30,https://www.coles.com.au/product/birds-eye-plant-based-mince-300g-4327363
4505982,Birds Eye Whiting Fish Finger | 350g,$7.50,https://www.coles.com.au/product/birds-eye-whiting-fish-finger-350g-4505982
6432926,The Fishery Smooth Dory Fillets | 200g,$7.50,https://www.coles.com.au/product/the-fishery-smooth-dory-fillets-200g-6432926
4654280,McCain Lil Pizza Cheesy Margherita | 380g,$7.80,https://www.coles.com.au/product/mccain-lil-pizza-cheesy-margherita-380g-4654280
4457201,Bulla Choc Fudge Ice Cream 8Pack | 600mL,$8.00,https://www.coles.com.au/product/bulla-choc-fudge-ice-cream-8pack-600ml-4457201
6956450,Borg's Spinach Pastizzi Value Pack | 1kg,$8.00,https://www.coles.com.au/product/borg's-spinach-pastizzi-value-pack-1kg-6956450
251124,McCain Frozen Supreme Family Pizza | 500g,$8.50,https://www.coles.com.au/product/mccain-frozen-supreme-family-pizza-500g-251124
2900636,Herbert Adams Frozen King Island Frozen Beef Sausage Rolls 12 pack | ... 420g,$8.50,https://www.coles.com.au/product/herbert-adams-frozen-king-island-frozen-beef-sausage-rolls-12-pack-420g-2900636
3855592,Coles Frozen Organic Bluberries | 450g,$8.80,https://www.coles.com.au/product/coles-frozen-organic-bluberries-450g-3855592
5018626,Oreo Ice Cream Sandwich 4 Pack | 540mL,$9.50,https://www.coles.com.au/product/oreo-ice-cream-sandwich-4-pack-540ml-5018626
5482973,Streets Golden Gaytime Plant Based 4 pack | 400mL,$10.00,https://www.coles.com.au/product/streets-golden-gaytime-plant-based-4-pack-400ml-5482973
4314871,Coles Spinach And Cheese Spanakopita | 800g,$11.60,https://www.coles.com.au/product/coles-spinach-and-cheese-spanakopita-800g-4314871
6143791,Cadbury Dairy Milk Ice Cream Caramello | 460mL,$12.00,https://www.coles.com.au/product/cadbury-dairy-milk-ice-cream-caramello-460ml-6143791
2313244,Annabel Karmel Meals Bolognaise Pasta Bake | 200g,$3.90,https://www.coles.com.au/product/annabel-karmel-meals-bolognaise-pasta-bake-200g-2313244
3218136,Coles Mi Goreng | 375g,$4.00,https://www.coles.com.au/product/coles-mi-goreng-375g-3218136
3783662,Ashoka Tandoori Naan Garlic | 340g,$4.50,https://www.coles.com.au/product/ashoka-tandoori-naan-garlic-340g-3783662
3928754,Oz Group Australian Frozen Blueberries | 250g,$5.00,https://www.coles.com.au/product/oz-group-australian-frozen-blueberries-250g-3928754
4314984,Inghams Tempura Nuggets | 400g,$5.50,https://www.coles.com.au/product/inghams-tempura-nuggets-400g-4314984
3866635,Lean Cuisine Spaghetti Bolognese | 280g,$5.60,https://www.coles.com.au/product/lean-cuisine-spaghetti-bolognese-280g-3866635
3785770,Tu Bao Zi Flaky Scallion Pancake | 480g,$5.80,https://www.coles.com.au/product/tu-bao-zi-flaky-scallion-pancake-480g-3785770
2719974,Steggles Frozen Hot & Spicy Chicken Breast Tenders | 400g,$6.00,https://www.coles.com.au/product/steggles-frozen-hot-and-spicy-chicken-breast-tenders-400g-2719974
3150484,McCain Red Box Plated Herb & Parmesan Chicken Schnitzel | 310g,$6.00,https://www.coles.com.au/product/mccain-red-box-plated-herb-and-parmesan-chicken-schnitzel-310g-3150484
1304770,Coles Frozen Fruit Blackberries | 500g,$6.20,https://www.coles.com.au/product/coles-frozen-fruit-blackberries-500g-1304770
186918,Birds Eye Frozen Fish Fingers 15 Pieces | 375g,$6.20,https://www.coles.com.au/product/birds-eye-frozen-fish-fingers-15-pieces-375g-186918
2743254,Birds Eye Snap Frozen Winter Vegetables | 1 kg,$6.50,https://www.coles.com.au/product/birds-eye-snap-frozen-winter-vegetables-1-kg-2743254
3217950,Fry's Frozen Meat Free Sausage Rolls 4 Pieces | 400g,$6.50,https://www.coles.com.au/product/fry's-frozen-meat-free-sausage-rolls-4-pieces-400g-3217950
5764217,Peters Drumstick Ice Cream Cua Choc Cookie 4pack | 475mL,$6.50,https://www.coles.com.au/product/peters-drumstick-ice-cream-cua-choc-cookie-4pack-475ml-5764217
3533993,Core Power Foods Holy Meatballs Lean Beef | 350g,$7.00,https://www.coles.com.au/product/core-power-foods-holy-meatballs-lean-beef-350g-3533993
4739724,Core Powerfoods Naked Parmigiana | 350g,$7.00,https://www.coles.com.au/product/core-powerfoods-naked-parmigiana-350g-4739724
5643755,Core Powerfoods BBQ Mixed Grill | 350g,$7.00,https://www.coles.com.au/product/core-powerfoods-bbq-mixed-grill-350g-5643755
2946310,Super Nature Frozen Wholegrain Butter Chicken With Fre ... 350g,$7.50,https://www.coles.com.au/product/super-nature-frozen-wholegrain-butter-chicken-with-freekeh-ancient-grain-mix-wellness-bowl-350g-2946310
9317480,Borg's Pastizzi Spinach Ricotta | 625g,$7.50,https://www.coles.com.au/product/borg's-pastizzi-spinach-ricotta-625g-9317480
2944165,McCain Pub Size Chicken Kiev | 480g,$7.60,https://www.coles.com.au/product/mccain-pub-size-chicken-kiev-480g-2944165
2944176,McCain Pub Size Chicken & Bacon Bake | 480g,$7.60,https://www.coles.com.au/product/mccain-pub-size-chicken-and-bacon-bake-480g-2944176
3628364,Hanabi White Clams Whole | 1 kg,$7.90,https://www.coles.com.au/product/hanabi-white-clams-whole-1-kg-3628364
4357728,Fitness Outcomes Frozen Sriracha Free Range Chicken W ... 350g,$9.00,https://www.coles.com.au/product/fitness-outcomes-frozen-sriracha-free-range-chicken-with-basmati-rice-and-broccoli-350g-4357728
5556297,Coles Perform Pulled Pork Burrito Bowl | 330g,$9.00,https://www.coles.com.au/product/coles-perform-pulled-pork-burrito-bowl-330g-5556297
424685,Weis Mango Ice Cream Bars 4 Pack | 280mL,$9.50,https://www.coles.com.au/product/weis-mango-ice-cream-bars-4-pack-280ml-424685
4315568,Family Fave's Southern Style Chicken Nuggets | 1kg,$10.75,https://www.coles.com.au/product/family-fave's-southern-style-chicken-nuggets-1kg-4315568
3880578,Connoisseur Ice Cream Matcha Green Tea With White Choc 1Litre | 1L,$12.00,https://www.coles.com.au/product/connoisseur-ice-cream-matcha-green-tea-with-white-choc-1litre-1l-3880578
6143816,Cadbury Dairy Milk Ice Cream Caramilk | 460mL,$12.00,https://www.coles.com.au/product/cadbury-dairy-milk-ice-cream-caramilk-460ml-6143816
3542553,Four N Twenty Traveller Microwavable Classic Beef Pie | 160g,$3.70,https://www.coles.com.au/product/four-n-twenty-traveller-microwavable-classic-beef-pie-160g-3542553
2821915,Annabel Karmel Butter Chicken | 200g,$3.90,https://www.coles.com.au/product/annabel-karmel-butter-chicken-200g-2821915
3230914,Coles Sweet Potato Cottage Pie | 375g,$4.00,https://www.coles.com.au/product/coles-sweet-potato-cottage-pie-375g-3230914
9738729,Birds Eye Snap Frozen Broccoli Florets | 500g,$4.50,https://www.coles.com.au/product/birds-eye-snap-frozen-broccoli-florets-500g-9738729
3237844,McCain Frozen Healthy Choice Tomato & Bacon Penne | 300g,$5.00,https://www.coles.com.au/product/mccain-frozen-healthy-choice-tomato-and-bacon-penne-300g-3237844
5489860,I&J Beer Battered Fish Fillets | 425g,$5.00,https://www.coles.com.au/product/iandj-beer-battered-fish-fillets-425g-5489860
9847269,McCain Frozen Garlic Pizza 2 Pack | 320g,$5.00,https://www.coles.com.au/product/mccain-frozen-garlic-pizza-2-pack-320g-9847269
1777228,Birds Eye Frozen SteamFresh Broccoli Cauliflower & Ca ... 400g,$5.20,https://www.coles.com.au/product/birds-eye-frozen-steamfresh-broccoli-cauliflower-and-carrots-with-cheese-sauce-2-pack-400g-1777228
3616445,KB's Coconut Crumbed Prawns | 300g,$5.25,https://www.coles.com.au/product/kb's-coconut-crumbed-prawns-300g-3616445
3980754,Coles Plant Based Cheesy Cauliflower Pies 2 pack | 400g,$5.60,https://www.coles.com.au/product/coles-plant-based-cheesy-cauliflower-pies-2-pack-400g-3980754
464522,Pampas Frozen Lemon Meringue Pies 4 pack | 400g,$5.80,https://www.coles.com.au/product/pampas-frozen-lemon-meringue-pies-4-pack-400g-464522
6362730,Pampas Frozen Pastry Puff | 550g,$6.00,https://www.coles.com.au/product/pampas-frozen-pastry-puff-550g-6362730
3251437,Oreo Chocolate Wafer Ice Cream Cone With Oreo Biscuit Pi ... 475mL,$6.50,https://www.coles.com.au/product/oreo-chocolate-wafer-ice-cream-cone-with-oreo-biscuit-pieces-4-pack-475ml-3251437
6143747,Peters Maxibon Ice Cream Original Vanilla 4 pack | 560mL,$6.50,https://www.coles.com.au/product/peters-maxibon-ice-cream-original-vanilla-4-pack-560ml-6143747
2257642,Birds Eye Frozen Farmhouse Seasoned Sides | 600g,$7.00,https://www.coles.com.au/product/birds-eye-frozen-farmhouse-seasoned-sides-600g-2257642
2947822,On The Menu Slow Cooked Lamb Plated Meals | 320g,$7.00,https://www.coles.com.au/product/on-the-menu-slow-cooked-lamb-plated-meals-320g-2947822
3866511,Lean Cuisine Chicken Cheese & Pasta | 375g,$7.00,https://www.coles.com.au/product/lean-cuisine-chicken-cheese-and-pasta-375g-3866511
5171270,Streets Blue Ribbon Light Vanilla Ice Cream Tub | 2L,$7.00,https://www.coles.com.au/product/streets-blue-ribbon-light-vanilla-ice-cream-tub-2l-5171270
5488084,Bulla Chupa Chups Mixed Mini Sticks | 400mL,$8.00,https://www.coles.com.au/product/bulla-chupa-chups-mixed-mini-sticks-400ml-5488084
3916686,Coles Perform Satay Chicken | 340g,$9.00,https://www.coles.com.au/product/coles-perform-satay-chicken-340g-3916686
4192606,Streets Calippo Minis Lemon Orange & Lime Ice Blocks 10 p ... 575mL,$9.00,https://www.coles.com.au/product/streets-calippo-minis-lemon-orange-and-lime-ice-blocks-10-pack-575ml-4192606
8634739,McCain Frozen Ultra Thin Crust Tandoori Chicken Pizza | 320g,$9.00,https://www.coles.com.au/product/mccain-frozen-ultra-thin-crust-tandoori-chicken-pizza-320g-8634739
5496990,Gelatissimo Gelato Caramel Cookie Butter Tub | 473mL,$10.00,https://www.coles.com.au/product/gelatissimo-gelato-caramel-cookie-butter-tub-473ml-5496990
1467210,Magnum Ice Cream Honeycomb Crunch 4Pack | 428mL,$10.50,https://www.coles.com.au/product/magnum-ice-cream-honeycomb-crunch-4pack-428ml-1467210
5483025,Magnum Chocolate Classic Remix Ice Cream 4 Pack | 360mL,$10.50,https://www.coles.com.au/product/magnum-chocolate-classic-remix-ice-cream-4-pack-360ml-5483025
5483047,Magnum Gold Almond Remix Ice Cream 4 Pack | 360mL,$10.50,https://www.coles.com.au/product/magnum-gold-almond-remix-ice-cream-4-pack-360ml-5483047
6582805,Magnum Ice Cream Peppermint 4Pack | 428mL,$10.50,https://www.coles.com.au/product/magnum-ice-cream-peppermint-4pack-428ml-6582805
3713350,Ben & Jerry's Non Dairy Choc Chip Cookie Dough | 458mL,$14.50,https://www.coles.com.au/product/ben-and-jerry's-non-dairy-choc-chip-cookie-dough-458ml-3713350
6159339,Ben & Jerrys Non Dairy Berry Revolutionry Sundae | 427mL,$14.50,https://www.coles.com.au/product/ben-and-jerrys-non-dairy-berry-revolutionry-sundae-427ml-6159339
5020515,Birds Eye Southern Blue Whiting Fillets | 1kg,$16.50,https://www.coles.com.au/product/birds-eye-southern-blue-whiting-fillets-1kg-5020515
4408330,Coles Frozen Fish Fillet Crumbed | 425g,$4.40,https://www.coles.com.au/product/coles-frozen-fish-fillet-crumbed-425g-4408330
6957090,On The Menu Frozen Chicken Fillet Burger  | 165g,$4.50,https://www.coles.com.au/product/on-the-menu-frozen-chicken-fillet-burger-165g-6957090
7643064,Quorn Meat Free Mince | 300g,$4.90,https://www.coles.com.au/product/quorn-meat-free-mince-300g-7643064
5205179,Coles Mini Potato Kiev Balls With Cheesy Garlic | 240g,$5.00,https://www.coles.com.au/product/coles-mini-potato-kiev-balls-with-cheesy-garlic-240g-5205179
3615613,KB Lemon & Pepper Squid | 360g,$5.25,https://www.coles.com.au/product/kb-lemon-and-pepper-squid-360g-3615613
3616467,KB Salt & Pepper Prawns | 300g,$5.25,https://www.coles.com.au/product/kb-salt-and-pepper-prawns-300g-3616467
3866679,Lean Cuisine Satay Chicken Noodles | 280g,$5.60,https://www.coles.com.au/product/lean-cuisine-satay-chicken-noodles-280g-3866679
3311492,Golden Wok Frozen Diana Chan's Szechuan Pork Dumplings | 230g,$6.00,https://www.coles.com.au/product/golden-wok-frozen-diana-chan's-szechuan-pork-dumplings-230g-3311492
3785760,Buono Mochi Ice Chocolate | 156g,$6.00,https://www.coles.com.au/product/buono-mochi-ice-chocolate-156g-3785760
3169960,Coles Spinach Feta & Ricotta Roll | 450g,$6.10,https://www.coles.com.au/product/coles-spinach-feta-and-ricotta-roll-450g-3169960
3880603,Cadbury Dairy Milk Ice Cream 4 pack | 360mL,$6.50,https://www.coles.com.au/product/cadbury-dairy-milk-ice-cream-4-pack-360ml-3880603
4233248,Nestle Ice Cream KitKat Ice Cream Stick 4 pack | 360mL,$6.50,https://www.coles.com.au/product/nestle-ice-cream-kitkat-ice-cream-stick-4-pack-360ml-4233248
4506690,Sealord Japanese Style Tempura Batter Hoki Fillet | 280g,$6.50,https://www.coles.com.au/product/sealord-japanese-style-tempura-batter-hoki-fillet-280g-4506690
5764400,Drumstick Ice Cream Cua Hokey Pokey 4pack | 475mL,$6.50,https://www.coles.com.au/product/drumstick-ice-cream-cua-hokey-pokey-4pack-475ml-5764400
3840631,Streets Paddle Pop Chocolate | 544mL,$7.00,https://www.coles.com.au/product/streets-paddle-pop-chocolate-544ml-3840631
3989952,Core Power Foods Bangers And Mash | 350g,$7.00,https://www.coles.com.au/product/core-power-foods-bangers-and-mash-350g-3989952
5151036,Frys Meat Free Popcorn Chicken | 290g,$7.50,https://www.coles.com.au/product/frys-meat-free-popcorn-chicken-290g-5151036
3237877,McCain Pub Size Southern Style Chicken | 480g,$7.60,https://www.coles.com.au/product/mccain-pub-size-southern-style-chicken-480g-3237877
1309060,Coles IM Free From Chicken Tenders | 400g,$8.00,https://www.coles.com.au/product/coles-im-free-from-chicken-tenders-400g-1309060
2976140,Magnum Ice Cream Classic Tub | 440mL,$8.00,https://www.coles.com.au/product/magnum-ice-cream-classic-tub-440ml-2976140
3243585,Amazonia Acai  Energy Superfood Packs | 400g,$8.00,https://www.coles.com.au/product/amazonia-acai-energy-superfood-packs-400g-3243585
5488197,Bulla Frozen Yoghurt Apricot Mango & Passionfruit | 480g,$8.00,https://www.coles.com.au/product/bulla-frozen-yoghurt-apricot-mango-and-passionfruit-480g-5488197
8697604,McCain Frozen Cheese & Bacon Pizza Pockets | 400g,$8.50,https://www.coles.com.au/product/mccain-frozen-cheese-and-bacon-pizza-pockets-400g-8697604
3857747,Street Smokey BBQ Meatlovers Pizza | 385g,$8.60,https://www.coles.com.au/product/street-smokey-bbq-meatlovers-pizza-385g-3857747
3399358,Magnum Ice Cream Dairy Free Almond 3Pack | 270mL,$9.00,https://www.coles.com.au/product/magnum-ice-cream-dairy-free-almond-3pack-270ml-3399358
4357717,Fitness Outcomes Frozen Free Range Chicken And Veg Stirfry ... 350g,$9.00,https://www.coles.com.au/product/fitness-outcomes-frozen-free-range-chicken-and-veg-stirfry-with-basmati-rice-350g-4357717
5854386,Bulla Creamy Classic Sandwichs Cookies & Cream | 560mL,$9.00,https://www.coles.com.au/product/bulla-creamy-classic-sandwichs-cookies-and-cream-560ml-5854386
5936550,Haagen-Dazs Ice Cream Pint Irish Whiskey Chocolate Waffle 8 Pack | ... 457mL,$9.00,https://www.coles.com.au/product/haagen-dazs-ice-cream-pint-irish-whiskey-chocolate-waffle-8-pack-457ml-5936550
3830412,Halo Top Brownie Batter Ice Cream Tub | 473mL,$10.50,https://www.coles.com.au/product/halo-top-brownie-batter-ice-cream-tub-473ml-3830412
3716508,Connoisseur Ice Cream Camarosa Strawberry | 1L,$12.00,https://www.coles.com.au/product/connoisseur-ice-cream-camarosa-strawberry-1l-3716508
5050163,Sara Lee Classic Ultra Chocolate Ice Cream | 1L,$12.00,https://www.coles.com.au/product/sara-lee-classic-ultra-chocolate-ice-cream-1l-5050163
5363599,Bulla Murray Street Ice Cream Vanilla Bean | 1L,$12.00,https://www.coles.com.au/product/bulla-murray-street-ice-cream-vanilla-bean-1l-5363599
5363624,Bulla Murray Street Vanilla & Boysenberry Swirl | 1L,$12.00,https://www.coles.com.au/product/bulla-murray-street-vanilla-and-boysenberry-swirl-1l-5363624
3775110,Sabrini Paneer Tikka Samosa | 600g,$12.50,https://www.coles.com.au/product/sabrini-paneer-tikka-samosa-600g-3775110
9461476,Birds Eye Frozen Atlantic Salmon Fillets With Lemon | 260g,$14.00,https://www.coles.com.au/product/birds-eye-frozen-atlantic-salmon-fillets-with-lemon-260g-9461476
4285117,Kb's Fish Crispy Goujons | 1kg,$27.50,https://www.coles.com.au/product/kb's-fish-crispy-goujons-1kg-4285117
5978334,Mai Hong Frozen Spring Roll Pastry Sheets 20 pack | 250g,$3.30,https://www.coles.com.au/product/mai-hong-frozen-spring-roll-pastry-sheets-20-pack-250g-5978334
3919094,Coles Frozen Chocolate Lava Cake 2 pack | 180g,$4.20,https://www.coles.com.au/product/coles-frozen-chocolate-lava-cake-2-pack-180g-3919094
1777240,Birds Eye Frozen Steam Fresh Carrot Cauliflower & Broccoli Mix 3 ... 450g,$4.50,https://www.coles.com.au/product/birds-eye-frozen-steam-fresh-carrot-cauliflower-and-broccoli-mix-3-pack-450g-1777240
3475059,Birds Eye Frozen Broccoli & Cauliflower Rice | 500g,$4.95,https://www.coles.com.au/product/birds-eye-frozen-broccoli-and-cauliflower-rice-500g-3475059
295764,Pampas Frozen Filo Pastry 18-20 Sheets | 375g,$5.00,https://www.coles.com.au/product/pampas-frozen-filo-pastry-18-20-sheets-375g-295764
3014318,Temptation Frozen Premium Tasty Cheese & Bacon Quiches 2 pack | ... 280g,$5.00,https://www.coles.com.au/product/temptation-frozen-premium-tasty-cheese-and-bacon-quiches-2-pack-280g-3014318
3866668,Lean Cuisine Beef Stroganoff | 280g,$5.60,https://www.coles.com.au/product/lean-cuisine-beef-stroganoff-280g-3866668
412799,McCain Red Box Tray Lasagna  | 400g,$5.60,https://www.coles.com.au/product/mccain-red-box-tray-lasagna-400g-412799
5120892,Coles Vegan Meat Free Pies 2 Pack | 400g,$5.60,https://www.coles.com.au/product/coles-vegan-meat-free-pies-2-pack-400g-5120892
5747229,Lean Cuisine Beef With Red Wine & Mash | 280g,$5.60,https://www.coles.com.au/product/lean-cuisine-beef-with-red-wine-and-mash-280g-5747229
4871120,Creative Gourmet Frozen Avocado Slices | 250g,$5.65,https://www.coles.com.au/product/creative-gourmet-frozen-avocado-slices-250g-4871120
3310784,Golden Wok Frozen Diana Chan's Thai Chicken Dumplin ... 230g,$6.00,https://www.coles.com.au/product/golden-wok-frozen-diana-chan's-thai-chicken-dumplings-230g-3310784
3842003,Borg's Feta & Spinach Gozleme | 300g,$6.00,https://www.coles.com.au/product/borg's-feta-and-spinach-gozleme-300g-3842003
5300191,Grandma's Yum Cha Selection | 420g,$6.00,https://www.coles.com.au/product/grandma's-yum-cha-selection-420g-5300191
5386186,Cremorne Creamery Triple Chocolate | 1L,$6.50,https://www.coles.com.au/product/cremorne-creamery-triple-chocolate-1l-5386186
5386200,Cremorne Creamery Cookies & Cream | 1L,$6.50,https://www.coles.com.au/product/cremorne-creamery-cookies-and-cream-1l-5386200
5386222,Cremorne Creamery Peanut Butter Choc | 1L,$6.50,https://www.coles.com.au/product/cremorne-creamery-peanut-butter-choc-1l-5386222
2143290,Hanabi Cabbage & Pork Dumplings | 500g,$7.00,https://www.coles.com.au/product/hanabi-cabbage-and-pork-dumplings-500g-2143290
2257278,Birds Eye Frozen Steam Fresh Plus Pearl CousCous With C ... 400g,$7.00,https://www.coles.com.au/product/birds-eye-frozen-steam-fresh-plus-pearl-couscous-with-chick-peas-2-pack-400g-2257278
3218271,Vegie Delights Plant Based Chicken Style Burgers 4 Pack | 300g,$7.00,https://www.coles.com.au/product/vegie-delights-plant-based-chicken-style-burgers-4-pack-300g-3218271
3866533,Lean Cuisine Indian Butter Chicken | 375g,$7.00,https://www.coles.com.au/product/lean-cuisine-indian-butter-chicken-375g-3866533
3994533,Vegie Delights Plant Based Not Burger | 300g,$7.00,https://www.coles.com.au/product/vegie-delights-plant-based-not-burger-300g-3994533
5643824,Core Powerfoods Beef Tortolleni | 350g,$7.00,https://www.coles.com.au/product/core-powerfoods-beef-tortolleni-350g-5643824
5335629,Coles Frozen Family Beef Pie | 600g,$7.40,https://www.coles.com.au/product/coles-frozen-family-beef-pie-600g-5335629
3785781,Poulings Sliced Pork | 290g,$7.50,https://www.coles.com.au/product/poulings-sliced-pork-290g-3785781
5018127,KB's Classic Crumb Whiting Fillets | 450g,$7.50,https://www.coles.com.au/product/kb's-classic-crumb-whiting-fillets-450g-5018127
3217949,Dr. Oetker Frozen Gluten Free Ristorante Mozzarella Pizza | 370g,$7.90,https://www.coles.com.au/product/dr.-oetker-frozen-gluten-free-ristorante-mozzarella-pizza-370g-3217949
3943496,Plantry Frozen Plant Based Meal Lasagna | 350g,$8.00,https://www.coles.com.au/product/plantry-frozen-plant-based-meal-lasagna-350g-3943496
4506169,On The Menu Beef Cutlet With Pepper Gravy Mash & Veg | 480g,$8.00,https://www.coles.com.au/product/on-the-menu-beef-cutlet-with-pepper-gravy-mash-and-veg-480g-4506169
3303440,Birds Eye Deli Hoki Crisp Light Batter | 250g,$8.50,https://www.coles.com.au/product/birds-eye-deli-hoki-crisp-light-batter-250g-3303440
3916744,Coles Perform Open Chicken Fajita | 330g,$9.00,https://www.coles.com.au/product/coles-perform-open-chicken-fajita-330g-3916744
4357706,Fitness Outcomes Frozen Grass Fed Beef Bolognese With ... 350g,$9.00,https://www.coles.com.au/product/fitness-outcomes-frozen-grass-fed-beef-bolognese-with-wholemeal-spaghetti-350g-4357706
6050216,Streets Calippo Mini Ice Raspberry Pineapple Ice Cream 10 pack | 575mL,$9.00,https://www.coles.com.au/product/streets-calippo-mini-ice-raspberry-pineapple-ice-cream-10-pack-575ml-6050216
9861747,McCain Frozen Ultra Thin Crust Pepperoni Pizza | 310g,$9.00,https://www.coles.com.au/product/mccain-frozen-ultra-thin-crust-pepperoni-pizza-310g-9861747
5019323,Connoisseur Ice Cream Cookies & Cream 4 Pack | 400mL,$9.50,https://www.coles.com.au/product/connoisseur-ice-cream-cookies-and-cream-4-pack-400ml-5019323
4496065,Gym Bod Chocolate Pudding | 475mL,$10.00,https://www.coles.com.au/product/gym-bod-chocolate-pudding-475ml-4496065
5641374,McCain Pub Size Double Meat Bacon Carbonara | 500g,$10.00,https://www.coles.com.au/product/mccain-pub-size-double-meat-bacon-carbonara-500g-5641374
5018659,Magnum Ice Cream Intense Dark Minis 6pack | 330mL,$10.50,https://www.coles.com.au/product/magnum-ice-cream-intense-dark-minis-6pack-330ml-5018659
2313277,Annabel Karmel Fish Pie | 200g,$3.90,https://www.coles.com.au/product/annabel-karmel-fish-pie-200g-2313277
2313357,Annabel Karmel Meals Vegetable And Pasta Bake | 200g,$3.90,https://www.coles.com.au/product/annabel-karmel-meals-vegetable-and-pasta-bake-200g-2313357
6125891,Sara Lee Frozen  Strawberry Cheesecake | 410g,$4.25,https://www.coles.com.au/product/sara-lee-frozen-strawberry-cheesecake-410g-6125891
3890221,Coles Chocolate Bavarian | 450g,$4.30,https://www.coles.com.au/product/coles-chocolate-bavarian-450g-3890221
5588409,Sara Lee Cookie Pies Double Choc Chip 4pk | 380g,$4.75,https://www.coles.com.au/product/sara-lee-cookie-pies-double-choc-chip-4pk-380g-5588409
5638948,On The Menu Angus Beef Lasagne | 400g,$4.80,https://www.coles.com.au/product/on-the-menu-angus-beef-lasagne-400g-5638948
2632162,Coles Frozen Hawaiian Pizza | 500g,$5.00,https://www.coles.com.au/product/coles-frozen-hawaiian-pizza-500g-2632162
2912974,Birds Eye Frozen Steamfresh Potato Mash With Butter | 400g,$5.20,https://www.coles.com.au/product/birds-eye-frozen-steamfresh-potato-mash-with-butter-400g-2912974
3980743,Coles Vegan Mushroom And Lentil Pies 2 pack | 400g,$5.60,https://www.coles.com.au/product/coles-vegan-mushroom-and-lentil-pies-2-pack-400g-3980743
3187553,Coles Southern Style Chicken Pops | 400g,$6.00,https://www.coles.com.au/product/coles-southern-style-chicken-pops-400g-3187553
4389407,Coles Mini Vienna Vanilla 5 Pack | 285mL,$6.00,https://www.coles.com.au/product/coles-mini-vienna-vanilla-5-pack-285ml-4389407
4848286,YoPro Frozen Dessert Cream & Berries 4 pack | 540mL,$6.00,https://www.coles.com.au/product/yopro-frozen-dessert-cream-and-berries-4-pack-540ml-4848286
8967618,McCain Red Box Plated Lamb Cutlet Gravy  | 320g,$6.00,https://www.coles.com.au/product/mccain-red-box-plated-lamb-cutlet-gravy-320g-8967618
4408385,Coles Crumbed Prawn Cutlets | 360g,$6.40,https://www.coles.com.au/product/coles-crumbed-prawn-cutlets-360g-4408385
2750034,Fry's Frozen Gluten Free Nuggets With Rice Protein & Chia | 240g,$6.50,https://www.coles.com.au/product/fry's-frozen-gluten-free-nuggets-with-rice-protein-and-chia-240g-2750034
7207030,Peters Light & Creamy Raspberry Ripple Fat Free Ice Cream Tub | 1.8L,$6.50,https://www.coles.com.au/product/peters-light-and-creamy-raspberry-ripple-fat-free-ice-cream-tub-1.8l-7207030
5613594,Birds Eye Deli Parmesan & Garlic Mash | 600g,$6.80,https://www.coles.com.au/product/birds-eye-deli-parmesan-and-garlic-mash-600g-5613594
3513351,On The Menu Beef Rissoles Plated Meals | 320g,$7.00,https://www.coles.com.au/product/on-the-menu-beef-rissoles-plated-meals-320g-3513351
3775121,Sabrini Aloo Tiki | 240g,$7.00,https://www.coles.com.au/product/sabrini-aloo-tiki-240g-3775121
3868710,Core Power Foods Pasta La Vista | 350g,$7.00,https://www.coles.com.au/product/core-power-foods-pasta-la-vista-350g-3868710
4675520,Pacific West Frozen Asian Banquet  | 1kg,$7.50,https://www.coles.com.au/product/pacific-west-frozen-asian-banquet-1kg-4675520
3125080,Haagen-Dazs Mango & Raspberry Ice Cream Tub | 457mL,$9.00,https://www.coles.com.au/product/haagen-dazs-mango-and-raspberry-ice-cream-tub-457ml-3125080
3846140,Bulla Creamy Classics Vanilla Sandwich 4 pack | 560mL,$9.00,https://www.coles.com.au/product/bulla-creamy-classics-vanilla-sandwich-4-pack-560ml-3846140
3916799,Coles Perform Tandoori Chicken | 330g,$9.00,https://www.coles.com.au/product/coles-perform-tandoori-chicken-330g-3916799
6277787,Reese's Twin Pack Peanut Butter & Chocolate 4 Pa ... 360mL,$9.00,https://www.coles.com.au/product/reese's-twin-pack-peanut-butter-and-chocolate-4-pack-360ml-6277787
1837374,On The Menu Frozen Beef Lasagne | 1kg,$9.50,https://www.coles.com.au/product/on-the-menu-frozen-beef-lasagne-1kg-1837374
3869644,Streets Golden Gaytime Birthday Cake | 400mL,$10.00,https://www.coles.com.au/product/streets-golden-gaytime-birthday-cake-400ml-3869644
5482930,Streets Golden Gaytime Oak Chocolate 4 pack | 400mL,$10.00,https://www.coles.com.au/product/streets-golden-gaytime-oak-chocolate-4-pack-400ml-5482930
6255321,Haagen Dazs Classic Collection 4 Pack | 480mL,$10.00,https://www.coles.com.au/product/haagen-dazs-classic-collection-4-pack-480ml-6255321
6390520,KB's Seafood Marinated Barramundi Fillet | 260g,$10.00,https://www.coles.com.au/product/kb's-seafood-marinated-barramundi-fillet-260g-6390520
5483058,Magnum Berry & White Chocolate Remix Ice Cream 4 Pack | 360mL,$10.50,https://www.coles.com.au/product/magnum-berry-and-white-chocolate-remix-ice-cream-4-pack-360ml-5483058
3880352,Connoisseur Plant Based Hazelnut Chocolate | 1L,$12.00,https://www.coles.com.au/product/connoisseur-plant-based-hazelnut-chocolate-1l-3880352
5311846,Grandma's Olden Wok Entertainer | 1.2kg,$12.00,https://www.coles.com.au/product/grandma's-olden-wok-entertainer-1.2kg-5311846
3868776,I&J Original Crumb Fish Fillets | 1kg,$13.00,https://www.coles.com.au/product/iandj-original-crumb-fish-fillets-1kg-3868776
5018433,KB's Sea Creature Crumbed Fish Bites | 1kg,$27.50,https://www.coles.com.au/product/kb's-sea-creature-crumbed-fish-bites-1kg-5018433
268900,Sara Lee Frozen Chocolate Buttercake | 350g,$4.25,https://www.coles.com.au/product/sara-lee-frozen-chocolate-buttercake-350g-268900
9131290,Sara Lee Frozen French Cream Cheesecake | 360g,$4.25,https://www.coles.com.au/product/sara-lee-frozen-french-cream-cheesecake-360g-9131290
5639306,On The Menu Butter Chicken With Rice | 400g,$4.80,https://www.coles.com.au/product/on-the-menu-butter-chicken-with-rice-400g-5639306
3990747,Meet Tenders | 250g,$4.90,https://www.coles.com.au/product/meet-tenders-250g-3990747
4204002,Birds Eye Deli Roast Vegetables  | 600g,$5.60,https://www.coles.com.au/product/birds-eye-deli-roast-vegetables-600g-4204002
9802828,McCain Red Box Tray Pasta Beef Bacon  | 400g,$5.60,https://www.coles.com.au/product/mccain-red-box-tray-pasta-beef-bacon-400g-9802828
3147027,Twisted Frozen Strawberry And Chocolate + Vanilla Bean ... 480mL,$6.00,https://www.coles.com.au/product/twisted-frozen-strawberry-and-chocolate-+-vanilla-bean-yoghurt-480ml-3147027
4406608,Golden Wok Diana Chan Honey Soy Chicken Dumplings | 230g,$6.00,https://www.coles.com.au/product/golden-wok-diana-chan-honey-soy-chicken-dumplings-230g-4406608
5643879,FroPro Protein Chipotle Chicken Burrito | 245g,$6.40,https://www.coles.com.au/product/fropro-protein-chipotle-chicken-burrito-245g-5643879
3919039,Coles Frozen Bake At Home Pain Au Chocolat 6Pack | 420g,$6.70,https://www.coles.com.au/product/coles-frozen-bake-at-home-pain-au-chocolat-6pack-420g-3919039
6970032,Chiko Frozen Original Rolls 4 pack  | 650g,$6.70,https://www.coles.com.au/product/chiko-frozen-original-rolls-4-pack-650g-6970032
4317199,King Of Kings Gua Bao Bun | 560g,$6.80,https://www.coles.com.au/product/king-of-kings-gua-bao-bun-560g-4317199
3476346,Dr. Oetker Frozen Papa Giuseppi's Rising Stuffed Crust Pepperoni ... 470g,$7.00,https://www.coles.com.au/product/dr.-oetker-frozen-papa-giuseppi's-rising-stuffed-crust-pepperoni-pizza-470g-3476346
3533938,Core Power Foods Deep South Beef Chilli | 350g,$7.00,https://www.coles.com.au/product/core-power-foods-deep-south-beef-chilli-350g-3533938
3533949,Core Power Foods Crunchy Satay Chicken | 350g,$7.00,https://www.coles.com.au/product/core-power-foods-crunchy-satay-chicken-350g-3533949
4575140,Vegie Delights Plant Based Schnitzels 4 Pack | 300g,$7.00,https://www.coles.com.au/product/vegie-delights-plant-based-schnitzels-4-pack-300g-4575140
4653039,Birds Eye Seasoned Sides Country Garden | 600g,$7.00,https://www.coles.com.au/product/birds-eye-seasoned-sides-country-garden-600g-4653039
4657029,Streets Blue Ribbon Low Fat Ice Cream Choc Mint | 2L,$7.00,https://www.coles.com.au/product/streets-blue-ribbon-low-fat-ice-cream-choc-mint-2l-4657029
8151917,On The Menu Roast Beef Plated Meal | 320g,$7.00,https://www.coles.com.au/product/on-the-menu-roast-beef-plated-meal-320g-8151917
2742397,Super Nature Chicken Pad Thai With Rice Noodles | 350g,$7.50,https://www.coles.com.au/product/super-nature-chicken-pad-thai-with-rice-noodles-350g-2742397
2257777,Birds Eye Cauliflower Cheese | 600g,$7.60,https://www.coles.com.au/product/birds-eye-cauliflower-cheese-600g-2257777
1994408,Amy's Kitchen Frozen Gluten Free Rice Mac & Cheese Pasta | 255g,$7.90,https://www.coles.com.au/product/amy's-kitchen-frozen-gluten-free-rice-mac-and-cheese-pasta-255g-1994408
3988654,Oob Organic Frozen Blueberries | 300g,$8.00,https://www.coles.com.au/product/oob-organic-frozen-blueberries-300g-3988654
5644180,Plantry Pad See Ew Meal | 350g,$8.00,https://www.coles.com.au/product/plantry-pad-see-ew-meal-350g-5644180
6248836,I&J Frozen Tasty Lightly Crumbed Calamari Rings | 400g,$8.00,https://www.coles.com.au/product/iandj-frozen-tasty-lightly-crumbed-calamari-rings-400g-6248836
5140550,Charlotte'S Bakery Slow Cooked Steak & Mushroom Pies 2 Pack | ... 400g,$8.20,https://www.coles.com.au/product/charlotte's-bakery-slow-cooked-steak-and-mushroom-pies-2-pack-400g-5140550
5487853,Bulla Creamy Classics Triple Choc Cone 4Pk | 520mL,$9.00,https://www.coles.com.au/product/bulla-creamy-classics-triple-choc-cone-4pk-520ml-5487853
3754380,I&J Southern Blue Whiting Fillets | 500g,$9.50,https://www.coles.com.au/product/iandj-southern-blue-whiting-fillets-500g-3754380
4408308,Coles Frozen Fish Fillet Crumbed | 1kg,$10.00,https://www.coles.com.au/product/coles-frozen-fish-fillet-crumbed-1kg-4408308
4418957,Coles Prawns Cooked Peeled Tail Off | 350g,$10.00,https://www.coles.com.au/product/coles-prawns-cooked-peeled-tail-off-350g-4418957
4469255,Nestle Milo Tub | 1.2L,$10.00,https://www.coles.com.au/product/nestle-milo-tub-1.2l-4469255
5496140,Gelatissimo Gelato Decadent Chocolate Tub | 473mL,$10.00,https://www.coles.com.au/product/gelatissimo-gelato-decadent-chocolate-tub-473ml-5496140
6583193,Magnum Ice Cream White 4Pack | 428mL,$10.50,https://www.coles.com.au/product/magnum-ice-cream-white-4pack-428ml-6583193
4315535,Family Fave's Chicken Chips With Ciabatta Crumb | 1kg,$10.75,https://www.coles.com.au/product/family-fave's-chicken-chips-with-ciabatta-crumb-1kg-4315535
1895406,Sara Lee Strawberries & Cream Ice Cream Tub | 1L,$12.00,https://www.coles.com.au/product/sara-lee-strawberries-and-cream-ice-cream-tub-1l-1895406
3848586,South Melbourne Dim Sims | 600g,$12.00,https://www.coles.com.au/product/south-melbourne-dim-sims-600g-3848586
5991558,Fropro Protein Italian Salami Pizza | 325g,$12.00,https://www.coles.com.au/product/fropro-protein-italian-salami-pizza-325g-5991558
6281864,Dear Friend Mochi Tokyo | 240g,$12.00,https://www.coles.com.au/product/dear-friend-mochi-tokyo-240g-6281864
9925486,Ingham's Chicken Garlic Kiev Duet | 600g,$12.50,https://www.coles.com.au/product/ingham's-chicken-garlic-kiev-duet-600g-9925486
5175340,Aquna Murray Cod Portions Skin On 2 Pack | 200g,$13.00,https://www.coles.com.au/product/aquna-murray-cod-portions-skin-on-2-pack-200g-5175340
5023660,Ben & Jerry's Non Dairy Salt Caramel Brownie | 458mL,$14.50,https://www.coles.com.au/product/ben-and-jerry's-non-dairy-salt-caramel-brownie-458ml-5023660
3641090,Sabrini Samosa | 1.125kg,$16.00,https://www.coles.com.au/product/sabrini-samosa-1.125kg-3641090
4405332,KB Gyoza Chicken | 750g,$17.00,https://www.coles.com.au/product/kb-gyoza-chicken-750g-4405332
3551984,Coles Crumbed Fish Fingers 16 Pack | 400g,$4.80,https://www.coles.com.au/product/coles-crumbed-fish-fingers-16-pack-400g-3551984
5639102,On The Menu Satay Chicken & Rice | 400g,$4.80,https://www.coles.com.au/product/on-the-menu-satay-chicken-and-rice-400g-5639102
1276120,McCain Frozen Healthy Choice Butter Chicken With Steamed Ri ... 300g,$5.00,https://www.coles.com.au/product/mccain-frozen-healthy-choice-butter-chicken-with-steamed-rice-300g-1276120
5205204,Coles Beef Curry Puff | 200g,$5.00,https://www.coles.com.au/product/coles-beef-curry-puff-200g-5205204
5393170,McCain Frozen Healthy Choice Apricot Chicken With Steamed Ri ... 350g,$5.00,https://www.coles.com.au/product/mccain-frozen-healthy-choice-apricot-chicken-with-steamed-rice-350g-5393170
5489597,I&J Original Crumbed Fish Fillets | 425g,$5.00,https://www.coles.com.au/product/iandj-original-crumbed-fish-fillets-425g-5489597
3635235,Birds Eye Frozen Steamfresh Fried Rice Vegetables 2Pack | 400g,$5.20,https://www.coles.com.au/product/birds-eye-frozen-steamfresh-fried-rice-vegetables-2pack-400g-3635235
2858165,Peters Gluten Free Original Rainbow Ice Cream Tub | 2L,$5.50,https://www.coles.com.au/product/peters-gluten-free-original-rainbow-ice-cream-tub-2l-2858165
5287413,Mr Chen's Prawn Hargow Snack Pack | 126g,$5.50,https://www.coles.com.au/product/mr-chen's-prawn-hargow-snack-pack-126g-5287413
3757560,Birds Eye Deli Grilled Vegetables | 400g,$5.60,https://www.coles.com.au/product/birds-eye-deli-grilled-vegetables-400g-3757560
3866646,Lean Cuisine Green Chicken Curry Rice | 280g,$5.60,https://www.coles.com.au/product/lean-cuisine-green-chicken-curry-rice-280g-3866646
3628014,Proud & Punch Chocolate Banana Smoothie Pop ... 450mL,$6.00,https://www.coles.com.au/product/proud-and-punch-chocolate-banana-smoothie-pop-6-pack-450ml-3628014
4848130,YoPro Frozen Desserts Salted Caramel 4 pack | 540mL,$6.00,https://www.coles.com.au/product/yopro-frozen-desserts-salted-caramel-4-pack-540ml-4848130
5862180,McCain Red Box Plated Veal Cordon Bleu  | 320g,$6.00,https://www.coles.com.au/product/mccain-red-box-plated-veal-cordon-bleu-320g-5862180
3639098,Zooper Dooper No Sugar Ice Water | 24 Pack,$6.50,https://www.coles.com.au/product/zooper-dooper-no-sugar-ice-water-24-pack-3639098
2946262,On The Menu Frozen Beer Battered Fish & Chips | 320g,$7.00,https://www.coles.com.au/product/on-the-menu-frozen-beer-battered-fish-and-chips-320g-2946262
3773079,Coles Frozen Buttermilk Chicken Tenders | 400g,$7.00,https://www.coles.com.au/product/coles-frozen-buttermilk-chicken-tenders-400g-3773079
5173607,Vegie Delights Vegie Delights Plant Based Lentil Burgers 4 ... 300g,$7.00,https://www.coles.com.au/product/vegie-delights-vegie-delights-plant-based-lentil-burgers-4-pack-300g-5173607
8151906,On The Menu Frozen Roast Chicken | 320g,$7.00,https://www.coles.com.au/product/on-the-menu-frozen-roast-chicken-320g-8151906
