2263179,Coles RSPCA Approved Chicken Breast Fillets Large Pa ... approx 1.4kg,$15.40,https://www.coles.com.au/product/coles-rspca-approved-chicken-breast-fillets-large-pack-approx.-1.4kg-2263179
5285371,Tassal Salmon Portions Skin On | 300g,$14.00,https://www.coles.com.au/product/tassal-salmon-portions-skin-on-300g-5285371
5285280,Tassal Fresh Tassie Salmon Portions Skin Off | 300g,$15.00,https://www.coles.com.au/product/tassal-fresh-tassie-salmon-portions-skin-off-300g-5285280
5286625,Tassal Salmon Portions Mustard And Dill | 300g,$14.00,https://www.coles.com.au/product/tassal-salmon-portions-mustard-and-dill-300g-5286625
6561805,Huon Premium Cold Smoked Salmon | 100g,$10.50,https://www.coles.com.au/product/huon-premium-cold-smoked-salmon-100g-6561805
8850450,Coles Beef 4 Star Lean Mince | 500g,$9.50,https://www.coles.com.au/product/coles-beef-4-star-lean-mince-500g-8850450
2263168,Coles RSPCA Approved Chicken Breast Fillets Small Pack | approx 600g,$7.80,https://www.coles.com.au/product/coles-rspca-approved-chicken-breast-fillets-small-pack-approx.-600g-2263168
7395392,Old El Paso Regular Tortillas Fajita 6 Pack | 240g,$4.00,https://www.coles.com.au/product/old-el-paso-regular-tortillas-fajita-6-pack-240g-7395392
8850188,Coles Beef 3 Star Regular Mince      | 500g,$7.00,https://www.coles.com.au/product/coles-beef-3-star-regular-mince-500g-8850188
125345,Pampas Frozen Puff Pastry Sheets 6 pieces | 1kg,$5.20,https://www.coles.com.au/product/pampas-frozen-puff-pastry-sheets-6-pieces-1kg-125345
2271199,Coles Deli RSPCA Approved Chicken Breast Fil ... approx 300g,$3.30,https://www.coles.com.au/product/coles-deli-rspca-approved-chicken-breast-fillets-approx.-300g-each-2271199
2923835,Coles RSPCA Approved Chicken Drumsticks Large Pa ... approx 1.6kg,$6.40,https://www.coles.com.au/product/coles-rspca-approved-chicken-drumsticks-large-pack-approx.-1.6kg-2923835
8850654,Coles Beef 5 Star Extra Lean Mince | 500g,$10.50,https://www.coles.com.au/product/coles-beef-5-star-extra-lean-mince-500g-8850654
2263328,Coles RSPCA Approved Chicken Thigh Fillets Large Pa ... approx 1.2kg,$16.20,https://www.coles.com.au/product/coles-rspca-approved-chicken-thigh-fillets-large-pack-approx.-1.2kg-each-2263328
8782554,Coles Pork Regular Mince | 500g,$5.50,https://www.coles.com.au/product/coles-pork-regular-mince-500g-8782554
8106800,Coles Deli Fresh Tasmanian Salmon Portions ... approx 200g,$5.80,https://www.coles.com.au/product/coles-deli-fresh-tasmanian-salmon-portions-skin-on-approx.-200g-8106800
8850814,Coles Beef 3 Star Regular Mince | 1kg,$12.00,https://www.coles.com.au/product/coles-beef-3-star-regular-mince-1kg-8850814
1546564,Coles Tasmanian Salmon Portions Skin On | 460g,$15.00,https://www.coles.com.au/product/coles-tasmanian-salmon-portions-skin-on-460g-1546564
2263317,Coles RSPCA Approved Chicken Thigh Fillets Small Pa ... approx 700g,$10.50,https://www.coles.com.au/product/coles-rspca-approved-chicken-thigh-fillets-small-pack-approx.-700g-2263317
2782438,Coles RSPCA Approved Medium Whole Chicken | approx 1.65kg,$8.25,https://www.coles.com.au/product/coles-rspca-approved-medium-whole-chicken-approx.-1.65kg-2782438
8782725,Coles Pork & Beef 3 Star Mince Bolognese | 500g,$6.50,https://www.coles.com.au/product/coles-pork-and-beef-3-star-mince-bolognese-500g-8782725
3449773,Coles Beef 4 Star Lean Mince | 800g,$13.00,https://www.coles.com.au/product/coles-beef-4-star-lean-mince-800g-3449773
3954674,Coles Deli Thawed Raw Black Tiger Prawns | approx 250g,$7.25,https://www.coles.com.au/product/coles-deli-thawed-raw-black-tiger-prawns-approx.-250g-3954674
3228774,Coles Free Range RSPCA Approved Chicken Drumsti ... approx 1.4kg,$8.40,https://www.coles.com.au/product/coles-free-range-rspca-approved-chicken-drumsticks-approx.-1.4kg-3228774
2272657,Coles Deli RSPCA Approved Chicken Thigh Fillets | approx 150g,$2.02,https://www.coles.com.au/product/coles-deli-rspca-approved-chicken-thigh-fillets-approx.-150g-each-2272657
3227410,Coles RSPCA Approved Free Range Chicken Breast ... approx 1.25kg,$18.75,https://www.coles.com.au/product/coles-rspca-approved-free-range-chicken-breast-large-pack-approx.-1.25kg-3227410
3293594,Coles No Added Hormone Beef Quick Cook Scotch Fillet Steak ... 170g,$8.00,https://www.coles.com.au/product/coles-no-added-hormone-beef-quick-cook-scotch-fillet-steak-170g-3293594
8428646,Coles RSPCA Approved Chicken Breast Mince | 500g,$7.00,https://www.coles.com.au/product/coles-rspca-approved-chicken-breast-mince-500g-8428646
3537655,Coles Beef Chuck Casserole Steak | approx 900g,$16.20,https://www.coles.com.au/product/coles-beef-chuck-casserole-steak-approx.-900g-3537655
8782430,Coles Extra Lean Pork Mince | 500g,$7.00,https://www.coles.com.au/product/coles-extra-lean-pork-mince-500g-8782430
3944524,Coles Deli Thawed Raw Peeled Prawn Meat | approx 250g,$7.00,https://www.coles.com.au/product/coles-deli-thawed-raw-peeled-prawn-meat-approx.-250g-3944524
3613822,Coles Tasmanian Salmon Portions Skin Off | 460g,$17.50,https://www.coles.com.au/product/coles-tasmanian-salmon-portions-skin-off-460g-3613822
3228832,Coles RSPCA Approved Free Range Chicken Wing Nib ... approx 600g,$4.80,https://www.coles.com.au/product/coles-rspca-approved-free-range-chicken-wing-nibbles-approx.-600g-3228832
4997140,Coles No Added Hormone Beef Porterhouse Ste ... 450g,$18.00,https://www.coles.com.au/product/coles-no-added-hormone-beef-porterhouse-steak-2-pack-450g-4997140
2157397,Coles Deli Thawed Arrow Squid Rings | approx 250g,$1.75,https://www.coles.com.au/product/coles-deli-thawed-arrow-squid-rings-approx.-250g-2157397
3923626,Coles The Original Beef Sausages | 550g,$6.60,https://www.coles.com.au/product/coles-the-original-beef-sausages-550g-3923626
5221415,Keens Recipe Base Mix Curried Sausage | 285g,$2.50,https://www.coles.com.au/product/keens-recipe-base-mix-curried-sausage-285g-5221415
8850053,Coles Lamb Mince | 500g,$7.50,https://www.coles.com.au/product/coles-lamb-mince-500g-8850053
9264533,Coles Lamb Shanks 2 pack | approx 775g,$11.24,https://www.coles.com.au/product/coles-lamb-shanks-2-pack-approx.-775g-9264533
3228800,Coles RSPCA Approved Free Range Chicken Thigh L ... approx 1.25kg,$20.62,https://www.coles.com.au/product/coles-rspca-approved-free-range-chicken-thigh-large-pack-approx.-1.25kg-3228800
2303750,Lilydale Free Range Chicken Breast Fillets Bulk Pack  | approx 1kg,$15.00,https://www.coles.com.au/product/lilydale-free-range-chicken-breast-fillets-bulk-pack-approx.-1kg-each-2303750
8600952,Coles Pork Spare Ribs Rr 11X9 Large Tray | approx 800g,$14.40,https://www.coles.com.au/product/coles-pork-spare-ribs-rr-11x9-large-tray-approx.-800g-8600952
3582434,Coles No Added Hormone Beef Oyster Blade Steak | 500g,$13.00,https://www.coles.com.au/product/coles-no-added-hormone-beef-oyster-blade-steak-500g-3582434
4377340,Coles Thawed Seafood Marinara Mix | approx 250g,$3.75,https://www.coles.com.au/product/coles-thawed-seafood-marinara-mix-approx.-250g-4377340
9196739,Coles RSPCA Approved Extra Large Whole Chicken | approx 2.4kg,$12.00,https://www.coles.com.au/product/coles-rspca-approved-extra-large-whole-chicken-approx.-2.4kg-each-9196739
3588816,Coles Quick Cook Pork Belly Slices | 350g,$9.50,https://www.coles.com.au/product/coles-quick-cook-pork-belly-slices-350g-3588816
3923648,Coles Chicken Sage And Thyme Sausages | 550g,$6.60,https://www.coles.com.au/product/coles-chicken-sage-and-thyme-sausages-550g-3923648
1976461,Coles Deli RSPCA Approved Chicken Breast Chunks | approx ... approx 250g,$2.50,https://www.coles.com.au/product/coles-deli-rspca-approved-chicken-breast-chunks-approx.-250g-1976461
8598420,Coles Butcher Lamb Loin Chops | approx 500g,$10.00,https://www.coles.com.au/product/coles-butcher-lamb-loin-chops-approx.-500g-8598420
9398755,Coles Deli Thawed Basa Fillets | approx 200g,$2.20,https://www.coles.com.au/product/coles-deli-thawed-basa-fillets-approx.-200g-each-9398755
8104860,Coles Deli Fresh Tasmanian Salmon Portions ... approx 250g,$9.00,https://www.coles.com.au/product/coles-deli-fresh-tasmanian-salmon-portions-skin-off-approx.-250g-8104860
8599208,Coles Butcher Lamb Forequarter Chops | approx 1.177kg,$17.66,https://www.coles.com.au/product/coles-butcher-lamb-forequarter-chops-approx.-1.177kg-8599208
9586449,Coles Deli Thawed Barramundi Fillets | approx 350g,$6.65,https://www.coles.com.au/product/coles-deli-thawed-barramundi-fillets-approx.-350g-9586449
4352145,Coles RSPCA Approved Chicken Mince | 500g,$6.50,https://www.coles.com.au/product/coles-rspca-approved-chicken-mince-500g-4352145
8836813,Coles Deli Thawed Australian MSC Raw Banana Prawns | approx ... approx 250g,$6.50,https://www.coles.com.au/product/coles-deli-thawed-australian-msc-raw-banana-prawns-approx.-250g-8836813
2271643,Coles Deli RSPCA Approved Chicken Drumstic ... approx 160g,$0.64,https://www.coles.com.au/product/coles-deli-rspca-approved-chicken-drumsticks-approx.-160g-2271643
8599241,Coles Butcher Lamb Forequarter Chops | approx 500g,$7.50,https://www.coles.com.au/product/coles-butcher-lamb-forequarter-chops-approx.-500g-8599241
8598985,Coles Butcher Lamb Loin Chops Bulk Large Tray | approx 905g,$18.10,https://www.coles.com.au/product/coles-butcher-lamb-loin-chops-bulk-large-tray-approx.-905g-8598985
3559545,Coles RSPCA Approved Free Range Chicken Thigh C ... approx 1.05kg,$11.55,https://www.coles.com.au/product/coles-rspca-approved-free-range-chicken-thigh-cutlets-approx.-1.05kg-3559545
4474528,Drovers Beef Mince Big Value Pack | approx 1.9kg,$21.85,https://www.coles.com.au/product/drovers-beef-mince-big-value-pack-approx.-1.9kg-4474528
6546890,Coles Bulk Lamb Cutlets | approx 775g,$28.68,https://www.coles.com.au/product/coles-bulk-lamb-cutlets-approx.-775g-6546890
2024280,Coles Graze Grass Fed Beef Mince | 500g,$10.00,https://www.coles.com.au/product/coles-graze-grass-fed-beef-mince-500g-2024280
9246021,Coles Lamb Whole Lamb Leg Roast | approx 2.8kg,$33.60,https://www.coles.com.au/product/coles-lamb-whole-lamb-leg-roast-approx.-2.8kg-9246021
3923681,Coles Beef Garlic & Herb Sausages | 550g,$6.60,https://www.coles.com.au/product/coles-beef-garlic-and-herb-sausages-550g-3923681
4273050,Coles Deli Thawed Cooked Vannamei Prawns | approx 250g,$5.00,https://www.coles.com.au/product/coles-deli-thawed-cooked-vannamei-prawns-approx.-250g-4273050
2303852,Lilydale Free Range Chicken Drumsticks Bulk Pack                | approx 1kg,$7.50,https://www.coles.com.au/product/lilydale-free-range-chicken-drumsticks-bulk-pack-approx.-1kg-each-2303852
9990965,Coles Beef Stir Fry Strips | 500g,$13.00,https://www.coles.com.au/product/coles-beef-stir-fry-strips-500g-9990965
5766450,Coles Deli Thawed Raw Whole Gulf Squid | approx 250g,$5.25,https://www.coles.com.au/product/coles-deli-thawed-raw-whole-gulf-squid-approx.-250g-5766450
3293583,Coles No Added Hormone Beef Quick Cook Porterhouse Steak ... 180g,$8.00,https://www.coles.com.au/product/coles-no-added-hormone-beef-quick-cook-porterhouse-steak-180g-3293583
3569447,Coles Beef & Pork Meatballs Classic 28 Pack                                                                                            | 560g,$8.00,https://www.coles.com.au/product/coles-beef-and-pork-meatballs-classic-28-pack-560g-3569447
3091240,The Bare Bird Chicken Thigh Fillets | approx 500g,$9.00,https://www.coles.com.au/product/the-bare-bird-chicken-thigh-fillets-approx.-500g-3091240
9246065,Coles Lamb Leg Roast Half | approx 1.74kg,$26.10,https://www.coles.com.au/product/coles-lamb-leg-roast-half-approx.-1.74kg-9246065
2021544,Coles RSPCA Approved Chicken Wing Nibbles | approx 1.1kg,$7.70,https://www.coles.com.au/product/coles-rspca-approved-chicken-wing-nibbles-approx.-1.1kg-2021544
1833384,Lilydale Free Range Chicken Tenderloins | 500g,$13.00,https://www.coles.com.au/product/lilydale-free-range-chicken-tenderloins-500g-1833384
4997220,Coles Beef Scotch Steak Fillet 2 Pack | 480g,$18.00,https://www.coles.com.au/product/coles-beef-scotch-steak-fillet-2-pack-480g-4997220
6067751,Coles Beef Sizzle Steak | 400g,$13.00,https://www.coles.com.au/product/coles-beef-sizzle-steak-400g-6067751
9672959,Coles Deli Thawed Australian Cooked Black Tiger Pra ... approx 250g,$8.00,https://www.coles.com.au/product/coles-deli-thawed-australian-cooked-black-tiger-prawns-large-approx.-250g-9672959
9989977,Coles Beef Diced                                                                                                                      | 500g,$11.00,https://www.coles.com.au/product/coles-beef-diced-500g-9989977
6869141,Coles Sausage Mince | 500g,$6.00,https://www.coles.com.au/product/coles-sausage-mince-500g-6869141
9277808,Steggles Turkey Mince | 500g,$6.50,https://www.coles.com.au/product/steggles-turkey-mince-500g-9277808
3228810,Coles RSPCA Approved Free Range Chicken Whole | approx 1.6kg,$11.20,https://www.coles.com.au/product/coles-rspca-approved-free-range-chicken-whole-approx.-1.6kg-3228810
6332047,Coles Beef Fillet Steak Small | 300g,$14.00,https://www.coles.com.au/product/coles-beef-fillet-steak-small-300g-6332047
3175576,Coles RSPCA Approved Chicken Mixed Portions Southern Fried | approx ... approx 1.3kg,$15.60,https://www.coles.com.au/product/coles-rspca-approved-chicken-mixed-portions-southern-fried-approx.-1.3kg-3175576
2263306,Coles RSPCA Approved Chicken Tenderloins | approx 600g,$9.90,https://www.coles.com.au/product/coles-rspca-approved-chicken-tenderloins-approx.-600g-2263306
8600850,Coles Pork Loin Chops | approx 800g,$15.20,https://www.coles.com.au/product/coles-pork-loin-chops-approx.-800g-8600850
3923761,Coles Pork Sausage | 550g,$6.60,https://www.coles.com.au/product/coles-pork-sausage-550g-3923761
3796664,Ocean Blue Smoked Salmon | 350g,$16.00,https://www.coles.com.au/product/ocean-blue-smoked-salmon-350g-3796664
3781703,Coles Pork Sirloin Steak | 500g,$11.50,https://www.coles.com.au/product/coles-pork-sirloin-steak-500g-3781703
2829699,Lilydale Chicken Breast Schnitzels | 400g,$12.50,https://www.coles.com.au/product/lilydale-chicken-breast-schnitzels-400g-2829699
4501493,Coles Lamb Leg Steak 2 Pack | 215g,$7.50,https://www.coles.com.au/product/coles-lamb-leg-steak-2-pack-215g-4501493
3228730,Coles RSPCA Approved Free Range Chicken Breast Fillet Small Pack | ... approx 600g,$10.20,https://www.coles.com.au/product/coles-rspca-approved-free-range-chicken-breast-fillet-small-pack-approx.-600g-3228730
3477123,Tassal Tasmanian Smoked Salmon | 250g,$17.00,https://www.coles.com.au/product/tassal-tasmanian-smoked-salmon-250g-3477123
4251534,Coles Corned Silverside | approx 1.4kg,$14.00,https://www.coles.com.au/product/coles-corned-silverside-approx.-1.4kg-4251534
2904193,Coles RSPCA Chicken Schnitzel Plain Crumb | 1.2kg,$12.50,https://www.coles.com.au/product/coles-rspca-chicken-schnitzel-plain-crumb-1.2kg-2904193
3582478,Coles No Added Hormone Beef Scotch Steak With Truffl ... 265g,$12.00,https://www.coles.com.au/product/coles-no-added-hormone-beef-scotch-steak-with-truffle-inspired-butter-265g-3582478
2263339,Coles RSPCA Approved Chicken V Wings | approx 1.1kg,$9.35,https://www.coles.com.au/product/coles-rspca-approved-chicken-v-wings-approx.-1.1kg-2263339
3559454,Coles RSPCA Approved Free Range Chicken Maryland | approx 800g,$8.00,https://www.coles.com.au/product/coles-rspca-approved-free-range-chicken-maryland-approx.-800g-3559454
3773396,Coles Prawns Raw Peeled | 260g,$12.50,https://www.coles.com.au/product/coles-prawns-raw-peeled-260g-3773396
6487531,Coles Deli Thawed Cooked Prawn Plate Small | 200g,$8.00,https://www.coles.com.au/product/coles-deli-thawed-cooked-prawn-plate-small-200g-6487531
1558144,Coles Tasmanian Salmon Portions Skin Off | 280g,$13.00,https://www.coles.com.au/product/coles-tasmanian-salmon-portions-skin-off-280g-1558144
2303772,Lilydale Free Range Chicken Thigh Fillets Bulk Pack               | approx 900g,$18.00,https://www.coles.com.au/product/lilydale-free-range-chicken-thigh-fillets-bulk-pack-approx.-900g-2303772
7607184,Lilydale Free Range Whole Chicken | approx 1.27kg,$11.43,https://www.coles.com.au/product/lilydale-free-range-whole-chicken-approx.-1.27kg-each-7607184
3853699,Coles No Added Hormone Beef Porterhouse Steak With ... 500g,$19.00,https://www.coles.com.au/product/coles-no-added-hormone-beef-porterhouse-steak-with-thyme-and-pepper-butter-500g-3853699
2819389,Coles RSPCA Approved Chicken Whole Boneless Herb & G ... approx 850g,$9.35,https://www.coles.com.au/product/coles-rspca-approved-chicken-whole-boneless-herb-and-garlic-approx.-850g-2819389
2359370,Coles Pork Fillet | approx 400g,$8.40,https://www.coles.com.au/product/coles-pork-fillet-approx.-400g-2359370
9206800,Coles Lamb Boneless Shoulder Roast | approx 1.3kg,$28.60,https://www.coles.com.au/product/coles-lamb-boneless-shoulder-roast-approx.-1.3kg-9206800
2878130,Coles Tasmanian Salmon Portions Skin On | 280g,$12.00,https://www.coles.com.au/product/coles-tasmanian-salmon-portions-skin-on-280g-2878130
3923739,Coles Beef Chipolatas | 550g,$6.60,https://www.coles.com.au/product/coles-beef-chipolatas-550g-3923739
8227768,Lilydale Free Range Chicken Breast Fillets Small Pa ... approx 600g,$11.70,https://www.coles.com.au/product/lilydale-free-range-chicken-breast-fillets-small-pack-approx.-600g-each-8227768
2335939,Coles Pork Sizzle Steaks | 400g,$8.00,https://www.coles.com.au/product/coles-pork-sizzle-steaks-400g-2335939
7451857,Coles Pork Spare Ribs | approx 330g,$6.93,https://www.coles.com.au/product/coles-pork-spare-ribs-approx.-330g-7451857
2903871,Coles RSPCA Approved Chicken Breast Fillet Crumb Sage & Rosemary ... 400g,$10.00,https://www.coles.com.au/product/coles-rspca-approved-chicken-breast-fillet-crumb-sage-and-rosemary-400g-2903871
9413881,Coles Boneless Pork Shoulder Roast | approx 2.6kg,$26.00,https://www.coles.com.au/product/coles-boneless-pork-shoulder-roast-approx.-2.6kg-9413881
5969865,Coles RSPCA Approved Chicken Breast Schnitzel Plain Crumb | 600g,$10.50,https://www.coles.com.au/product/coles-rspca-approved-chicken-breast-schnitzel-plain-crumb-600g-5969865
6068539,Coles No Added Hormone Beef Sandwich Steak | 400g,$12.00,https://www.coles.com.au/product/coles-no-added-hormone-beef-sandwich-steak-400g-6068539
4174794,Coles Boneless Pork Leg Roast | approx 2.1kg,$19.95,https://www.coles.com.au/product/coles-boneless-pork-leg-roast-approx.-2.1kg-4174794
4462030,The Bare Bird Chicken Breast Fillets | 500g,$11.00,https://www.coles.com.au/product/the-bare-bird-chicken-breast-fillets-500g-4462030
6332353,Coles Beef Gravy | 800g,$15.00,https://www.coles.com.au/product/coles-beef-gravy-800g-6332353
3228785,Coles RSPCA Approved Free Range Chicken Tenderloi ... approx 600g,$12.00,https://www.coles.com.au/product/coles-rspca-approved-free-range-chicken-tenderloins-approx.-600g-3228785
3855286,Coles Graze Grassfed Beef Scotch Fillet Steak | 250g,$13.00,https://www.coles.com.au/product/coles-graze-grassfed-beef-scotch-fillet-steak-250g-3855286
2565429,Coles RSPCA Approved Chicken Giblets         | approx 600g,$4.50,https://www.coles.com.au/product/coles-rspca-approved-chicken-giblets-approx.-600g-2565429
2464476,Coles Pork Forequarter Cutlets | approx 750g,$10.88,https://www.coles.com.au/product/coles-pork-forequarter-cutlets-approx.-750g-each-2464476
1718058,Coles RSPCA Approved Chicken Livers | approx 600g,$5.40,https://www.coles.com.au/product/coles-rspca-approved-chicken-livers-approx.-600g-1718058
3377184,Coles Lamb Cutlets | approx 320g,$11.84,https://www.coles.com.au/product/coles-lamb-cutlets-approx.-320g-3377184
4258486,Coles Graze Grass Fed No Added Hormone Oyster Blade Thin Sliced ... 400g,$10.00,https://www.coles.com.au/product/coles-graze-grass-fed-no-added-hormone-oyster-blade-thin-sliced-steak-400g-4258486
4683889,Luv A Duck Frozen Whole Duck | 2.1kg,$15.00,https://www.coles.com.au/product/luv-a-duck-frozen-whole-duck-2.1kg-4683889
9223332,Cleaver's Beef Mince Free Range Extra Lean Organic                                                                                        | 500g,$15.00,https://www.coles.com.au/product/cleaver's-beef-mince-free-range-extra-lean-organic-500g-9223332
2747131,Coles Pork Ribs BBQ | approx 1.2kg,$24.00,https://www.coles.com.au/product/coles-pork-ribs-bbq-approx.-1.2kg-2747131
1502219,Coles Finest Italian Style Pork Sausages | 500g,$9.00,https://www.coles.com.au/product/coles-finest-italian-style-pork-sausages-500g-1502219
3770795,Ocean Blue Sliced Smoked Salmon | 180g,$10.50,https://www.coles.com.au/product/ocean-blue-sliced-smoked-salmon-180g-3770795
7451879,Coles Pork Loin Chops | approx 400g,$8.00,https://www.coles.com.au/product/coles-pork-loin-chops-approx.-400g-7451879
2725456,Coles Graze Grass Fed Beef Meatballs | 420g,$7.50,https://www.coles.com.au/product/coles-graze-grass-fed-beef-meatballs-420g-2725456
2529470,Coles Gluten Free Beef Burgers Graze Grass Fed Oregano & Fresh Parsley ... 500g,$9.00,https://www.coles.com.au/product/coles-gluten-free-beef-burgers-graze-grass-fed-oregano-and-fresh-parsley-500g-2529470
2839579,Coles Pork Belly Roast Boneless | approx 1.3kg,$20.80,https://www.coles.com.au/product/coles-pork-belly-roast-boneless-approx.-1.3kg-2839579
3898948,Coles Classic Beef Burgers | 500g,$8.50,https://www.coles.com.au/product/coles-classic-beef-burgers-500g-3898948
2829622,Lilydale Free Range Chicken Breast Strips Crumbed | 400g,$10.50,https://www.coles.com.au/product/lilydale-free-range-chicken-breast-strips-crumbed-400g-2829622
5285280,Tassal Fresh Tassie Salmon Portions Skin Off | 300g,$15.00,https://www.coles.com.au/product/tassal-fresh-tassie-salmon-portions-skin-off-300g-5285280
9206887,Coles Butcher Lamb Leg Roast Boneless | approx 1.08kg,$21.60,https://www.coles.com.au/product/coles-butcher-lamb-leg-roast-boneless-approx.-1.08kg-9206887
3091126,The Bare Bird Whole Chicken | approx 1.6kg,$13.60,https://www.coles.com.au/product/the-bare-bird-whole-chicken-approx.-1.6kg-each-3091126
3492637,Coles No Added Hormone Beef Roast Topside | approx 1.3kg,$23.40,https://www.coles.com.au/product/coles-no-added-hormone-beef-roast-topside-approx.-1.3kg-3492637
6332003,Coles Beef Fillet Steak | 450g,$21.00,https://www.coles.com.au/product/coles-beef-fillet-steak-450g-6332003
2471868,McCormick Grill Mates Tennessee Smokehouse BBQ Rub | 40g,$2.50,https://www.coles.com.au/product/mccormick-grill-mates-tennessee-smokehouse-bbq-rub-40g-2471868
1567000,Coles Basa Portions Skin Off 2 Pack | 260g,$5.00,https://www.coles.com.au/product/coles-basa-portions-skin-off-2-pack-260g-1567000
7346171,Coles Finest Sausages Beef Garlic Parsley | 500g,$9.00,https://www.coles.com.au/product/coles-finest-sausages-beef-garlic-parsley-500g-7346171
3050173,Coles Pork Loin Steaks Thin Cut | 500g,$10.00,https://www.coles.com.au/product/coles-pork-loin-steaks-thin-cut-500g-3050173
3048069,Coles Deli RSPCA Approved Chicken Breast Kebab Honey Soy ... 1 each,$1.30,https://www.coles.com.au/product/coles-deli-rspca-approved-chicken-breast-kebab-honey-soy-1-each-3048069
3781816,Coles Free Range Pork Belly Slices 11X5 | 400g,$12.00,https://www.coles.com.au/product/coles-free-range-pork-belly-slices-11x5-400g-3781816
3923660,Coles Pork Chipolatas | 550g,$6.60,https://www.coles.com.au/product/coles-pork-chipolatas-550g-3923660
3034348,Coles Beef Thyme And Parsley Burgers | 500g,$8.50,https://www.coles.com.au/product/coles-beef-thyme-and-parsley-burgers-500g-3034348
7363501,Coles Boneless Small Pork Loin Roast | approx 1.25kg,$15.00,https://www.coles.com.au/product/coles-boneless-small-pork-loin-roast-approx.-1.25kg-7363501
9224255,Cleaver's Beef Mince Free Range Organic                                                                                                    | 500g,$12.50,https://www.coles.com.au/product/cleaver's-beef-mince-free-range-organic-500g-9224255
3537575,Coles Beef T Bone Steak | approx 500g,$15.00,https://www.coles.com.au/product/coles-beef-t-bone-steak-approx.-500g-3537575
3773421,Coles Cooked Prawns With Cocktail Sauce | 260g,$10.00,https://www.coles.com.au/product/coles-cooked-prawns-with-cocktail-sauce-260g-3773421
9232956,Coles RSPCA Approved Chicken Breast Schnitzel Garlic & Herb Cr ... 600g,$10.50,https://www.coles.com.au/product/coles-rspca-approved-chicken-breast-schnitzel-garlic-and-herb-crumb-600g-9232956
2741554,Coles Free Range Pork Mince | 500g,$8.00,https://www.coles.com.au/product/coles-free-range-pork-mince-500g-2741554
5088440,Coles RSPCA Approved Chicken Drumsticks With Med ... approx 800g,$6.40,https://www.coles.com.au/product/coles-rspca-approved-chicken-drumsticks-with-mediterranean-glaze-approx.-800g-5088440
4678903,Coles No Added Hormone Beef Rump Medallions | 300g,$10.00,https://www.coles.com.au/product/coles-no-added-hormone-beef-rump-medallions-300g-4678903
4378772,Coles Beef Soup Bones Vac | approx 1.1kg,$7.70,https://www.coles.com.au/product/coles-beef-soup-bones-vac-approx.-1.1kg-4378772
3492660,Coles No Added Hormone Beef Brisket Slow Co ... approx 1.4kg,$21.00,https://www.coles.com.au/product/coles-no-added-hormone-beef-brisket-slow-cook-approx.-1.4kg-3492660
4746694,Coles Deli Fresh Salmon Fins | approx 250g,$3.75,https://www.coles.com.au/product/coles-deli-fresh-salmon-fins-approx.-250g-4746694
6332182,Coles Graze Grassfed Beef Fillet Steak | 300g,$19.00,https://www.coles.com.au/product/coles-graze-grassfed-beef-fillet-steak-300g-6332182
2814818,British Cumberland Sausages | 500g,$8.50,https://www.coles.com.au/product/british-cumberland-sausages-500g-2814818
5928529,Coles Finest Mixed Selection Sausage Pack | 500g,$9.00,https://www.coles.com.au/product/coles-finest-mixed-selection-sausage-pack-500g-5928529
3051493,Coles Tasmanian Salmon Diced | 300g,$11.50,https://www.coles.com.au/product/coles-tasmanian-salmon-diced-300g-3051493
3455007,Coles Pork Mini Shoulder Roast Boneless | approx 1kg,$12.00,https://www.coles.com.au/product/coles-pork-mini-shoulder-roast-boneless-approx.-1kg-3455007
3745878,Coles RSPCA Approved Chicken Kebabs Honey & Soy | 750g,$12.00,https://www.coles.com.au/product/coles-rspca-approved-chicken-kebabs-honey-and-soy-750g-3745878
8601456,Coles Beef Blade Roast | approx 1.42kg,$21.30,https://www.coles.com.au/product/coles-beef-blade-roast-approx.-1.42kg-8601456
5132370,Coles Beef Rump Steak | approx 832g,$24.96,https://www.coles.com.au/product/coles-beef-rump-steak-approx.-832g-5132370
2846745,Ocean Blue Sliced Smoked Salmon | 50g,$4.90,https://www.coles.com.au/product/ocean-blue-sliced-smoked-salmon-50g-2846745
3024242,Ocean Blue Sliced Smoked Salmon | 100g,$7.50,https://www.coles.com.au/product/ocean-blue-sliced-smoked-salmon-100g-3024242
3745710,Coles RSPCA Approved Chicken Kebabs Honey & Soy | 375g,$8.00,https://www.coles.com.au/product/coles-rspca-approved-chicken-kebabs-honey-and-soy-375g-3745710
1833373,Lilydale Free Range Chicken Stir Fry | 500g,$12.50,https://www.coles.com.au/product/lilydale-free-range-chicken-stir-fry-500g-1833373
1491280,Coles RSPCA Approved Chicken Necks | approx 1.1kg,$7.15,https://www.coles.com.au/product/coles-rspca-approved-chicken-necks-approx.-1.1kg-1491280
2951568,Rocco's Smokey Bacon & Cheese Sausages | 450g,$8.00,https://www.coles.com.au/product/rocco's-smokey-bacon-and-cheese-sausages-450g-2951568
5992620,Coles Finest Lamb Frenched Rack Roast | approx 226g,$9.04,https://www.coles.com.au/product/coles-finest-lamb-frenched-rack-roast-approx.-226g-5992620
3034235,Coles Finest Beef With Brisket Burger | 600g,$10.00,https://www.coles.com.au/product/coles-finest-beef-with-brisket-burger-600g-3034235
2888519,Coles Beef Ribs | approx 800g,$11.20,https://www.coles.com.au/product/coles-beef-ribs-approx.-800g-each-2888519
1024106,Coles Deli Fresh Saddletail Snapper Fillet | approx 250g,$9.00,https://www.coles.com.au/product/coles-deli-fresh-saddletail-snapper-fillet-approx.-250g-each-1024106
5970321,Coles RSPCA Approved Chicken Breast Kiev Garlic Butter  | 700g,$9.50,https://www.coles.com.au/product/coles-rspca-approved-chicken-breast-kiev-garlic-butter-700g-5970321
3472389,Coles Smoked Meaty Pork Leg Hock | approx 1kg,$11.00,https://www.coles.com.au/product/coles-smoked-meaty-pork-leg-hock-approx.-1kg-each-3472389
5927592,Coles Finest Lamb Garlic And Oregano Sausages | 450g,$9.00,https://www.coles.com.au/product/coles-finest-lamb-garlic-and-oregano-sausages-450g-5927592
3477054,Tassal Tasmanian Smoked Salmon | 150g,$10.00,https://www.coles.com.au/product/tassal-tasmanian-smoked-salmon-150g-3477054
6331623,Coles Diced Casserole | 500g,$11.00,https://www.coles.com.au/product/coles-diced-casserole-500g-6331623
3386072,Coles Deli RSPCA Approved Chicken Breast Satay St ... 1 each,$1.30,https://www.coles.com.au/product/coles-deli-rspca-approved-chicken-breast-satay-style-kebab-1-each-3386072
5132676,Coles Finest Thick & Juicy Beef Burger 2 Pack | 300g,$7.50,https://www.coles.com.au/product/coles-finest-thick-and-juicy-beef-burger-2-pack-300g-5132676
5926669,Coles Finest Beef And Margaret River Shiraz Sausages | 500g,$9.00,https://www.coles.com.au/product/coles-finest-beef-and-margaret-river-shiraz-sausages-500g-5926669
6331146,Coles No Added Hormone Beef mp Steak Half | 500g,$12.00,https://www.coles.com.au/product/coles-no-added-hormone-beef-mp-steak-half-500g-6331146
3855457,Drovers Choice Beef Rump Steak | 230g,$6.00,https://www.coles.com.au/product/drovers-choice-beef-rump-steak-230g-3855457
3476834,Coles RSPCA Approved Chicken Popcorn Southern Fried | 400g,$8.00,https://www.coles.com.au/product/coles-rspca-approved-chicken-popcorn-southern-fried-400g-3476834
3559636,Coles RSPCA Approved Free Range Chicken Lovely Le ... approx 600g,$6.30,https://www.coles.com.au/product/coles-rspca-approved-free-range-chicken-lovely-legs-approx.-600g-3559636
3855275,Coles Graze Grassfed Beef Rump Steak | 300g,$11.00,https://www.coles.com.au/product/coles-graze-grassfed-beef-rump-steak-300g-3855275
2891502,Drovers Beef Ribs | approx 1.7kg,$20.40,https://www.coles.com.au/product/drovers-beef-ribs-approx.-1.7kg-2891502
2272715,Coles Deli Rspca Approved Chicken Wings | approx 120g,$0.84,https://www.coles.com.au/product/coles-deli-rspca-approved-chicken-wings-approx.-120g-each-2272715
1957139,Frank's Original Redhot Sauce | 148mL,$3.50,https://www.coles.com.au/product/frank's-original-redhot-sauce-148ml-1957139
3729747,Tassal Tasmanian Smoked Salmon | 100g,$8.00,https://www.coles.com.au/product/tassal-tasmanian-smoked-salmon-100g-3729747
3024843,Coles Made Easy Chicken Enchiladas With Beans & Cheese | 450g,$8.00,https://www.coles.com.au/product/coles-made-easy-chicken-enchiladas-with-beans-and-cheese-450g-3024843
4996647,Coles Finest Carbon Neutral Beef Mince | 500g,$10.50,https://www.coles.com.au/product/coles-finest-carbon-neutral-beef-mince-500g-4996647
2904025,Coles RSPCA Approved Chicken Burgers Plain Crumb | 1.2kg,$14.00,https://www.coles.com.au/product/coles-rspca-approved-chicken-burgers-plain-crumb-1.2kg-2904025
9681767,Coles Deli RSPCA Approved Chicken Crumbed Schni ... 1 each,$2.50,https://www.coles.com.au/product/coles-deli-rspca-approved-chicken-crumbed-schnitzel-1-each-9681767
5095616,Lilydale Honey Cinnamon Wings | 500g,$7.00,https://www.coles.com.au/product/lilydale-honey-cinnamon-wings-500g-5095616
3768374,Primo Gourmet Beef & Pork Chorizo Sausage | 450g,$8.50,https://www.coles.com.au/product/primo-gourmet-beef-and-pork-chorizo-sausage-450g-3768374
7585263,Lilydale Free Range Chicken Mince | 500g,$10.50,https://www.coles.com.au/product/lilydale-free-range-chicken-mince-500g-7585263
3580600,Coles Lamb Diced | 450g,$13.00,https://www.coles.com.au/product/coles-lamb-diced-450g-3580600
5285371,Tassal Salmon Portions Skin On | 300g,$14.00,https://www.coles.com.au/product/tassal-salmon-portions-skin-on-300g-5285371
5629540,Coles Beef Scotch Fillet Thin Cut | 400g,$19.00,https://www.coles.com.au/product/coles-beef-scotch-fillet-thin-cut-400g-5629540
2727699,Coles Lamb Boneless Shank Meat | approx 700g,$15.40,https://www.coles.com.au/product/coles-lamb-boneless-shank-meat-approx.-700g-2727699
4144829,Coles Deli RSPCA Approved Chicken Schnitzel | 250g,$4.00,https://www.coles.com.au/product/coles-deli-rspca-approved-chicken-schnitzel-250g-4144829
6390564,KB's Seafood Crumbed Squid Chips | 200g,$8.00,https://www.coles.com.au/product/kb's-seafood-crumbed-squid-chips-200g-6390564
3582092,Coles Hot Smoked Salmon Cracked Pepper | 150g,$8.50,https://www.coles.com.au/product/coles-hot-smoked-salmon-cracked-pepper-150g-3582092
9243271,Coles RSPCA Approved Chicken Tenders Southern Fried | 400g,$10.00,https://www.coles.com.au/product/coles-rspca-approved-chicken-tenders-southern-fried-400g-9243271
6322462,Coles Raw Prawns Garlic & Herb | 260g,$12.50,https://www.coles.com.au/product/coles-raw-prawns-garlic-and-herb-260g-6322462
1496411,Coles Made Easy Lamb Strips In Souvlaki Seasoning | 500g,$13.00,https://www.coles.com.au/product/coles-made-easy-lamb-strips-in-souvlaki-seasoning-500g-1496411
1026032,Coles Deli Seafood Salad | approx 250g,$4.75,https://www.coles.com.au/product/coles-deli-seafood-salad-approx.-250g-1026032
222782,Coles Deli Thawed MSC Smoked Cod Fillet | approx 200g,$2.60,https://www.coles.com.au/product/coles-deli-thawed-msc-smoked-cod-fillet-approx.-200g-each-222782
7601621,Tassal Tasmanian Smoked Salmon Pieces For Cooking | 200g,$9.00,https://www.coles.com.au/product/tassal-tasmanian-smoked-salmon-pieces-for-cooking-200g-7601621
2014119,Coles RSPCA Approved Chicken Breast Steaks Lemon & Herb | 500g,$11.50,https://www.coles.com.au/product/coles-rspca-approved-chicken-breast-steaks-lemon-and-herb-500g-2014119
4261312,Lilydale Chicken Breast Schnitzel With Cauliflower & He ... 400g,$11.50,https://www.coles.com.au/product/lilydale-chicken-breast-schnitzel-with-cauliflower-and-herb-crumb-400g-4261312
4256651,Coles No Added Hormone Beef Shin Gravy Beef Whole Piece | ... approx 850g,$14.45,https://www.coles.com.au/product/coles-no-added-hormone-beef-shin-gravy-beef-whole-piece-approx.-850g-4256651
8598704,Coles Beef Eye Fillet Roast | approx 500g,$26.00,https://www.coles.com.au/product/coles-beef-eye-fillet-roast-approx.-500g-each-8598704
3862361,Luv A Duck A L'orange Duck Legs | 500g,$8.50,https://www.coles.com.au/product/luv-a-duck-a-l'orange-duck-legs-500g-3862361
4469970,Coles Beef Kebabs | 500g,$8.50,https://www.coles.com.au/product/coles-beef-kebabs-500g-4469970
3766255,Coles Slow Cooked Pork Knuckle | approx 1Kg,$11.00,https://www.coles.com.au/product/coles-slow-cooked-pork-knuckle-approx.-1kg-each-3766255
5836737,Agrios Wild Alaskan Red Sockeye Salmon Portions Skin On | 220g,$15.00,https://www.coles.com.au/product/agrios-wild-alaskan-red-sockeye-salmon-portions-skin-on-220g-5836737
2263292,Coles RSPCA Approved Chicken Breast Stir Fry                  | approx 700g,$11.20,https://www.coles.com.au/product/coles-rspca-approved-chicken-breast-stir-fry-approx.-700g-2263292
8227735,Lilydale Free Range Chicken Thigh Fillets Small Pa ... approx 545g,$11.45,https://www.coles.com.au/product/lilydale-free-range-chicken-thigh-fillets-small-pack-approx.-545g-each-8227735
3453293,Coles Deli Thawed Australian MSC Raw Peeled B ... approx 250g,$11.50,https://www.coles.com.au/product/coles-deli-thawed-australian-msc-raw-peeled-banana-prawn-meat-approx.-250g-3453293
5991514,Coles Finest Lamb Hand Cut Frenched Cutlet | approx 208g,$8.94,https://www.coles.com.au/product/coles-finest-lamb-hand-cut-frenched-cutlet-approx.-208g-5991514
3697710,Coles Graze Lamb Mince  | 500g,$9.00,https://www.coles.com.au/product/coles-graze-lamb-mince-500g-3697710
3270974,Coles RSPCA Approved Chicken Southern Fried Thigh Burger | 400g,$10.00,https://www.coles.com.au/product/coles-rspca-approved-chicken-southern-fried-thigh-burger-400g-3270974
3029155,Coles Made Easy Chicken Strips In Souvlaki Seasoni ... 500g,$11.00,https://www.coles.com.au/product/coles-made-easy-chicken-strips-in-souvlaki-seasoning-500g-3029155
6435017,Coles Beef Stirfry With Black Pepper | 300g,$12.15,https://www.coles.com.au/product/coles-beef-stirfry-with-black-pepper-300g-6435017
2957859,Luv A Duck Cooked Duck Breast Peking Flavoured | 360g,$16.50,https://www.coles.com.au/product/luv-a-duck-cooked-duck-breast-peking-flavoured-360g-2957859
3777637,Coles Tasmanian Salmon Portions With Lemon & Herb Crumb | ... 500g,$17.50,https://www.coles.com.au/product/coles-tasmanian-salmon-portions-with-lemon-and-herb-crumb-500g-3777637
3505954,Coles RSPCA Approved Free Range Chicken Stir Fry | approx 575g,$13.80,https://www.coles.com.au/product/coles-rspca-approved-free-range-chicken-stir-fry-approx.-575g-3505954
3942620,Coles Graze Lamb Extra Trim Cutlets | approx 300g,$13.80,https://www.coles.com.au/product/coles-graze-lamb-extra-trim-cutlets-approx.-300g-3942620
3199541,Coles RSPCA Approved Chicken Frames | approx 750g,$4.12,https://www.coles.com.au/product/coles-rspca-approved-chicken-frames-approx.-750g-each-3199541
5919460,Coles Pork Mince | 700g,$7.00,https://www.coles.com.au/product/coles-pork-mince-700g-5919460
3900020,Coles Lamb Kebabs | 450g,$8.50,https://www.coles.com.au/product/coles-lamb-kebabs-450g-3900020
1001461,Coles RSPCA Approved Chicken Wings Honey & Soy | 1kg,$9.00,https://www.coles.com.au/product/coles-rspca-approved-chicken-wings-honey-and-soy-1kg-1001461
5175249,Three Aussie Farmers The Outback BBQ Beef & Pork Burgers | 500g,$9.00,https://www.coles.com.au/product/three-aussie-farmers-the-outback-bbq-beef-and-pork-burgers-500g-5175249
1589884,Coles Australian Whiting Mini Fillets With Plain Crumb | 285g,$11.00,https://www.coles.com.au/product/coles-australian-whiting-mini-fillets-with-plain-crumb-285g-1589884
4465662,Coles Lamb Shanks Family Pack | approx 2kg,$29.00,https://www.coles.com.au/product/coles-lamb-shanks-family-pack-approx.-2kg-4465662
6322440,Coles Cooked Jumbo Prawn Cutlets | 240g,$14.50,https://www.coles.com.au/product/coles-cooked-jumbo-prawn-cutlets-240g-6322440
1200402,Coles Made Easy Slow Cooked Lamb Shanks With Red In Sauce | 900g,$17.00,https://www.coles.com.au/product/coles-made-easy-slow-cooked-lamb-shanks-with-red-in-sauce-900g-1200402
3855264,Coles Graze Grassfed Beef New York Strip Steak | 380g,$17.00,https://www.coles.com.au/product/coles-graze-grassfed-beef-new-york-strip-steak-380g-3855264
6332160,Coles Finest Carbon Neutral Beef Eye Fillet Steak | 330g,$23.00,https://www.coles.com.au/product/coles-finest-carbon-neutral-beef-eye-fillet-steak-330g-6332160
5132541,Coles Lamb Burgers With Rosemary And Garlic 4 Pack | 400g,$8.50,https://www.coles.com.au/product/coles-lamb-burgers-with-rosemary-and-garlic-4-pack-400g-5132541
7428265,Coles Deli RSPCA Approved Chicken Nibbles H ... approx 70g,$0.63,https://www.coles.com.au/product/coles-deli-rspca-approved-chicken-nibbles-honey-soy-approx.-70g-7428265
3763596,Coles Deli Thawed MSC Raw Lobster Tails | 1 each,$10.00,https://www.coles.com.au/product/coles-deli-thawed-msc-raw-lobster-tails-1-each-3763596
2819345,Richmond Valley Veal Sizzle Steak | 400g,$12.00,https://www.coles.com.au/product/richmond-valley-veal-sizzle-steak-400g-2819345
3110785,Coles No Added Hormone Beef Marrow Bones | approx 1.25Kg,$7.50,https://www.coles.com.au/product/coles-no-added-hormone-beef-marrow-bones-approx.-1.25kg-3110785
6135691,Coles Pork Scotch Fillet Steak | 300g,$6.50,https://www.coles.com.au/product/coles-pork-scotch-fillet-steak-300g-6135691
3478308,Coles Crumbed Pork Schnitzel | 300g,$6.50,https://www.coles.com.au/product/coles-crumbed-pork-schnitzel-300g-3478308
4501290,Coles Rump Steak 2 Pack | 215g,$7.50,https://www.coles.com.au/product/coles-rump-steak-2-pack-215g-4501290
5245990,Coles RSPCA Approved Chicken Breast Tenders Plain Crumb | 400g,$8.00,https://www.coles.com.au/product/coles-rspca-approved-chicken-breast-tenders-plain-crumb-400g-5245990
5621559,The Fishery Sardine Fillets | 250g,$9.50,https://www.coles.com.au/product/the-fishery-sardine-fillets-250g-5621559
2814953,Coles Beef BBQ Burgers 10 pack | 1kg,$11.00,https://www.coles.com.au/product/coles-beef-bbq-burgers-10-pack-1kg-2814953
5458425,Coles RSPCA Approved Whole Boneless Chicken With Asian ... approx 1kg,$11.00,https://www.coles.com.au/product/coles-rspca-approved-whole-boneless-chicken-with-asian-bbq-rub-approx.-1kg-5458425
4720260,Coles Tasmanian Salmon Marinated Portions Teriyaki | 325g,$13.00,https://www.coles.com.au/product/coles-tasmanian-salmon-marinated-portions-teriyaki-325g-4720260
5498441,Coles Organic Beef Stirfry | 500g,$15.00,https://www.coles.com.au/product/coles-organic-beef-stirfry-500g-5498441
3165594,Coles Deli Thawed Peeled Garlic Prawns | approx 250g,$8.25,https://www.coles.com.au/product/coles-deli-thawed-peeled-garlic-prawns-approx.-250g-3165594
2740766,Ocean Blue Sliced Smoked Ocean Trout | 100g,$7.50,https://www.coles.com.au/product/ocean-blue-sliced-smoked-ocean-trout-100g-2740766
4678970,Coles No Added Hormone Peppered Beef Steaks | 300g,$8.00,https://www.coles.com.au/product/coles-no-added-hormone-peppered-beef-steaks-300g-4678970
3582081,Coles Hot Smoked Salmon Natural | 150g,$8.50,https://www.coles.com.au/product/coles-hot-smoked-salmon-natural-150g-3582081
4454280,Coles Free Range RSPCA Approved Chicken Mango & ... approx 950g,$13.30,https://www.coles.com.au/product/coles-free-range-rspca-approved-chicken-mango-and-coconut-approx.-950g-4454280
9154794,Coles Lamb Shoulder Roast On The Bone | approx 2.2kg,$27.50,https://www.coles.com.au/product/coles-lamb-shoulder-roast-on-the-bone-approx.-2.2kg-9154794
3220921,Rocco's Vienna Style Frankfurters | 450g,$8.00,https://www.coles.com.au/product/rocco's-vienna-style-frankfurters-450g-3220921
5259644,Coles Sliced Pork Belly With Sweet Soy Glaze | 300g,$8.00,https://www.coles.com.au/product/coles-sliced-pork-belly-with-sweet-soy-glaze-300g-5259644
4469346,Primo Gourmet World Flavours German Bratwurst Sausa ... 450g,$8.50,https://www.coles.com.au/product/primo-gourmet-world-flavours-german-bratwurst-sausage-450g-4469346
6358517,Coles Spicy Korean Chicken Bites | 450g,$10.00,https://www.coles.com.au/product/coles-spicy-korean-chicken-bites-450g-6358517
5621210,The Fishery Banana Prawn Meat | 200g,$12.00,https://www.coles.com.au/product/the-fishery-banana-prawn-meat-200g-5621210
2023765,Coles Graze Grassfed Beef Stir Fry | 500g,$14.00,https://www.coles.com.au/product/coles-graze-grassfed-beef-stir-fry-500g-2023765
5286625,Tassal Salmon Portions Mustard And Dill | 300g,$14.00,https://www.coles.com.au/product/tassal-salmon-portions-mustard-and-dill-300g-5286625
4994787,Coles Finest Carbon Neutral Beef Scotch Fillet Steak | 375g,$22.00,https://www.coles.com.au/product/coles-finest-carbon-neutral-beef-scotch-fillet-steak-375g-4994787
2210208,Coles Deli Thawed Cooked Peeled Prawn Cutlets | approx 250g,$7.25,https://www.coles.com.au/product/coles-deli-thawed-cooked-peeled-prawn-cutlets-approx.-250g-2210208
2292337,Coles Made Easy Chicken Puff Pastry Parcels With Parmesan & ... 350g,$8.00,https://www.coles.com.au/product/coles-made-easy-chicken-puff-pastry-parcels-with-parmesan-and-garlic-350g-2292337
5990056,Coles Graze Lamb Leg Steak With Thyme And Black Pepper Bu ... 270g,$8.50,https://www.coles.com.au/product/coles-graze-lamb-leg-steak-with-thyme-and-black-pepper-butter-270g-5990056
3048182,Coles Deli RSPCA Approved Chicken Nibbles Chilli Sriracha | ... approx 500g,$4.50,https://www.coles.com.au/product/coles-deli-rspca-approved-chicken-nibbles-chilli-sriracha-approx.-500g-each-3048182
2598520,Cleaver's Organic Beef Sausages | 450g,$10.50,https://www.coles.com.au/product/cleaver's-organic-beef-sausages-450g-2598520
3050945,Cleaver's Beef Hotdog Grass Fed Organic Gluten Free | 275g,$10.50,https://www.coles.com.au/product/cleaver's-beef-hotdog-grass-fed-organic-gluten-free-275g-3050945
5471773,Coles RSPCA Approved Chicken Kebabs With Sticky BBQ Rub | 750g,$12.00,https://www.coles.com.au/product/coles-rspca-approved-chicken-kebabs-with-sticky-bbq-rub-750g-5471773
3941898,Coles Graze Lamb Backstrap | approx 300g,$14.40,https://www.coles.com.au/product/coles-graze-lamb-backstrap-approx.-300g-3941898
5987969,Coles Lamb Leg Steak With Greek Style Marinade | 210g,$7.50,https://www.coles.com.au/product/coles-lamb-leg-steak-with-greek-style-marinade-210g-5987969
1833566,Steggles Turkey Rissoles | 400g,$8.50,https://www.coles.com.au/product/steggles-turkey-rissoles-400g-1833566
3862689,Steggles Turkey Breast Mince | 400g,$10.00,https://www.coles.com.au/product/steggles-turkey-breast-mince-400g-3862689
1165866,Coles RSPCA Approved Chicken Boneless Roast With Apricot & He ... 1kg,$12.50,https://www.coles.com.au/product/coles-rspca-approved-chicken-boneless-roast-with-apricot-and-herb-stuffing-1kg-1165866
2902700,Coles Pork Slow Cook Scotch Roast | approx 1.5kg,$19.50,https://www.coles.com.au/product/coles-pork-slow-cook-scotch-roast-approx.-1.5kg-2902700
6332262,Coles Graze Grassfed Beef Chuck Casserole | 600g,$13.00,https://www.coles.com.au/product/coles-graze-grassfed-beef-chuck-casserole-600g-6332262
1176308,Coles Lean Salt Reduced Beef Corned Silverside | approx 1kg,$14.00,https://www.coles.com.au/product/coles-lean-salt-reduced-beef-corned-silverside-approx.-1kg-1176308
2610341,Tibaldi Authentic Ham Off The Bone | 500g,$14.00,https://www.coles.com.au/product/tibaldi-authentic-ham-off-the-bone-500g-2610341
5176004,Coles Beef Tender Blade Roast | approx 1kg,$16.00,https://www.coles.com.au/product/coles-beef-tender-blade-roast-approx.-1kg-5176004
7876936,Coles Grill Lamb Ribs In A Sticky BBQ Rub | 750g,$16.50,https://www.coles.com.au/product/coles-grill-lamb-ribs-in-a-sticky-bbq-rub-750g-7876936
8749311,Drovers Choice No Added Hormone Beef Blade St ... approx 1.2kg,$21.60,https://www.coles.com.au/product/drovers-choice-no-added-hormone-beef-blade-steak-approx.-1.2kg-8749311
5629539,Coles Beef Porterhouse Thin Cut | 440g,$19.00,https://www.coles.com.au/product/coles-beef-porterhouse-thin-cut-440g-5629539
7326786,Cleaver's Beef Stir Fry Free Range Organic                                                                                                 | approx 500g,$17.75,https://www.coles.com.au/product/cleaver's-beef-stir-fry-free-range-organic-approx.-500g-pack-7326786
5992630,Coles Finest Lamb Backstrap | approx 226g,$11.98,https://www.coles.com.au/product/coles-finest-lamb-backstrap-approx.-226g-5992630
5175908,British Welsh Recipe Pork And Leek Sausages | 500g,$8.50,https://www.coles.com.au/product/british-welsh-recipe-pork-and-leek-sausages-500g-5175908
2903860,Coles Rspca Approved Chicken Breast Kiev Creamy Garlic | 350g,$9.50,https://www.coles.com.au/product/coles-rspca-approved-chicken-breast-kiev-creamy-garlic-350g-2903860
3966436,Coles Made Easy Slow Cooked Pork Riblets With Smokey BBQ Glaze ... 760g,$15.00,https://www.coles.com.au/product/coles-made-easy-slow-cooked-pork-riblets-with-smokey-bbq-glaze-760g-3966436
4256753,Coles No Added Hormone Beef Butterflied Texan BBQ | ... approx 800g,$16.00,https://www.coles.com.au/product/coles-no-added-hormone-beef-butterflied-texan-bbq-approx.-800g-4256753
6764926,Coles Lamb Leg Butterflied With Rosemary ... approx 1kg,$24.00,https://www.coles.com.au/product/coles-lamb-leg-butterflied-with-rosemary-and-garlic-marinade-approx.-1kg-6764926
2210591,Coles Deli Thawed Cooked Peeled Prawn Cutlets | 1kg,$29.00,https://www.coles.com.au/product/coles-deli-thawed-cooked-peeled-prawn-cutlets-1kg-2210591
3512814,Coles Thawed Half Shell Scallops Large | 1 each,$2.40,https://www.coles.com.au/product/coles-thawed-half-shell-scallops-large-1-each-3512814
3034960,Coles Beef Chevaps | 400g,$6.50,https://www.coles.com.au/product/coles-beef-chevaps-400g-3034960
3478320,Coles Crumbed Pork Schnitzel Herb Crumb | 240g,$7.00,https://www.coles.com.au/product/coles-crumbed-pork-schnitzel-herb-crumb-240g-3478320
3768352,Primo Gourmet Caramelised Onion Pork Sausage | 450g,$8.50,https://www.coles.com.au/product/primo-gourmet-caramelised-onion-pork-sausage-450g-3768352
3870778,Coles Pork Loin Steaks With Smokey BBQ Rub | 400g,$9.00,https://www.coles.com.au/product/coles-pork-loin-steaks-with-smokey-bbq-rub-400g-3870778
4209866,Coles Finest Meatballs | 500g,$9.00,https://www.coles.com.au/product/coles-finest-meatballs-500g-4209866
1331513,Inglewood Farms Free Range Organic Chicken Drumstic ... approx 420g,$4.62,https://www.coles.com.au/product/inglewood-farms-free-range-organic-chicken-drumsticks-approx.-420g-each-1331513
9242869,Cleaver's Organic Mini Meatball | 380g,$11.00,https://www.coles.com.au/product/cleaver's-organic-mini-meatball-380g-9242869
6028603,British Sausage Co. Beef Eater Sausage | 1kg,$12.00,https://www.coles.com.au/product/british-sausage-co.-beef-eater-sausage-1kg-6028603
1213277,Coles Made Easy Bacon Wrapped Chicken Parcels With Pu ... 600g,$13.00,https://www.coles.com.au/product/coles-made-easy-bacon-wrapped-chicken-parcels-with-pumpkin-spinach-and-fetta-stuffing-600g-1213277
3640224,Coles Deli RSPCA Approved Chicken Tenderloi ... approx 180g,$2.97,https://www.coles.com.au/product/coles-deli-rspca-approved-chicken-tenderloins-thai-approx.-180g-3640224
5132632,Coles Finest Hot & Spicy Beef Burgers 2 Pack | 300g,$7.50,https://www.coles.com.au/product/coles-finest-hot-and-spicy-beef-burgers-2-pack-300g-5132632
3139084,British Sausage Co Lincolnshire Sausages | 500g,$8.50,https://www.coles.com.au/product/british-sausage-co-lincolnshire-sausages-500g-3139084
4469313,Primo Gourmet World Flavours South African Boerewors | 450g,$8.50,https://www.coles.com.au/product/primo-gourmet-world-flavours-south-african-boerewors-450g-4469313
5014523,Regal New Zealand King Salmon Manuka Wood Smoked Slices | 100g,$9.00,https://www.coles.com.au/product/regal-new-zealand-king-salmon-manuka-wood-smoked-slices-100g-5014523
6414673,Coles Pork & Fennel Meatballs | 420g,$9.00,https://www.coles.com.au/product/coles-pork-and-fennel-meatballs-420g-6414673
2285375,Coles Made Easy Slow Cooked Pork Shoulder With Apple & BBQ Sauce ... 480g,$10.00,https://www.coles.com.au/product/coles-made-easy-slow-cooked-pork-shoulder-with-apple-and-bbq-sauce-480g-2285375
3966210,Coles Made Easy Slow Cooked Pork & Beef Meatballs In Tom ... 800g,$10.00,https://www.coles.com.au/product/coles-made-easy-slow-cooked-pork-and-beef-meatballs-in-tomato-sauce-800g-3966210
3269410,Coles BBQ Pack | 1kg,$11.00,https://www.coles.com.au/product/coles-bbq-pack-1kg-3269410
2023110,K-Roo Kangaroo Diced | 500g,$11.50,https://www.coles.com.au/product/k-roo-kangaroo-diced-500g-2023110
3258593,Coles Made Easy Moroccan Lamb Filo Rolls With Fetta ... 400g,$12.00,https://www.coles.com.au/product/coles-made-easy-moroccan-lamb-filo-rolls-with-fetta-and-pumpkin-400g-3258593
4472748,Coles Made Easy Chicken Breasts Filled With Garlic & Her ... 500g,$12.00,https://www.coles.com.au/product/coles-made-easy-chicken-breasts-filled-with-garlic-and-herb-butter-topped-with-a-cheese-crumb-500g-4472748
2024393,Coles Graze Grassfed Beef Diced Steak | 500g,$14.00,https://www.coles.com.au/product/coles-graze-grassfed-beef-diced-steak-500g-2024393
4256902,Coles Beef Roast & Onion Garlic & Red Wine Rub | approx 1.2kg,$20.40,https://www.coles.com.au/product/coles-beef-roast-and-onion-garlic-and-red-wine-rub-approx.-1.2kg-4256902
5936593,Coles Deli Thawed Squid Tubes | approx 250g,$5.38,https://www.coles.com.au/product/coles-deli-thawed-squid-tubes-approx.-250g-5936593
8116406,Coles Deli Fresh Tasmanian Salmon Portions Chilli & Lime | ... approx 250g,$9.00,https://www.coles.com.au/product/coles-deli-fresh-tasmanian-salmon-portions-chilli-and-lime-approx.-250g-8116406
3293620,Coles No Added Hormone Beef Rib Eye Steak | approx 383g,$14.94,https://www.coles.com.au/product/coles-no-added-hormone-beef-rib-eye-steak-approx.-383g-3293620
5916202,Coles RSPCA Approved Honey And Soy Chicken Stir Fry | 350g,$7.00,https://www.coles.com.au/product/coles-rspca-approved-honey-and-soy-chicken-stir-fry-350g-5916202
5917500,Coles RSPCA Approved Chicken Drumstick Fillets With Sweet Chilli | ... 500g,$7.50,https://www.coles.com.au/product/coles-rspca-approved-chicken-drumstick-fillets-with-sweet-chilli-500g-5917500
4469277,Three Aussie Farmers Classic Aussie Banger Beef & Pork Saus ... 450g,$8.00,https://www.coles.com.au/product/three-aussie-farmers-classic-aussie-banger-beef-and-pork-sausage-450g-4469277
4470040,Small Batch Angus Beef And Ale Red Caramelised Oni ... 450g,$8.00,https://www.coles.com.au/product/small-batch-angus-beef-and-ale-red-caramelised-onion-premium-sausages-450g-4470040
4470061,Small Batch Free Range Sticky Pork And Garlic Premium Sausag ... 450g,$8.00,https://www.coles.com.au/product/small-batch-free-range-sticky-pork-and-garlic-premium-sausages-450g-4470061
5915695,Coles RSPCA Approved Half Split Chicken With Lemon & Herb Marinade ... 700g,$8.50,https://www.coles.com.au/product/coles-rspca-approved-half-split-chicken-with-lemon-and-herb-marinade-700g-5915695
2724737,Coles Made Easy Beef Puff Pastry Parcels In Red Wine Sauce | 350g,$9.00,https://www.coles.com.au/product/coles-made-easy-beef-puff-pastry-parcels-in-red-wine-sauce-350g-2724737
5928507,Coles Finest Pork Sage And Black Pepper Sausages | 500g,$9.00,https://www.coles.com.au/product/coles-finest-pork-sage-and-black-pepper-sausages-500g-5928507
2984104,Coles Deli Thawed Prawn Skewers Garlic | 5 pack,$9.50,https://www.coles.com.au/product/coles-deli-thawed-prawn-skewers-garlic-5-pack-2984104
2865240,Moira Mac's Turkey Breast Portion  | 500g,$11.00,https://www.coles.com.au/product/moira-mac's-turkey-breast-portion-500g-2865240
6391487,Mainstream Tropical North Queensland Barramundi Port ... 260g,$14.00,https://www.coles.com.au/product/mainstream-tropical-north-queensland-barramundi-portions-260g-6391487
4465968,Coles Lamb Boneless Leg Roast Small | approx 490g,$11.27,https://www.coles.com.au/product/coles-lamb-boneless-leg-roast-small-approx.-490g-4465968
5697561,Coles Pork Scotch Steaks With Hoisin | 300g,$7.00,https://www.coles.com.au/product/coles-pork-scotch-steaks-with-hoisin-300g-5697561
2951397,Coles Graze Grassfed Beef Sausages | 500g,$8.00,https://www.coles.com.au/product/coles-graze-grassfed-beef-sausages-500g-2951397
4750352,Richmond Valley Veal Mince | 400g,$8.00,https://www.coles.com.au/product/richmond-valley-veal-mince-400g-4750352
5886407,Coles Pork Belly Slices With Asian BBQ Glaze | 200g,$8.00,https://www.coles.com.au/product/coles-pork-belly-slices-with-asian-bbq-glaze-200g-5886407
3156505,Coles Made Easy Slow Cooked Boneless Pork Shank With Cara ... 750g,$10.00,https://www.coles.com.au/product/coles-made-easy-slow-cooked-boneless-pork-shank-with-caramel-and-apple-sauce-750g-3156505
6390510,KB's Seafood Thawed Barramundi Portions | 260g,$10.00,https://www.coles.com.au/product/kb's-seafood-thawed-barramundi-portions-260g-6390510
6390542,KB's Seafood Marinated Basa Fillet | 260g,$10.00,https://www.coles.com.au/product/kb's-seafood-marinated-basa-fillet-260g-6390542
3567259,Coles Made Easy Prosciutto Wrapped Chicken Breasts ... 450g,$12.00,https://www.coles.com.au/product/coles-made-easy-prosciutto-wrapped-chicken-breasts-with-parmigiana-stuffing-450g-3567259
4995203,Coles Finest Carb Neutral Beef Rump Medallions | 380g,$16.00,https://www.coles.com.au/product/coles-finest-carb-neutral-beef-rump-medallions-380g-4995203
4256538,Coles No Added Hormone Beef Brisket Point End Large Piece | ... approx 1.75kg,$26.25,https://www.coles.com.au/product/coles-no-added-hormone-beef-brisket-point-end-large-piece-approx.-1.75kg-4256538
2850731,Ocean Blue Surimi Sea Sticks | 150g,$4.00,https://www.coles.com.au/product/ocean-blue-surimi-sea-sticks-150g-2850731
2062155,Coles No Added Hormone Beef Bones | approx 950g,$6.65,https://www.coles.com.au/product/coles-no-added-hormone-beef-bones-approx.-950g-2062155
5703620,Coles Chicken Mozzarella And Rocket Sausages | 450g,$8.00,https://www.coles.com.au/product/coles-chicken-mozzarella-and-rocket-sausages-450g-5703620
6435120,Coles Pork Stir Fry With Honey Soy | 300g,$8.00,https://www.coles.com.au/product/coles-pork-stir-fry-with-honey-soy-300g-6435120
3477360,Tassal Hot Smoked Salmon Cracked Peppercorn | 150g,$10.50,https://www.coles.com.au/product/tassal-hot-smoked-salmon-cracked-peppercorn-150g-3477360
5175817,British Family Pack Thin Pork Sausages | 1kg,$12.00,https://www.coles.com.au/product/british-family-pack-thin-pork-sausages-1kg-5175817
6432915,The Fishery Easy Peel Banana Prawns | 200g,$12.00,https://www.coles.com.au/product/the-fishery-easy-peel-banana-prawns-200g-6432915
3777513,Coles Tasmanian Salmon Portions Marinated With Garlic & ... 325g,$13.00,https://www.coles.com.au/product/coles-tasmanian-salmon-portions-marinated-with-garlic-and-herb-crumb-325g-3777513
2311191,Coles Beef Roast With Mustard And Black Pepper | approx 900g,$15.30,https://www.coles.com.au/product/coles-beef-roast-with-mustard-and-black-pepper-approx.-900g-2311191
4994970,Coles Finest Carbon Neutral Beef Porterhouse Ste ... 370g,$19.00,https://www.coles.com.au/product/coles-finest-carbon-neutral-beef-porterhouse-steak-370g-4994970
4256695,Coles No Added Hormone Beef Short Rib Fingers | approx 930g,$21.86,https://www.coles.com.au/product/coles-no-added-hormone-beef-short-rib-fingers-approx.-930g-4256695
2591860,Drovers Choice No Added Hormone Beef Porterho ... approx 780g,$19.50,https://www.coles.com.au/product/drovers-choice-no-added-hormone-beef-porterhouse-steak-approx.-780g-2591860
3899099,Ocean King Ocean King Anchovies Fillets | 80g,$4.30,https://www.coles.com.au/product/ocean-king-ocean-king-anchovies-fillets-80g-3899099
5886429,Coles Pork Scotch Steak With Rosemary & Honey Butter | 280g,$7.50,https://www.coles.com.au/product/coles-pork-scotch-steak-with-rosemary-and-honey-butter-280g-5886429
6432926,The Fishery Smooth Dory Fillets | 200g,$7.50,https://www.coles.com.au/product/the-fishery-smooth-dory-fillets-200g-6432926
6434987,Coles Lamb Leg Steak With Mint & Rosemary | 210g,$7.50,https://www.coles.com.au/product/coles-lamb-leg-steak-with-mint-and-rosemary-210g-6434987
3901690,Three Aussie Farmers Louisiana Pork Sausage | 450g,$8.00,https://www.coles.com.au/product/three-aussie-farmers-louisiana-pork-sausage-450g-3901690
6400861,Coles Tasmanian Salmon Portion Skin | 200g,$8.00,https://www.coles.com.au/product/coles-tasmanian-salmon-portion-skin-200g-6400861
3477892,Tassal Hot Smoked Salmon Natural | 150g,$10.50,https://www.coles.com.au/product/tassal-hot-smoked-salmon-natural-150g-3477892
4465039,Coles Organic Beef Mince | 500g,$12.00,https://www.coles.com.au/product/coles-organic-beef-mince-500g-4465039
6513799,Tassal Salmon Tenders | 280g,$12.00,https://www.coles.com.au/product/tassal-salmon-tenders-280g-6513799
9007723,K-Roo Kangaroo Mince | 1kg,$14.00,https://www.coles.com.au/product/k-roo-kangaroo-mince-1kg-9007723
5552274,Lilydale Butterflied Boneless Chicken Jamacian Jerk | approx ... approx 1.35kg,$20.25,https://www.coles.com.au/product/lilydale-butterflied-boneless-chicken-jamacian-jerk-approx.-1.35kg-5552274
5041107,Drovers Choice Beef Chunky Casserole Steaks | approx 1kg,$18.00,https://www.coles.com.au/product/drovers-choice-beef-chunky-casserole-steaks-approx.-1kg-5041107
4671450,Lilydale Free Range Chicken Stir Fry Large Pack | approx 1.2kg,$19.80,https://www.coles.com.au/product/lilydale-free-range-chicken-stir-fry-large-pack-approx.-1.2kg-4671450
5471026,Coles Lamb Boneless Marinated Shoulder With Gree ... approx 1kg,$20.00,https://www.coles.com.au/product/coles-lamb-boneless-marinated-shoulder-with-greek-style-rub-approx.-1kg-5471026
3035409,Coles Pork Cutlets | approx 500g,$10.50,https://www.coles.com.au/product/coles-pork-cutlets-approx.-500g-pack-3035409
9233507,K-Roo Kangaroo Steak | approx 520g,$13.00,https://www.coles.com.au/product/k-roo-kangaroo-steak-approx.-520g-9233507
3492728,Coles No Added Hormone Beef Cheeks | approx 500g,$13.50,https://www.coles.com.au/product/coles-no-added-hormone-beef-cheeks-approx.-500g-3492728
3582547,Coles No Added Hormone Beef Tomahaw ... approx 900g,$36.00,https://www.coles.com.au/product/coles-no-added-hormone-beef-tomahawk-steak-approx.-900g-3582547
2984046,Coles Deli Thawed Prawn Skewers Garlic | 1 each,$1.90,https://www.coles.com.au/product/coles-deli-thawed-prawn-skewers-garlic-1-each-2984046
2728057,Coles Beef Rissoles | 440g,$6.50,https://www.coles.com.au/product/coles-beef-rissoles-440g-2728057
3899340,Ocean King Black Lumpfish Caviar | 50g,$6.50,https://www.coles.com.au/product/ocean-king-black-lumpfish-caviar-50g-3899340
5708497,Impossible Burgers | 227g,$7.60,https://www.coles.com.au/product/impossible-burgers-227g-5708497
2865273,Moira Mac's BBQ Oven Roasted Chicken Breast | 350g,$8.10,https://www.coles.com.au/product/moira-mac's-bbq-oven-roasted-chicken-breast-350g-2865273
3766437,Coles Slow Cooked Pulled Beef | 250g,$8.30,https://www.coles.com.au/product/coles-slow-cooked-pulled-beef-250g-3766437
1200231,K-Roo Kanga Bangas | 500g,$8.50,https://www.coles.com.au/product/k-roo-kanga-bangas-500g-1200231
5528870,Coles Crumbed Fish Bites Salt & Pepper | 280g,$9.00,https://www.coles.com.au/product/coles-crumbed-fish-bites-salt-and-pepper-280g-5528870
5530216,Coles Crumbed Squid Salt & Pepper | 270g,$9.00,https://www.coles.com.au/product/coles-crumbed-squid-salt-and-pepper-270g-5530216
3292570,Coles No Added Hormone Beef Steak Crumbed | 340g,$9.80,https://www.coles.com.au/product/coles-no-added-hormone-beef-steak-crumbed-340g-3292570
3970070,Coles Made Easy Slow Cooked Boneless Pork Shank With Mexi ... 800g,$10.00,https://www.coles.com.au/product/coles-made-easy-slow-cooked-boneless-pork-shank-with-mexican-sauce-800g-3970070
3305591,Cleaver's Organic Chicken Nuggets | 300g,$10.50,https://www.coles.com.au/product/cleaver's-organic-chicken-nuggets-300g-3305591
6561805,Huon Premium Cold Smoked Salmon | 100g,$10.50,https://www.coles.com.au/product/huon-premium-cold-smoked-salmon-100g-6561805
5472696,Coles RSPCA Approved Chicken Kebas With Thai Rub | 750g,$12.00,https://www.coles.com.au/product/coles-rspca-approved-chicken-kebas-with-thai-rub-750g-5472696
4312184,Inglewood Organic Chicken Strips Plain | 500g,$12.50,https://www.coles.com.au/product/inglewood-organic-chicken-strips-plain-500g-4312184
5551963,Lilydale Free Range Chicken Kebab Katsu Curry | 750g,$15.00,https://www.coles.com.au/product/lilydale-free-range-chicken-kebab-katsu-curry-750g-5551963
7327440,Cleaver's Beef Eye Fillet Steak 1-2 Pieces | approx 375g,$25.31,https://www.coles.com.au/product/cleaver's-beef-eye-fillet-steak-1-2-pieces-approx.-375g-pack-7327440
5990431,Coles Graze Lamb Boneless Shoulder Roast With Mountain Pepper- ... approx 800g,$21.60,https://www.coles.com.au/product/coles-graze-lamb-boneless-shoulder-roast-with-mountain-pepper-murray-river-salt-and-lemon-myrtle-approx.-800g-5990431
3304431,Coles Lamb Mint & Rosemary Rump Steak | approx 400g,$12.00,https://www.coles.com.au/product/coles-lamb-mint-and-rosemary-rump-steak-approx.-400g-each-3304431
1331502,Inglewood Farms Organic Chicken Thigh Fillets Skin Off | approx ... approx 450g,$14.18,https://www.coles.com.au/product/inglewood-farms-organic-chicken-thigh-fillets-skin-off-approx.-450g-pack-1331502
7327869,Cleaver's Beef Rump Steak Free Range Organic                                                                                               | approx 300g,$13.20,https://www.coles.com.au/product/cleaver's-beef-rump-steak-free-range-organic-approx.-300g-7327869
7327789,Cleaver's Beef Scotch Steak Free Range Organic 1 Piece                                                                                     | approx ... approx 400g,$24.80,https://www.coles.com.au/product/cleaver's-beef-scotch-steak-free-range-organic-1-piece-approx.-400g-pack-7327789
8698141,Olga's Fine Foods Chicken Patties | 500g,$6.30,https://www.coles.com.au/product/olga's-fine-foods-chicken-patties-500g-8698141
6435083,Coles Creamy Chicken Mushroom Puff Pastry Parcel | 300g,$7.00,https://www.coles.com.au/product/coles-creamy-chicken-mushroom-puff-pastry-parcel-300g-6435083
4320535,Coles Australian Beef Brisket Schnitzel With Golden Crumb 2 ... 320g,$8.00,https://www.coles.com.au/product/coles-australian-beef-brisket-schnitzel-with-golden-crumb-2pack-320g-4320535
2865262,Moira Mac's Original Oven Roasted Chicken Breast                                                                                 | 350g,$8.10,https://www.coles.com.au/product/moira-mac's-original-oven-roasted-chicken-breast-350g-2865262
3854807,Fremantle Marinated Octopus Original | 250g,$11.75,https://www.coles.com.au/product/fremantle-marinated-octopus-original-250g-3854807
5009534,Tassal Tasmanian Smoked Salmon Premium Selecti ... 180g,$15.50,https://www.coles.com.au/product/tassal-tasmanian-smoked-salmon-premium-selection-180g-5009534
3156538,Coles Made Easy Slow Cooked Beef Ragu In Tomato Sauce | 750g,$17.00,https://www.coles.com.au/product/coles-made-easy-slow-cooked-beef-ragu-in-tomato-sauce-750g-3156538
4677536,Norfolk Bay Wood Smoked Mussels Garlic | 120g,$7.50,https://www.coles.com.au/product/norfolk-bay-wood-smoked-mussels-garlic-120g-4677536
6139218,Coles Free Range Pork Loin Medallions | 300g,$8.00,https://www.coles.com.au/product/coles-free-range-pork-loin-medallions-300g-6139218
6390520,KB's Seafood Marinated Barramundi Fillet | 260g,$10.00,https://www.coles.com.au/product/kb's-seafood-marinated-barramundi-fillet-260g-6390520
6390553,KB's Seafood Imported Raw Marinated Prawns | 260g,$10.00,https://www.coles.com.au/product/kb's-seafood-imported-raw-marinated-prawns-260g-6390553
3325920,Beyond Burger Plant Based Burger Patties | 226g,$11.00,https://www.coles.com.au/product/beyond-burger-plant-based-burger-patties-226g-3325920
4226990,Coles Free Range RSPCA Approved Chicken Schnitzel Herb A ... 400g,$11.00,https://www.coles.com.au/product/coles-free-range-rspca-approved-chicken-schnitzel-herb-and-garlic-400g-4226990
5493415,Coles RPSCA Approved Chicken King Kebab With Middle Eastern Rub ... 800g,$12.00,https://www.coles.com.au/product/coles-rpsca-approved-chicken-king-kebab-with-middle-eastern-rub-800g-5493415
3870439,Coles Pork Loin Chops With Sweet And Smokey Crumb | approx 500g,$12.50,https://www.coles.com.au/product/coles-pork-loin-chops-with-sweet-and-smokey-crumb-approx.-500g-3870439
5049743,Coles Free Range RSPCA Approved Chicken Boneless Lime And Mint ... approx 1kg,$14.00,https://www.coles.com.au/product/coles-free-range-rspca-approved-chicken-boneless-lime-and-mint-approx.-1kg-5049743
2724475,Coles Made Easy Slow Cooked Pork Ribs With Char Siu Sauce | 750g,$16.00,https://www.coles.com.au/product/coles-made-easy-slow-cooked-pork-ribs-with-char-siu-sauce-750g-2724475
3873437,Coles Tasmanian Cold Smoked Salmon | 500g,$22.50,https://www.coles.com.au/product/coles-tasmanian-cold-smoked-salmon-500g-3873437
8728050,Coles Beechwood Smoked Boneless Loin Ham Port ... approx 700g,$15.75,https://www.coles.com.au/product/coles-beechwood-smoked-boneless-loin-ham-portion-approx.-700g-8728050
3580745,Coles Lamb Shoulder Butterflied With Spiced Marinade | approx 800g,$19.20,https://www.coles.com.au/product/coles-lamb-shoulder-butterflied-with-spiced-marinade-approx.-800g-3580745
3336008,Drovers Choice No Added Hormone Beef Scotch Fi ... approx 850g,$25.50,https://www.coles.com.au/product/drovers-choice-no-added-hormone-beef-scotch-fillet-approx.-850g-3336008
1331477,Inglewood Farms Free Range Organic Chicken Breast Fil ... approx 488g,$15.37,https://www.coles.com.au/product/inglewood-farms-free-range-organic-chicken-breast-fillets-skin-off-approx.-488g-each-1331477
3916234,Coles Lamb Rump Roast | approx 500g,$16.25,https://www.coles.com.au/product/coles-lamb-rump-roast-approx.-500g-3916234
3942711,Coles Graze Lamb Fillet | approx 300g,$15.60,https://www.coles.com.au/product/coles-graze-lamb-fillet-approx.-300g-3942711
3661960,Ocean Blue Mini Blinis | 168g,$4.90,https://www.coles.com.au/product/ocean-blue-mini-blinis-168g-3661960
3740003,Herb & Sons Meat Free Chicken-Free Sweet Chilli Tenders | 300g,$6.50,https://www.coles.com.au/product/herb-and-sons-meat-free-chicken-free-sweet-chilli-tenders-300g-3740003
5986922,Coles BUTCHER HAM STEAKS | 375g,$6.50,https://www.coles.com.au/product/coles-butcher-ham-steaks-375g-5986922
2686693,Coles Deli Thawed Australian Cooked Black Tiger Prawns Extra Large ... approx 250g,$7.00,https://www.coles.com.au/product/coles-deli-thawed-australian-cooked-black-tiger-prawns-extra-large-approx.-250g-2686693
4501427,Coles Lamb Leg Steak With Middle Eastern Rub 2 Pack | 210g,$7.50,https://www.coles.com.au/product/coles-lamb-leg-steak-with-middle-eastern-rub-2-pack-210g-4501427
3766346,Coles Slow Cooked Pulled Pork | 250g,$7.80,https://www.coles.com.au/product/coles-slow-cooked-pulled-pork-250g-3766346
4884155,V2 Schnitzel Original Plant Based 2 Pack | 300g,$8.00,https://www.coles.com.au/product/v2-schnitzel-original-plant-based-2-pack-300g-4884155
5708362,V2 Popcorn Bites Southern Style Plant Based | 300g,$8.00,https://www.coles.com.au/product/v2-popcorn-bites-southern-style-plant-based-300g-5708362
4490524,Coles Pork Kiev With Katsu Sauce | 440g,$9.00,https://www.coles.com.au/product/coles-pork-kiev-with-katsu-sauce-440g-4490524
5832180,Goulburn River Hot Smoked Rainbow Trout | 300g,$11.40,https://www.coles.com.au/product/goulburn-river-hot-smoked-rainbow-trout-300g-5832180
3489508,Cleaver's Beef Lasagne Organic & Free Range | 600g,$12.00,https://www.coles.com.au/product/cleaver's-beef-lasagne-organic-and-free-range-600g-3489508
5175340,Aquna Murray Cod Portions Skin On 2 Pack | 200g,$13.00,https://www.coles.com.au/product/aquna-murray-cod-portions-skin-on-2-pack-200g-5175340
3266489,Beak & Sons Hickory BBQ Pork Ribs | 650g,$14.50,https://www.coles.com.au/product/beak-and-sons-hickory-bbq-pork-ribs-650g-3266489
4996603,Coles Finest Carbon Neutral Beef Slow Cook Chuck Ro ... approx 800g,$17.60,https://www.coles.com.au/product/coles-finest-carbon-neutral-beef-slow-cook-chuck-roast-approx.-800g-4996603
4465980,Coles Lamb Shoulder Butterflied With Smokey Marinade | approx 800g,$19.20,https://www.coles.com.au/product/coles-lamb-shoulder-butterflied-with-smokey-marinade-approx.-800g-4465980
2871877,Coles Deli Thawed Australian Cooked Black Tiger Prawns Medium | ... approx 250g,$6.25,https://www.coles.com.au/product/coles-deli-thawed-australian-cooked-black-tiger-prawns-medium-approx.-250g-2871877
4209800,Unreal Co Chick'N Chive Sausages | 350g,$6.30,https://www.coles.com.au/product/unreal-co-chick'n-chive-sausages-350g-4209800
6435108,Coles Beef & Potato Puff Pastry Parcel | 300g,$7.00,https://www.coles.com.au/product/coles-beef-and-potato-puff-pastry-parcel-300g-6435108
5032467,Talley's Mussels Natural | 375g,$8.00,https://www.coles.com.au/product/talley's-mussels-natural-375g-5032467
5932209,Coles RSPCA Approved Chicken & Cheese Burgers | 450g,$8.50,https://www.coles.com.au/product/coles-rspca-approved-chicken-and-cheese-burgers-450g-5932209
8450565,K-Roo Kangaroo Burgers | 440g,$8.50,https://www.coles.com.au/product/k-roo-kangaroo-burgers-440g-8450565
3567623,Coles Made Easy Slow Cooked Pork Belly Slices In Tonkatsu Sauce | 400g,$12.00,https://www.coles.com.au/product/coles-made-easy-slow-cooked-pork-belly-slices-in-tonkatsu-sauce-400g-3567623
3693843,Coles Graze Lamb Leg Roast Half | approx 1.8kg,$28.80,https://www.coles.com.au/product/coles-graze-lamb-leg-roast-half-approx.-1.8kg-each-3693843
5989851,Coles Boneless Shoulder With Sweet Mint And Rosemary | approx 800g,$16.00,https://www.coles.com.au/product/coles-boneless-shoulder-with-sweet-mint-and-rosemary-approx.-800g-5989851
4465990,Coles Lamb Crumbed Cutlets With Herbed Crumb 4 ... approx 450g,$17.55,https://www.coles.com.au/product/coles-lamb-crumbed-cutlets-with-herbed-crumb-4-pack-approx.-450g-4465990
2865295,Bertocchi Kaiser Fleisch Portions | approx 625g,$13.12,https://www.coles.com.au/product/bertocchi-kaiser-fleisch-portions-approx.-625g-2865295
2741270,Coles Free Range Pork Loin Chops | approx 400g,$8.80,https://www.coles.com.au/product/coles-free-range-pork-loin-chops-approx.-400g-2741270
5623419,Coles Beef Picanha Rump Cap With Chimichu ... approx 300g,$10.50,https://www.coles.com.au/product/coles-beef-picanha-rump-cap-with-chimichurri-approx.-300g-5623419
5993575,Coles Finest Lamb Mini Rump Roast | approx 418g,$14.63,https://www.coles.com.au/product/coles-finest-lamb-mini-rump-roast-approx.-418g-5993575
3634855,Coles Deli Thawed MSC Raw Aussie Oz Garlic Prawn Skewers | 1 each,$2.80,https://www.coles.com.au/product/coles-deli-thawed-msc-raw-aussie-oz-garlic-prawn-skewers-1-each-3634855
3569232,Coles Thin BBQ Pork Sausages | 560g,$6.50,https://www.coles.com.au/product/coles-thin-bbq-pork-sausages-560g-3569232
5747069,Inglewood Organic Honey Soy Chicken Nibbles | 350g,$6.50,https://www.coles.com.au/product/inglewood-organic-honey-soy-chicken-nibbles-350g-5747069
9274297,Coles Lamb Meat Bones | approx 1.1kg,$7.70,https://www.coles.com.au/product/coles-lamb-meat-bones-approx.-1.1kg-9274297
5708238,V2 Mince Plant Based | 400g,$7.50,https://www.coles.com.au/product/v2-mince-plant-based-400g-5708238
9596067,Talley's Mussels Garlic | 375g,$8.00,https://www.coles.com.au/product/talley's-mussels-garlic-375g-9596067
3766415,Coles Slow Cooked Pulled Chicken | 250g,$8.30,https://www.coles.com.au/product/coles-slow-cooked-pulled-chicken-250g-3766415
5708420,V2 Sausage Spicy Spanish Plant Based 6 Pack | 390g,$9.50,https://www.coles.com.au/product/v2-sausage-spicy-spanish-plant-based-6-pack-390g-5708420
3771700,K-Roo Kangaroo Sizzle Steak | 400g,$10.50,https://www.coles.com.au/product/k-roo-kangaroo-sizzle-steak-400g-3771700
6147657,Huon Salmon To Go Deli Bites Blackened Spice | 250g,$11.50,https://www.coles.com.au/product/huon-salmon-to-go-deli-bites-blackened-spice-250g-6147657
3349713,Luv A Duck Fresh Duck Breast Fillets | 380g,$15.30,https://www.coles.com.au/product/luv-a-duck-fresh-duck-breast-fillets-380g-3349713
4288487,Coles Made Easy Slow Cooked Pork Belly | approx 750g,$16.50,https://www.coles.com.au/product/coles-made-easy-slow-cooked-pork-belly-approx.-750g-4288487
2799871,Coles Made Easy Slow Cooked Beef Brisket With American S ... 800g,$20.00,https://www.coles.com.au/product/coles-made-easy-slow-cooked-beef-brisket-with-american-style-bbq-sauce-800g-2799871
3608899,Coles Lamb Leg Butterflied With Pomegr ... approx 1.2Kg,$28.80,https://www.coles.com.au/product/coles-lamb-leg-butterflied-with-pomegranate-and-rosemary-approx.-1.2kg-3608899
5128191,Coles Finest Australian Lamb Shanks With Massaman Curry | 1 each,$24.00,https://www.coles.com.au/product/coles-finest-australian-lamb-shanks-with-massaman-curry-1-each-5128191
5990497,Coles Graze Lamb Mini Shoulder Roast 2 pack | approx700g,$17.50,https://www.coles.com.au/product/coles-graze-lamb-mini-shoulder-roast-2-pack-approx.700g-5990497
9264409,Coles Lamb Rack Roast | approx 900g,$27.00,https://www.coles.com.au/product/coles-lamb-rack-roast-approx.-900g-9264409
3693810,Coles Graze Lamb Shoulder Roast Boneless | approx 530g,$15.90,https://www.coles.com.au/product/coles-graze-lamb-shoulder-roast-boneless-approx.-530g-3693810
1200130,Wild Oz Venison Steak | approx 400g,$15.20,https://www.coles.com.au/product/wild-oz-venison-steak-approx.-400g-pack-1200130
3472436,Coles Pork Bones Smoked | 500g,$6.50,https://www.coles.com.au/product/coles-pork-bones-smoked-500g-3472436
3899135,Ocean King Bismarck Herring | 500g,$7.20,https://www.coles.com.au/product/ocean-king-bismarck-herring-500g-3899135
3951520,Norfolk Bay Wood Smoked Mussels Natural | 120g,$7.50,https://www.coles.com.au/product/norfolk-bay-wood-smoked-mussels-natural-120g-3951520
6434954,Coles Lamb Loin Chops With Greek Style Marinade | 220g,$7.50,https://www.coles.com.au/product/coles-lamb-loin-chops-with-greek-style-marinade-220g-6434954
3770627,Three Aussie Farmers Farmhouse Style Pork Sausages | 450g,$8.00,https://www.coles.com.au/product/three-aussie-farmers-farmhouse-style-pork-sausages-450g-3770627
3912335,V2 Burger Plant Based 4 Pack | 452g,$9.00,https://www.coles.com.au/product/v2-burger-plant-based-4-pack-452g-3912335
5579328,Tassal Tasmanian Smoked Salmon Twin Pack | 100g,$10.00,https://www.coles.com.au/product/tassal-tasmanian-smoked-salmon-twin-pack-100g-5579328
2904830,Coles Made Easy Slow Cooked Lamb Shoulder With Greek Inspi ... 550g,$13.00,https://www.coles.com.au/product/coles-made-easy-slow-cooked-lamb-shoulder-with-greek-inspired-sauce-550g-2904830
4492133,Coles Butterflied Pork Shoulder With Lemon & Herb | approx 800g,$11.20,https://www.coles.com.au/product/coles-butterflied-pork-shoulder-with-lemon-and-herb-approx.-800g-4492133
2739891,K-Roo Kangaroo Fillet | 400g,$15.80,https://www.coles.com.au/product/k-roo-kangaroo-fillet-400g-2739891
3594091,Coles Beechwood Smoked Boneless Leg Ham Portion | 800g,$16.00,https://www.coles.com.au/product/coles-beechwood-smoked-boneless-leg-ham-portion-800g-3594091
3838800,Coles Lamb Leg Butterflied | approx 1.1kg,$22.00,https://www.coles.com.au/product/coles-lamb-leg-butterflied-approx.-1.1kg-3838800
4204396,Coles Ready To Roast Porchetta With Fennel & Orange ... approx 1.1kg,$22.00,https://www.coles.com.au/product/coles-ready-to-roast-porchetta-with-fennel-and-orange-seasoning-approx.-1.1kg-4204396
2591870,Drovers Choice No Added Hormone Beef Rump S ... approx 1.05kg,$23.10,https://www.coles.com.au/product/drovers-choice-no-added-hormone-beef-rump-steak-approx.-1.05kg-2591870
5993644,Coles Finest Lamb Scotch Fillet | approx 343g,$15.44,https://www.coles.com.au/product/coles-finest-lamb-scotch-fillet-approx.-343g-5993644
5993270,Coles Finest Lamb Tenderloins | approx 200g,$11.00,https://www.coles.com.au/product/coles-finest-lamb-tenderloins-approx.-200g-5993270
7327632,Cleaver's Beef Porterhouse Steak Organic                                                                                                   | approx 350g,$21.00,https://www.coles.com.au/product/cleaver's-beef-porterhouse-steak-organic-approx.-350g-pack-7327632
5227070,Coles RSPCA Approved Garlic And Herb Chicken Schnitzel | 200g,$5.00,https://www.coles.com.au/product/coles-rspca-approved-garlic-and-herb-chicken-schnitzel-200g-5227070
3570606,Herb & Sons Beef-Free Mince | 400g,$7.50,https://www.coles.com.au/product/herb-and-sons-beef-free-mince-400g-3570606
3571063,Herb & Sons Chicken-Free Schnitzel | 300g,$8.00,https://www.coles.com.au/product/herb-and-sons-chicken-free-schnitzel-300g-3571063
4884166,V2 Tenders Southern Style Plant Based 6 Pack | 300g,$8.00,https://www.coles.com.au/product/v2-tenders-southern-style-plant-based-6-pack-300g-4884166
5708249,V2 Mince Chicken Style Plant Based | 400g,$8.00,https://www.coles.com.au/product/v2-mince-chicken-style-plant-based-400g-5708249
9596089,Talley's Mussels Chilli | 375g,$8.00,https://www.coles.com.au/product/talley's-mussels-chilli-375g-9596089
2391532,K-Roo Gourmet Kangaroo Meatballs | 420g,$8.50,https://www.coles.com.au/product/k-roo-gourmet-kangaroo-meatballs-420g-2391532
6320605,Coles Deli Thawed Prawn Skewers Chilli & Lime | 5 pack,$9.50,https://www.coles.com.au/product/coles-deli-thawed-prawn-skewers-chilli-and-lime-5-pack-6320605
3767316,Coles One Pot Beef Madras | 500g,$11.00,https://www.coles.com.au/product/coles-one-pot-beef-madras-500g-3767316
2741907,Coles Free Range Pork Shoulder Roast Boneless | approx 1.8kg,$21.60,https://www.coles.com.au/product/coles-free-range-pork-shoulder-roast-boneless-approx.-1.8kg-each-2741907
3024300,Ocean Blue Premium Blue Swimmer Crab Meat | 140g,$12.00,https://www.coles.com.au/product/ocean-blue-premium-blue-swimmer-crab-meat-140g-3024300
2741871,Coles Free Range Pork Leg Roast Boneless | approx 1.8kg,$23.40,https://www.coles.com.au/product/coles-free-range-pork-leg-roast-boneless-approx.-1.8kg-2741871
5471365,Coles Lamb Short Ribs With Sweet & Sticky BBQ Marinade | 750g,$15.00,https://www.coles.com.au/product/coles-lamb-short-ribs-with-sweet-and-sticky-bbq-marinade-750g-5471365
6105817,Bertocchi Authentic Boneless Leg Ham         | approx 1Kg,$16.10,https://www.coles.com.au/product/bertocchi-authentic-boneless-leg-ham-approx.-1kg-each-6105817
8968155,K-Roo Kangaroo Herb and Garlic Marinated Steak | approx 520g,$13.00,https://www.coles.com.au/product/k-roo-kangaroo-herb-and-garlic-marinated-steak-approx.-520g-8968155
2741485,Coles Free Range Pork Fillet | approx 500g,$17.50,https://www.coles.com.au/product/coles-free-range-pork-fillet-approx.-500g-2741485
8752892,Coles Veal Fillet Whole                                                                                                               | approx 390g,$18.33,https://www.coles.com.au/product/coles-veal-fillet-whole-approx.-390g-pack-8752892
5708293,V2 Burger Thai Chilli and Lime Plant Based 2 Pack | 226g,$8.00,https://www.coles.com.au/product/v2-burger-thai-chilli-and-lime-plant-based-2-pack-226g-5708293
6435072,Coles Chicken Diced In Laksa Marinade | 300g,$8.00,https://www.coles.com.au/product/coles-chicken-diced-in-laksa-marinade-300g-6435072
5708410,V2 Sausage Classic British Plant Based | 390g,$9.50,https://www.coles.com.au/product/v2-sausage-classic-british-plant-based-390g-5708410
5708431,V2 Sausage Garlic & Herb Plant Based | 390g,$9.50,https://www.coles.com.au/product/v2-sausage-garlic-and-herb-plant-based-390g-5708431
3902954,Norfolk Bay Wood Smoked Prawns Natural | 120g,$10.50,https://www.coles.com.au/product/norfolk-bay-wood-smoked-prawns-natural-120g-3902954
5128522,Coles Made Easy Australian Beef In Onion Gravy | 500g,$13.00,https://www.coles.com.au/product/coles-made-easy-australian-beef-in-onion-gravy-500g-5128522
5176591,Coles Graze Grassfed Blade Roast | approx 1.4kg,$25.20,https://www.coles.com.au/product/coles-graze-grassfed-blade-roast-approx.-1.4kg-5176591
4470811,Coles Made Easy Slow Cooked Beef Brisket | 800g,$22.00,https://www.coles.com.au/product/coles-made-easy-slow-cooked-beef-brisket-800g-4470811
3234824,Coles Deli RSPCA Approved Chicken Garlic Kyiv | 1 each,$3.00,https://www.coles.com.au/product/coles-deli-rspca-approved-chicken-garlic-kyiv-1-each-3234824
3912368,Next Plant Based Chicken Chunks Original | 250g,$8.00,https://www.coles.com.au/product/next-plant-based-chicken-chunks-original-250g-3912368
3571085,Herb & Sons Chicken-Free Nuggets | 400g,$9.00,https://www.coles.com.au/product/herb-and-sons-chicken-free-nuggets-400g-3571085
4677558,Regal New Zealand King Salmon Beech Wood Smoked Slices | 100g,$9.00,https://www.coles.com.au/product/regal-new-zealand-king-salmon-beech-wood-smoked-slices-100g-4677558
8729336,Coles Beechwood Smoked Picnic Ham | approx 3.1kg,$29.45,https://www.coles.com.au/product/coles-beechwood-smoked-picnic-ham-approx.-3.1kg-8729336
5259688,Coles Pork Belly With Salt And Pepper | 350g,$10.00,https://www.coles.com.au/product/coles-pork-belly-with-salt-and-pepper-350g-5259688
3771980,K-Roo Kangaroo Herb And Garlic Kebab | 360g,$10.50,https://www.coles.com.au/product/k-roo-kangaroo-herb-and-garlic-kebab-360g-3771980
5498496,Coles Organic Beef Rump Steak | 400g,$15.00,https://www.coles.com.au/product/coles-organic-beef-rump-steak-400g-5498496
5498419,Coles Organic Beef Scotch Fillet | 300g,$17.00,https://www.coles.com.au/product/coles-organic-beef-scotch-fillet-300g-5498419
4209753,Sunfed Boar Free Bacon Premium Hickory | 120g,$6.50,https://www.coles.com.au/product/sunfed-boar-free-bacon-premium-hickory-120g-4209753
3570763,Herb & Sons Beef Free Sausages | 450g,$8.50,https://www.coles.com.au/product/herb-and-sons-beef-free-sausages-450g-3570763
4226231,Sunfed Bull Free Beef Raw Prime Mince | 350g,$9.00,https://www.coles.com.au/product/sunfed-bull-free-beef-raw-prime-mince-350g-4226231
3505422,Sunfed Chicken Free Chicken Wild Meaty Chunks | 300g,$11.00,https://www.coles.com.au/product/sunfed-chicken-free-chicken-wild-meaty-chunks-300g-3505422
8729212,Coles Beechwood Smoked Leg Ham Portion | approx 2.5kg,$31.25,https://www.coles.com.au/product/coles-beechwood-smoked-leg-ham-portion-approx.-2.5kg-8729212
4996589,Coles Finest Carbon Neutral Beef Blade Roast | approx 800g,$18.40,https://www.coles.com.au/product/coles-finest-carbon-neutral-beef-blade-roast-approx.-800g-4996589
3764919,Coles Pork Loin Roast With Herbs & Spices | approx 700g,$16.80,https://www.coles.com.au/product/coles-pork-loin-roast-with-herbs-and-spices-approx.-700g-each-3764919
4270823,Coles Beechwood Smoked Pork Speck Portion B ... approx 650g,$17.55,https://www.coles.com.au/product/coles-beechwood-smoked-pork-speck-portion-boneless-approx.-650g-4270823
6619789,Cleaver's Lamb Butterfly Leg Roast Gluten Free Organic & ... approx 1kg,$36.50,https://www.coles.com.au/product/cleaver's-lamb-butterfly-leg-roast-gluten-free-organic-and-free-range-oregano-and-mint-approx.-1kg-pack-6619789
5629561,Coles Carb Neutral Beef Rib Eye Roast | approx 1.3kg,$52.00,https://www.coles.com.au/product/coles-carb-neutral-beef-rib-eye-roast-approx.-1.3kg-5629561
6320638,Coles Deli Thawed Prawn Skewers Chili & Lime | 1 each,$1.90,https://www.coles.com.au/product/coles-deli-thawed-prawn-skewers-chili-and-lime-1-each-6320638
3767190,Coles One Pot Beef Bourguignon | 500g,$11.00,https://www.coles.com.au/product/coles-one-pot-beef-bourguignon-500g-3767190
3767247,Coles One Pot Beef Mexican | 500g,$11.00,https://www.coles.com.au/product/coles-one-pot-beef-mexican-500g-3767247
5498420,Coles Organic Beef Porterhouse Steak | 300g,$16.00,https://www.coles.com.au/product/coles-organic-beef-porterhouse-steak-300g-5498420
5588646,Steggles Turkey Breast Roast | 1kg,$18.00,https://www.coles.com.au/product/steggles-turkey-breast-roast-1kg-5588646
3166258,Coles Beef Mini Rump Roast No Added Hormone                                               | approx 700g,$21.70,https://www.coles.com.au/product/coles-beef-mini-rump-roast-no-added-hormone-approx.-700g-3166258
1829139,Cleaver's Lamb Loin Organic & Free Range Boneless                                                                                         | approx 260g,$14.82,https://www.coles.com.au/product/cleaver's-lamb-loin-organic-and-free-range-boneless-approx.-260g-pack-1829139
2984115,Coles Deli Thawed Prawn Skewers Sweet Chilli | 5 pack,$9.50,https://www.coles.com.au/product/coles-deli-thawed-prawn-skewers-sweet-chilli-5-pack-2984115
5708442,V2 Sausage Sage & Thyme Plant Based 6 Pack | 390g,$9.50,https://www.coles.com.au/product/v2-sausage-sage-and-thyme-plant-based-6-pack-390g-5708442
6795883,Drovers Choice Bulk Corned Silverside | approx 3.2kg,$32.00,https://www.coles.com.au/product/drovers-choice-bulk-corned-silverside-approx.-3.2kg-6795883
3766506,Coles Made Easy Chicken Parmigiana | 450g,$11.00,https://www.coles.com.au/product/coles-made-easy-chicken-parmigiana-450g-3766506
2679847,Always Fresh French Duck Fat Spread | 200g,$12.00,https://www.coles.com.au/product/always-fresh-french-duck-fat-spread-200g-2679847
7730781,Bertocchi Yearling Corned Beef | approx667g,$13.34,https://www.coles.com.au/product/bertocchi-yearling-corned-beef-approx.667g-7730781
4470800,Coles Made Easy Slow Cooked Lamb Shoulder In Tando ... approx 800g,$19.20,https://www.coles.com.au/product/coles-made-easy-slow-cooked-lamb-shoulder-in-tandoori-sauce-approx.-800g-4470800
2819447,Richmond Valley Veal Scotch Fillet Steak | aprox. 270g,$13.77,https://www.coles.com.au/product/richmond-valley-veal-scotch-fillet-steak-aprox.-270g-2819447
3232750,Coles Ham Hock Meat | 500g,$10.00,https://www.coles.com.au/product/coles-ham-hock-meat-500g-3232750
1499781,Huon Premium Tasmanian Wood Roasted Salmon ... 150g,$12.00,https://www.coles.com.au/product/huon-premium-tasmanian-wood-roasted-salmon-blackened-spice-150g-1499781
4165396,KB's Deli Thawed MSC WA Cooked Rock Lobster | 1 each,$27.00,https://www.coles.com.au/product/kb's-deli-thawed-msc-wa-cooked-rock-lobster-1-each-4165396
4724884,K-Roo Kangaroo Medallions | approx 450g,$18.90,https://www.coles.com.au/product/k-roo-kangaroo-medallions-approx.-450g-4724884
2903940,Coles RSPCA Approved Chicken Burgers Plain Crumb | 400g,$6.50,https://www.coles.com.au/product/coles-rspca-approved-chicken-burgers-plain-crumb-400g-2903940
3292321,Coles Lamb Bones | approx 1kg,$7.00,https://www.coles.com.au/product/coles-lamb-bones-approx.-1kg-3292321
4762500,Coles Whole Pork Leg Easy Carve Roast | approx 5kg,$55.00,https://www.coles.com.au/product/coles-whole-pork-leg-easy-carve-roast-approx.-5kg-4762500
6147748,Pacific West Cooked Barramundi Natural With Virgin Olive ... 170g,$11.50,https://www.coles.com.au/product/pacific-west-cooked-barramundi-natural-with-virgin-olive-oil-170g-6147748
6147839,Pacific West Cooked Barramundi With Crushed Herbs & Garlic | ... 170g,$11.50,https://www.coles.com.au/product/pacific-west-cooked-barramundi-with-crushed-herbs-and-garlic-170g-6147839
5529873,The Fishery Australian Saddletail Snapper Portions | 260g,$12.00,https://www.coles.com.au/product/the-fishery-australian-saddletail-snapper-portions-260g-5529873
1498596,Coles Deli Thawed Australian Cooked Black Tiger Pra ... approx250g,$9.75,https://www.coles.com.au/product/coles-deli-thawed-australian-cooked-black-tiger-prawns-jumbo-approx.250g-1498596
2399476,Coles Deli Thawed Basa Fillet 5Kg | 1 each,$55.00,https://www.coles.com.au/product/coles-deli-thawed-basa-fillet-5kg-1-each-2399476
4803506,Petuna Deli Fresh Salmon Portions Skin On Tray | 2.5kg,$82.50,https://www.coles.com.au/product/petuna-deli-fresh-salmon-portions-skin-on-tray-2.5kg-4803506
3162053,Coles Deli Frozen Australian Cooked Black Tiger Prawns Extra Large ... 1 each,$84.00,https://www.coles.com.au/product/coles-deli-frozen-australian-cooked-black-tiger-prawns-extra-large-3kg-1-each-3162053
